
/tmp/dkgv/libggml-cpu.so.q4kON.clangrepack:     file format elf64-littleriscv


Disassembly of section .plt:

Disassembly of section .text:

000000000009b1e0 <tcrv_emitc_ggml_repack_gemv_q4_K_q8_K_kernel_ggml_repack_gemv_q4_K_q8_K>:
   9b1e0:	00475813          	srl	a6,a4,0x4
   9b1e4:	00081463          	bnez	a6,9b1ec <tcrv_emitc_ggml_repack_gemv_q4_K_q8_K_kernel_ggml_repack_gemv_q4_K_q8_K+0xc>
   9b1e8:	3e20206f          	j	9d5ca <tcrv_emitc_ggml_repack_gemv_q4_K_q8_K_kernel_ggml_repack_gemv_q4_K_q8_K+0x23ea>
   9b1ec:	715d                	add	sp,sp,-80
   9b1ee:	e4a2                	sd	s0,72(sp)
   9b1f0:	e0a6                	sd	s1,64(sp)
   9b1f2:	fc4a                	sd	s2,56(sp)
   9b1f4:	f84e                	sd	s3,48(sp)
   9b1f6:	f452                	sd	s4,40(sp)
   9b1f8:	c2202773          	csrr	a4,vlenb
   9b1fc:	47b9                	li	a5,14
   9b1fe:	02f70733          	mul	a4,a4,a5
   9b202:	40e10133          	sub	sp,sp,a4
   9b206:	cd147057          	vsetivli	zero,8,e32,m2,ta,ma
   9b20a:	0ff00713          	li	a4,255
   9b20e:	5e003457          	vmv.v.i	v8,0
   9b212:	00a76f63          	bltu	a4,a0,9b230 <tcrv_emitc_ggml_repack_gemv_q4_K_q8_K_kernel_ggml_repack_gemv_q4_K_q8_K+0x50>
   9b216:	0205e427          	vse32.v	v8,(a1)
   9b21a:	02058513          	add	a0,a1,32
   9b21e:	02056427          	vse32.v	v8,(a0)
   9b222:	187d                	add	a6,a6,-1
   9b224:	04058593          	add	a1,a1,64
   9b228:	fe0817e3          	bnez	a6,9b216 <tcrv_emitc_ggml_repack_gemv_q4_K_q8_K_kernel_ggml_repack_gemv_q4_K_q8_K+0x36>
   9b22c:	3860206f          	j	9d5b2 <tcrv_emitc_ggml_repack_gemv_q4_K_q8_K_kernel_ggml_repack_gemv_q4_K_q8_K+0x23d2>
   9b230:	4281                	li	t0,0
   9b232:	00855e13          	srl	t3,a0,0x8
   9b236:	43a5                	li	t2,9
   9b238:	03a2                	sll	t2,t2,0x8
   9b23a:	21ce68b3          	sh3add	a7,t3,t3
   9b23e:	08a2                	sll	a7,a7,0x8
   9b240:	5e003357          	vmv.v.i	v6,0
   9b244:	0c807057          	vsetvli	zero,zero,e16,m1,ta,ma
   9b248:	5e0032d7          	vmv.v.i	v5,0
   9b24c:	12400313          	li	t1,292
   9b250:	03000f13          	li	t5,48
   9b254:	fc000f93          	li	t6,-64
   9b258:	1008                	add	a0,sp,32
   9b25a:	22850427          	vs2r.v	v8,(a0)
   9b25e:	4901                	li	s2,0
   9b260:	02588eb3          	mul	t4,a7,t0
   9b264:	9eb2                	add	t4,t4,a2
   9b266:	9e80b757          	vmv2r.v	v14,v8
   9b26a:	9e80b557          	vmv2r.v	v10,v8
   9b26e:	c2202573          	csrr	a0,vlenb
   9b272:	20a54533          	sh2add	a0,a0,a0
   9b276:	950a                	add	a0,a0,sp
   9b278:	02050513          	add	a0,a0,32
   9b27c:	22850727          	vs2r.v	v14,(a0)
   9b280:	c2202573          	csrr	a0,vlenb
   9b284:	472d                	li	a4,11
   9b286:	02e50533          	mul	a0,a0,a4
   9b28a:	950a                	add	a0,a0,sp
   9b28c:	02050513          	add	a0,a0,32
   9b290:	22850527          	vs2r.v	v10,(a0)
   9b294:	027907b3          	mul	a5,s2,t2
   9b298:	00fe8a33          	add	s4,t4,a5
   9b29c:	02690733          	mul	a4,s2,t1
   9b2a0:	9736                	add	a4,a4,a3
   9b2a2:	00072787          	flw	fa5,0(a4)
   9b2a6:	020a0413          	add	s0,s4,32
   9b2aa:	0c807057          	vsetvli	zero,zero,e16,m1,ta,ma
   9b2ae:	02045407          	vle16.v	v8,(s0)
   9b2b2:	4a861557          	vfwcvt.f.f.v	v10,v8
   9b2b6:	0d107057          	vsetvli	zero,zero,e32,m2,ta,ma
   9b2ba:	030a0413          	add	s0,s4,48
   9b2be:	02045407          	vle16.v	v8,(s0)
   9b2c2:	92a7d557          	vfmul.vf	v10,v10,fa5
   9b2c6:	c2202573          	csrr	a0,vlenb
   9b2ca:	00351793          	sll	a5,a0,0x3
   9b2ce:	40a78533          	sub	a0,a5,a0
   9b2d2:	950a                	add	a0,a0,sp
   9b2d4:	02050513          	add	a0,a0,32
   9b2d8:	22850527          	vs2r.v	v10,(a0)
   9b2dc:	0c807057          	vsetvli	zero,zero,e16,m1,ta,ma
   9b2e0:	4a861557          	vfwcvt.f.f.v	v10,v8
   9b2e4:	0d107057          	vsetvli	zero,zero,e32,m2,ta,ma
   9b2e8:	92a7d457          	vfmul.vf	v8,v10,fa5
   9b2ec:	c2202573          	csrr	a0,vlenb
   9b2f0:	20a56533          	sh3add	a0,a0,a0
   9b2f4:	950a                	add	a0,a0,sp
   9b2f6:	02050513          	add	a0,a0,32
   9b2fa:	22850427          	vs2r.v	v8,(a0)
   9b2fe:	040a0413          	add	s0,s4,64
   9b302:	02040407          	vle8.v	v8,(s0)
   9b306:	0c0a0413          	add	s0,s4,192
   9b30a:	02040687          	vle8.v	v13,(s0)
   9b30e:	0c707057          	vsetvli	zero,zero,e8,mf2,ta,ma
   9b312:	2687b4d7          	vand.vi	v9,v8,15
   9b316:	a2823457          	vsrl.vi	v8,v8,4
   9b31a:	26d1b557          	vand.vi	v10,v13,3
   9b31e:	96a23557          	vsll.vi	v10,v10,4
   9b322:	26d635d7          	vand.vi	v11,v13,12
   9b326:	96b135d7          	vsll.vi	v11,v11,2
   9b32a:	2aa48557          	vor.vv	v10,v10,v9
   9b32e:	2ab405d7          	vor.vv	v11,v11,v8
   9b332:	0c807057          	vsetvli	zero,zero,e16,m1,ta,ma
   9b336:	4aa324d7          	vzext.vf2	v9,v10
   9b33a:	4ab32457          	vzext.vf2	v8,v11
   9b33e:	050a0413          	add	s0,s4,80
   9b342:	02040507          	vle8.v	v10,(s0)
   9b346:	0d0a0413          	add	s0,s4,208
   9b34a:	02040f87          	vle8.v	v31,(s0)
   9b34e:	0c707057          	vsetvli	zero,zero,e8,mf2,ta,ma
   9b352:	26a7b5d7          	vand.vi	v11,v10,15
   9b356:	a2a23557          	vsrl.vi	v10,v10,4
   9b35a:	27f1b657          	vand.vi	v12,v31,3
   9b35e:	96c23657          	vsll.vi	v12,v12,4
   9b362:	27f63957          	vand.vi	v18,v31,12
   9b366:	97213957          	vsll.vi	v18,v18,2
   9b36a:	2ac585d7          	vor.vv	v11,v12,v11
   9b36e:	2b250957          	vor.vv	v18,v18,v10
   9b372:	0c807057          	vsetvli	zero,zero,e16,m1,ta,ma
   9b376:	4ab32557          	vzext.vf2	v10,v11
   9b37a:	4b232657          	vzext.vf2	v12,v18
   9b37e:	060a0413          	add	s0,s4,96
   9b382:	02040587          	vle8.v	v11,(s0)
   9b386:	0e0a0413          	add	s0,s4,224
   9b38a:	02040007          	vle8.v	v0,(s0)
   9b38e:	0c707057          	vsetvli	zero,zero,e8,mf2,ta,ma
   9b392:	26b7b957          	vand.vi	v18,v11,15
   9b396:	a2b235d7          	vsrl.vi	v11,v11,4
   9b39a:	2601b9d7          	vand.vi	v19,v0,3
   9b39e:	973239d7          	vsll.vi	v19,v19,4
   9b3a2:	26063a57          	vand.vi	v20,v0,12
   9b3a6:	97413a57          	vsll.vi	v20,v20,2
   9b3aa:	2b390957          	vor.vv	v18,v19,v18
   9b3ae:	2b4585d7          	vor.vv	v11,v20,v11
   9b3b2:	0c807057          	vsetvli	zero,zero,e16,m1,ta,ma
   9b3b6:	4b232757          	vzext.vf2	v14,v18
   9b3ba:	c2202573          	csrr	a0,vlenb
   9b3be:	050a                	sll	a0,a0,0x2
   9b3c0:	950a                	add	a0,a0,sp
   9b3c2:	02050513          	add	a0,a0,32
   9b3c6:	02850727          	vs1r.v	v14,(a0)
   9b3ca:	4ab329d7          	vzext.vf2	v19,v11
   9b3ce:	070a0413          	add	s0,s4,112
   9b3d2:	02040587          	vle8.v	v11,(s0)
   9b3d6:	0f0a0413          	add	s0,s4,240
   9b3da:	02040107          	vle8.v	v2,(s0)
   9b3de:	0c707057          	vsetvli	zero,zero,e8,mf2,ta,ma
   9b3e2:	26b7b957          	vand.vi	v18,v11,15
   9b3e6:	a2b235d7          	vsrl.vi	v11,v11,4
   9b3ea:	2621ba57          	vand.vi	v20,v2,3
   9b3ee:	97423a57          	vsll.vi	v20,v20,4
   9b3f2:	26263ad7          	vand.vi	v21,v2,12
   9b3f6:	97513ad7          	vsll.vi	v21,v21,2
   9b3fa:	2b490957          	vor.vv	v18,v20,v18
   9b3fe:	2b5585d7          	vor.vv	v11,v21,v11
   9b402:	0c807057          	vsetvli	zero,zero,e16,m1,ta,ma
   9b406:	4b232757          	vzext.vf2	v14,v18
   9b40a:	c2202573          	csrr	a0,vlenb
   9b40e:	20a52533          	sh1add	a0,a0,a0
   9b412:	950a                	add	a0,a0,sp
   9b414:	02050513          	add	a0,a0,32
   9b418:	02850727          	vs1r.v	v14,(a0)
   9b41c:	4ab32a57          	vzext.vf2	v20,v11
   9b420:	048a0413          	add	s0,s4,72
   9b424:	02040587          	vle8.v	v11,(s0)
   9b428:	0c8a0413          	add	s0,s4,200
   9b42c:	02040187          	vle8.v	v3,(s0)
   9b430:	0c707057          	vsetvli	zero,zero,e8,mf2,ta,ma
   9b434:	26b7b957          	vand.vi	v18,v11,15
   9b438:	a2b235d7          	vsrl.vi	v11,v11,4
   9b43c:	2631bad7          	vand.vi	v21,v3,3
   9b440:	97523ad7          	vsll.vi	v21,v21,4
   9b444:	26363b57          	vand.vi	v22,v3,12
   9b448:	97613b57          	vsll.vi	v22,v22,2
   9b44c:	2b590957          	vor.vv	v18,v21,v18
   9b450:	2b658b57          	vor.vv	v22,v22,v11
   9b454:	0c807057          	vsetvli	zero,zero,e16,m1,ta,ma
   9b458:	4b2325d7          	vzext.vf2	v11,v18
   9b45c:	4b632ad7          	vzext.vf2	v21,v22
   9b460:	058a0413          	add	s0,s4,88
   9b464:	02040907          	vle8.v	v18,(s0)
   9b468:	0d8a0413          	add	s0,s4,216
   9b46c:	02040207          	vle8.v	v4,(s0)
   9b470:	0c707057          	vsetvli	zero,zero,e8,mf2,ta,ma
   9b474:	2727bb57          	vand.vi	v22,v18,15
   9b478:	a3223957          	vsrl.vi	v18,v18,4
   9b47c:	2641bbd7          	vand.vi	v23,v4,3
   9b480:	97723bd7          	vsll.vi	v23,v23,4
   9b484:	26463c57          	vand.vi	v24,v4,12
   9b488:	97813c57          	vsll.vi	v24,v24,2
   9b48c:	2b7b0b57          	vor.vv	v22,v23,v22
   9b490:	2b890bd7          	vor.vv	v23,v24,v18
   9b494:	0c807057          	vsetvli	zero,zero,e16,m1,ta,ma
   9b498:	4b632957          	vzext.vf2	v18,v22
   9b49c:	4b732d57          	vzext.vf2	v26,v23
   9b4a0:	068a0413          	add	s0,s4,104
   9b4a4:	02040b07          	vle8.v	v22,(s0)
   9b4a8:	0e8a0413          	add	s0,s4,232
   9b4ac:	02040087          	vle8.v	v1,(s0)
   9b4b0:	0c707057          	vsetvli	zero,zero,e8,mf2,ta,ma
   9b4b4:	2767bbd7          	vand.vi	v23,v22,15
   9b4b8:	a3623b57          	vsrl.vi	v22,v22,4
   9b4bc:	2611bc57          	vand.vi	v24,v1,3
   9b4c0:	97823c57          	vsll.vi	v24,v24,4
   9b4c4:	26163cd7          	vand.vi	v25,v1,12
   9b4c8:	97913cd7          	vsll.vi	v25,v25,2
   9b4cc:	2b8b8bd7          	vor.vv	v23,v24,v23
   9b4d0:	2b9b0b57          	vor.vv	v22,v25,v22
   9b4d4:	0c807057          	vsetvli	zero,zero,e16,m1,ta,ma
   9b4d8:	4b7327d7          	vzext.vf2	v15,v23
   9b4dc:	4b632dd7          	vzext.vf2	v27,v22
   9b4e0:	0f8a0413          	add	s0,s4,248
   9b4e4:	02040f07          	vle8.v	v30,(s0)
   9b4e8:	078a0413          	add	s0,s4,120
   9b4ec:	02040b07          	vle8.v	v22,(s0)
   9b4f0:	0c707057          	vsetvli	zero,zero,e8,mf2,ta,ma
   9b4f4:	27e1bbd7          	vand.vi	v23,v30,3
   9b4f8:	97723bd7          	vsll.vi	v23,v23,4
   9b4fc:	2767bc57          	vand.vi	v24,v22,15
   9b500:	2b7c0e57          	vor.vv	v28,v23,v24
   9b504:	a3623b57          	vsrl.vi	v22,v22,4
   9b508:	27e63bd7          	vand.vi	v23,v30,12
   9b50c:	97713bd7          	vsll.vi	v23,v23,2
   9b510:	2b7b0ed7          	vor.vv	v29,v23,v22
   9b514:	0c807057          	vsetvli	zero,zero,e16,m1,ta,ma
   9b518:	10471983          	lh	s3,260(a4)
   9b51c:	10671483          	lh	s1,262(a4)
   9b520:	10871503          	lh	a0,264(a4)
   9b524:	10a71403          	lh	s0,266(a4)
   9b528:	94ce                	add	s1,s1,s3
   9b52a:	9e60bc57          	vmv2r.v	v24,v6
   9b52e:	f684ec57          	vwmacc.vx	v24,s1,v8
   9b532:	9e60bb57          	vmv2r.v	v22,v6
   9b536:	f754eb57          	vwmacc.vx	v22,s1,v21
   9b53a:	9522                	add	a0,a0,s0
   9b53c:	f6c56c57          	vwmacc.vx	v24,a0,v12
   9b540:	f7a56b57          	vwmacc.vx	v22,a0,v26
   9b544:	4bc32457          	vzext.vf2	v8,v28
   9b548:	c2202573          	csrr	a0,vlenb
   9b54c:	0506                	sll	a0,a0,0x1
   9b54e:	950a                	add	a0,a0,sp
   9b550:	02050513          	add	a0,a0,32
   9b554:	02850427          	vs1r.v	v8,(a0)
   9b558:	10c71983          	lh	s3,268(a4)
   9b55c:	10e71403          	lh	s0,270(a4)
   9b560:	4bd32657          	vzext.vf2	v12,v29
   9b564:	11071483          	lh	s1,272(a4)
   9b568:	11271503          	lh	a0,274(a4)
   9b56c:	944e                	add	s0,s0,s3
   9b56e:	f7346c57          	vwmacc.vx	v24,s0,v19
   9b572:	f7b46b57          	vwmacc.vx	v22,s0,v27
   9b576:	9526                	add	a0,a0,s1
   9b578:	100a0413          	add	s0,s4,256
   9b57c:	02040987          	vle8.v	v19,(s0)
   9b580:	f7456c57          	vwmacc.vx	v24,a0,v20
   9b584:	f6c56b57          	vwmacc.vx	v22,a0,v12
   9b588:	0c707057          	vsetvli	zero,zero,e8,mf2,ta,ma
   9b58c:	2737ba57          	vand.vi	v20,v19,15
   9b590:	00474503          	lbu	a0,4(a4)
   9b594:	02474403          	lbu	s0,36(a4)
   9b598:	108a0493          	add	s1,s4,264
   9b59c:	02048a87          	vle8.v	v21,(s1)
   9b5a0:	a3323d57          	vsrl.vi	v26,v19,4
   9b5a4:	9e503657          	vmv1r.v	v12,v5
   9b5a8:	f7456657          	vwmacc.vx	v12,a0,v20
   9b5ac:	9e5039d7          	vmv1r.v	v19,v5
   9b5b0:	f7a469d7          	vwmacc.vx	v19,s0,v26
   9b5b4:	2757bd57          	vand.vi	v26,v21,15
   9b5b8:	9e503a57          	vmv1r.v	v20,v5
   9b5bc:	f7a56a57          	vwmacc.vx	v20,a0,v26
   9b5c0:	a3523d57          	vsrl.vi	v26,v21,4
   9b5c4:	9e503ad7          	vmv1r.v	v21,v5
   9b5c8:	f7a46ad7          	vwmacc.vx	v21,s0,v26
   9b5cc:	110a0513          	add	a0,s4,272
   9b5d0:	02050d07          	vle8.v	v26,(a0)
   9b5d4:	00574503          	lbu	a0,5(a4)
   9b5d8:	02574403          	lbu	s0,37(a4)
   9b5dc:	118a0493          	add	s1,s4,280
   9b5e0:	27a7bdd7          	vand.vi	v27,v26,15
   9b5e4:	02048e07          	vle8.v	v28,(s1)
   9b5e8:	f7b56657          	vwmacc.vx	v12,a0,v27
   9b5ec:	a3a23d57          	vsrl.vi	v26,v26,4
   9b5f0:	f7a469d7          	vwmacc.vx	v19,s0,v26
   9b5f4:	27c7bd57          	vand.vi	v26,v28,15
   9b5f8:	f7a56a57          	vwmacc.vx	v20,a0,v26
   9b5fc:	a3c23d57          	vsrl.vi	v26,v28,4
   9b600:	f7a46ad7          	vwmacc.vx	v21,s0,v26
   9b604:	120a0513          	add	a0,s4,288
   9b608:	02050d07          	vle8.v	v26,(a0)
   9b60c:	00674503          	lbu	a0,6(a4)
   9b610:	02674403          	lbu	s0,38(a4)
   9b614:	128a0493          	add	s1,s4,296
   9b618:	27a7bdd7          	vand.vi	v27,v26,15
   9b61c:	02048e07          	vle8.v	v28,(s1)
   9b620:	f7b56657          	vwmacc.vx	v12,a0,v27
   9b624:	a3a23d57          	vsrl.vi	v26,v26,4
   9b628:	f7a469d7          	vwmacc.vx	v19,s0,v26
   9b62c:	27c7bd57          	vand.vi	v26,v28,15
   9b630:	f7a56a57          	vwmacc.vx	v20,a0,v26
   9b634:	a3c23d57          	vsrl.vi	v26,v28,4
   9b638:	f7a46ad7          	vwmacc.vx	v21,s0,v26
   9b63c:	130a0513          	add	a0,s4,304
   9b640:	02050d07          	vle8.v	v26,(a0)
   9b644:	00774503          	lbu	a0,7(a4)
   9b648:	02774403          	lbu	s0,39(a4)
   9b64c:	138a0493          	add	s1,s4,312
   9b650:	27a7bdd7          	vand.vi	v27,v26,15
   9b654:	02048e07          	vle8.v	v28,(s1)
   9b658:	f7b56657          	vwmacc.vx	v12,a0,v27
   9b65c:	a3a23d57          	vsrl.vi	v26,v26,4
   9b660:	f7a469d7          	vwmacc.vx	v19,s0,v26
   9b664:	27c7bd57          	vand.vi	v26,v28,15
   9b668:	f7a56a57          	vwmacc.vx	v20,a0,v26
   9b66c:	a3c23d57          	vsrl.vi	v26,v28,4
   9b670:	f7a46ad7          	vwmacc.vx	v21,s0,v26
   9b674:	140a0513          	add	a0,s4,320
   9b678:	02050d07          	vle8.v	v26,(a0)
   9b67c:	00874503          	lbu	a0,8(a4)
   9b680:	02874403          	lbu	s0,40(a4)
   9b684:	148a0493          	add	s1,s4,328
   9b688:	27a7bdd7          	vand.vi	v27,v26,15
   9b68c:	02048e07          	vle8.v	v28,(s1)
   9b690:	f7b56657          	vwmacc.vx	v12,a0,v27
   9b694:	a3a23d57          	vsrl.vi	v26,v26,4
   9b698:	f7a469d7          	vwmacc.vx	v19,s0,v26
   9b69c:	27c7bd57          	vand.vi	v26,v28,15
   9b6a0:	f7a56a57          	vwmacc.vx	v20,a0,v26
   9b6a4:	a3c23d57          	vsrl.vi	v26,v28,4
   9b6a8:	f7a46ad7          	vwmacc.vx	v21,s0,v26
   9b6ac:	150a0513          	add	a0,s4,336
   9b6b0:	02050d07          	vle8.v	v26,(a0)
   9b6b4:	00974503          	lbu	a0,9(a4)
   9b6b8:	02974403          	lbu	s0,41(a4)
   9b6bc:	158a0493          	add	s1,s4,344
   9b6c0:	27a7bdd7          	vand.vi	v27,v26,15
   9b6c4:	02048e07          	vle8.v	v28,(s1)
   9b6c8:	f7b56657          	vwmacc.vx	v12,a0,v27
   9b6cc:	a3a23d57          	vsrl.vi	v26,v26,4
   9b6d0:	f7a469d7          	vwmacc.vx	v19,s0,v26
   9b6d4:	27c7bd57          	vand.vi	v26,v28,15
   9b6d8:	f7a56a57          	vwmacc.vx	v20,a0,v26
   9b6dc:	a3c23d57          	vsrl.vi	v26,v28,4
   9b6e0:	f7a46ad7          	vwmacc.vx	v21,s0,v26
   9b6e4:	160a0513          	add	a0,s4,352
   9b6e8:	02050d07          	vle8.v	v26,(a0)
   9b6ec:	00a74503          	lbu	a0,10(a4)
   9b6f0:	02a74403          	lbu	s0,42(a4)
   9b6f4:	168a0493          	add	s1,s4,360
   9b6f8:	27a7bdd7          	vand.vi	v27,v26,15
   9b6fc:	02048e07          	vle8.v	v28,(s1)
   9b700:	f7b56657          	vwmacc.vx	v12,a0,v27
   9b704:	a3a23d57          	vsrl.vi	v26,v26,4
   9b708:	f7a469d7          	vwmacc.vx	v19,s0,v26
   9b70c:	27c7bd57          	vand.vi	v26,v28,15
   9b710:	f7a56a57          	vwmacc.vx	v20,a0,v26
   9b714:	a3c23d57          	vsrl.vi	v26,v28,4
   9b718:	f7a46ad7          	vwmacc.vx	v21,s0,v26
   9b71c:	170a0513          	add	a0,s4,368
   9b720:	02050d07          	vle8.v	v26,(a0)
   9b724:	00b74503          	lbu	a0,11(a4)
   9b728:	02b74403          	lbu	s0,43(a4)
   9b72c:	178a0493          	add	s1,s4,376
   9b730:	27a7bdd7          	vand.vi	v27,v26,15
   9b734:	02048e07          	vle8.v	v28,(s1)
   9b738:	f7b56657          	vwmacc.vx	v12,a0,v27
   9b73c:	a3a23d57          	vsrl.vi	v26,v26,4
   9b740:	f7a469d7          	vwmacc.vx	v19,s0,v26
   9b744:	27c7bd57          	vand.vi	v26,v28,15
   9b748:	f7a56a57          	vwmacc.vx	v20,a0,v26
   9b74c:	a3c23d57          	vsrl.vi	v26,v28,4
   9b750:	f7a46ad7          	vwmacc.vx	v21,s0,v26
   9b754:	180a0513          	add	a0,s4,384
   9b758:	02050d07          	vle8.v	v26,(a0)
   9b75c:	00c74503          	lbu	a0,12(a4)
   9b760:	02c74403          	lbu	s0,44(a4)
   9b764:	188a0493          	add	s1,s4,392
   9b768:	27a7bdd7          	vand.vi	v27,v26,15
   9b76c:	02048e07          	vle8.v	v28,(s1)
   9b770:	f7b56657          	vwmacc.vx	v12,a0,v27
   9b774:	a3a23d57          	vsrl.vi	v26,v26,4
   9b778:	f7a469d7          	vwmacc.vx	v19,s0,v26
   9b77c:	27c7bd57          	vand.vi	v26,v28,15
   9b780:	f7a56a57          	vwmacc.vx	v20,a0,v26
   9b784:	a3c23d57          	vsrl.vi	v26,v28,4
   9b788:	f7a46ad7          	vwmacc.vx	v21,s0,v26
   9b78c:	190a0513          	add	a0,s4,400
   9b790:	02050d07          	vle8.v	v26,(a0)
   9b794:	00d74503          	lbu	a0,13(a4)
   9b798:	02d74403          	lbu	s0,45(a4)
   9b79c:	198a0493          	add	s1,s4,408
   9b7a0:	27a7bdd7          	vand.vi	v27,v26,15
   9b7a4:	02048e07          	vle8.v	v28,(s1)
   9b7a8:	f7b56657          	vwmacc.vx	v12,a0,v27
   9b7ac:	a3a23d57          	vsrl.vi	v26,v26,4
   9b7b0:	f7a469d7          	vwmacc.vx	v19,s0,v26
   9b7b4:	27c7bd57          	vand.vi	v26,v28,15
   9b7b8:	f7a56a57          	vwmacc.vx	v20,a0,v26
   9b7bc:	a3c23d57          	vsrl.vi	v26,v28,4
   9b7c0:	f7a46ad7          	vwmacc.vx	v21,s0,v26
   9b7c4:	1a0a0513          	add	a0,s4,416
   9b7c8:	02050d07          	vle8.v	v26,(a0)
   9b7cc:	00e74503          	lbu	a0,14(a4)
   9b7d0:	02e74403          	lbu	s0,46(a4)
   9b7d4:	1a8a0493          	add	s1,s4,424
   9b7d8:	27a7bdd7          	vand.vi	v27,v26,15
   9b7dc:	02048e07          	vle8.v	v28,(s1)
   9b7e0:	f7b56657          	vwmacc.vx	v12,a0,v27
   9b7e4:	a3a23d57          	vsrl.vi	v26,v26,4
   9b7e8:	f7a469d7          	vwmacc.vx	v19,s0,v26
   9b7ec:	27c7bd57          	vand.vi	v26,v28,15
   9b7f0:	f7a56a57          	vwmacc.vx	v20,a0,v26
   9b7f4:	a3c23d57          	vsrl.vi	v26,v28,4
   9b7f8:	f7a46ad7          	vwmacc.vx	v21,s0,v26
   9b7fc:	1b0a0513          	add	a0,s4,432
   9b800:	02050d07          	vle8.v	v26,(a0)
   9b804:	00f74503          	lbu	a0,15(a4)
   9b808:	02f74403          	lbu	s0,47(a4)
   9b80c:	1b8a0493          	add	s1,s4,440
   9b810:	27a7bdd7          	vand.vi	v27,v26,15
   9b814:	02048e07          	vle8.v	v28,(s1)
   9b818:	f7b56657          	vwmacc.vx	v12,a0,v27
   9b81c:	a3a23d57          	vsrl.vi	v26,v26,4
   9b820:	f7a469d7          	vwmacc.vx	v19,s0,v26
   9b824:	27c7bd57          	vand.vi	v26,v28,15
   9b828:	f7a56a57          	vwmacc.vx	v20,a0,v26
   9b82c:	a3c23d57          	vsrl.vi	v26,v28,4
   9b830:	f7a46ad7          	vwmacc.vx	v21,s0,v26
   9b834:	1c0a0513          	add	a0,s4,448
   9b838:	02050d07          	vle8.v	v26,(a0)
   9b83c:	01074503          	lbu	a0,16(a4)
   9b840:	03074403          	lbu	s0,48(a4)
   9b844:	1c8a0493          	add	s1,s4,456
   9b848:	27a7bdd7          	vand.vi	v27,v26,15
   9b84c:	02048e07          	vle8.v	v28,(s1)
   9b850:	f7b56657          	vwmacc.vx	v12,a0,v27
   9b854:	a3a23d57          	vsrl.vi	v26,v26,4
   9b858:	f7a469d7          	vwmacc.vx	v19,s0,v26
   9b85c:	27c7bd57          	vand.vi	v26,v28,15
   9b860:	f7a56a57          	vwmacc.vx	v20,a0,v26
   9b864:	a3c23d57          	vsrl.vi	v26,v28,4
   9b868:	f7a46ad7          	vwmacc.vx	v21,s0,v26
   9b86c:	1d0a0513          	add	a0,s4,464
   9b870:	02050d07          	vle8.v	v26,(a0)
   9b874:	01174503          	lbu	a0,17(a4)
   9b878:	03174403          	lbu	s0,49(a4)
   9b87c:	1d8a0493          	add	s1,s4,472
   9b880:	27a7bdd7          	vand.vi	v27,v26,15
   9b884:	02048e07          	vle8.v	v28,(s1)
   9b888:	f7b56657          	vwmacc.vx	v12,a0,v27
   9b88c:	a3a23d57          	vsrl.vi	v26,v26,4
   9b890:	f7a469d7          	vwmacc.vx	v19,s0,v26
   9b894:	27c7bd57          	vand.vi	v26,v28,15
   9b898:	f7a56a57          	vwmacc.vx	v20,a0,v26
   9b89c:	a3c23d57          	vsrl.vi	v26,v28,4
   9b8a0:	f7a46ad7          	vwmacc.vx	v21,s0,v26
   9b8a4:	1e0a0513          	add	a0,s4,480
   9b8a8:	02050d07          	vle8.v	v26,(a0)
   9b8ac:	01274503          	lbu	a0,18(a4)
   9b8b0:	03274403          	lbu	s0,50(a4)
   9b8b4:	1e8a0493          	add	s1,s4,488
   9b8b8:	27a7bdd7          	vand.vi	v27,v26,15
   9b8bc:	02048e07          	vle8.v	v28,(s1)
   9b8c0:	f7b56657          	vwmacc.vx	v12,a0,v27
   9b8c4:	a3a23d57          	vsrl.vi	v26,v26,4
   9b8c8:	f7a469d7          	vwmacc.vx	v19,s0,v26
   9b8cc:	27c7bd57          	vand.vi	v26,v28,15
   9b8d0:	f7a56a57          	vwmacc.vx	v20,a0,v26
   9b8d4:	a3c23d57          	vsrl.vi	v26,v28,4
   9b8d8:	f7a46ad7          	vwmacc.vx	v21,s0,v26
   9b8dc:	1f0a0513          	add	a0,s4,496
   9b8e0:	02050d07          	vle8.v	v26,(a0)
   9b8e4:	01374503          	lbu	a0,19(a4)
   9b8e8:	03374403          	lbu	s0,51(a4)
   9b8ec:	1f8a0493          	add	s1,s4,504
   9b8f0:	27a7bdd7          	vand.vi	v27,v26,15
   9b8f4:	02048e07          	vle8.v	v28,(s1)
   9b8f8:	f7b56657          	vwmacc.vx	v12,a0,v27
   9b8fc:	a3a23d57          	vsrl.vi	v26,v26,4
   9b900:	f7a469d7          	vwmacc.vx	v19,s0,v26
   9b904:	27c7bd57          	vand.vi	v26,v28,15
   9b908:	f7a56a57          	vwmacc.vx	v20,a0,v26
   9b90c:	a3c23d57          	vsrl.vi	v26,v28,4
   9b910:	f7a46ad7          	vwmacc.vx	v21,s0,v26
   9b914:	0c807057          	vsetvli	zero,zero,e16,m1,ta,ma
   9b918:	9e60be57          	vmv2r.v	v28,v6
   9b91c:	f6c4ae57          	vwmacc.vv	v28,v9,v12
   9b920:	f7352e57          	vwmacc.vv	v28,v10,v19
   9b924:	9e60bd57          	vmv2r.v	v26,v6
   9b928:	f745ad57          	vwmacc.vv	v26,v11,v20
   9b92c:	f7592d57          	vwmacc.vv	v26,v18,v21
   9b930:	200a0513          	add	a0,s4,512
   9b934:	02050987          	vle8.v	v19,(a0)
   9b938:	0c707057          	vsetvli	zero,zero,e8,mf2,ta,ma
   9b93c:	01474503          	lbu	a0,20(a4)
   9b940:	03474403          	lbu	s0,52(a4)
   9b944:	208a0493          	add	s1,s4,520
   9b948:	2737ba57          	vand.vi	v20,v19,15
   9b94c:	9e503657          	vmv1r.v	v12,v5
   9b950:	02048a87          	vle8.v	v21,(s1)
   9b954:	f7456657          	vwmacc.vx	v12,a0,v20
   9b958:	a33239d7          	vsrl.vi	v19,v19,4
   9b95c:	9e503a57          	vmv1r.v	v20,v5
   9b960:	f7346a57          	vwmacc.vx	v20,s0,v19
   9b964:	2757b457          	vand.vi	v8,v21,15
   9b968:	9e5039d7          	vmv1r.v	v19,v5
   9b96c:	f68569d7          	vwmacc.vx	v19,a0,v8
   9b970:	a3523457          	vsrl.vi	v8,v21,4
   9b974:	9e503ad7          	vmv1r.v	v21,v5
   9b978:	f6846ad7          	vwmacc.vx	v21,s0,v8
   9b97c:	210a0513          	add	a0,s4,528
   9b980:	02050407          	vle8.v	v8,(a0)
   9b984:	01574503          	lbu	a0,21(a4)
   9b988:	03574403          	lbu	s0,53(a4)
   9b98c:	218a0493          	add	s1,s4,536
   9b990:	2687b757          	vand.vi	v14,v8,15
   9b994:	9e60b857          	vmv2r.v	v16,v6
   9b998:	02048307          	vle8.v	v6,(s1)
   9b99c:	f6e56657          	vwmacc.vx	v12,a0,v14
   9b9a0:	a2823457          	vsrl.vi	v8,v8,4
   9b9a4:	f6846a57          	vwmacc.vx	v20,s0,v8
   9b9a8:	2667b457          	vand.vi	v8,v6,15
   9b9ac:	f68569d7          	vwmacc.vx	v19,a0,v8
   9b9b0:	a2623457          	vsrl.vi	v8,v6,4
   9b9b4:	f6846ad7          	vwmacc.vx	v21,s0,v8
   9b9b8:	220a0513          	add	a0,s4,544
   9b9bc:	02050407          	vle8.v	v8,(a0)
   9b9c0:	01674503          	lbu	a0,22(a4)
   9b9c4:	03674403          	lbu	s0,54(a4)
   9b9c8:	228a0493          	add	s1,s4,552
   9b9cc:	2687b757          	vand.vi	v14,v8,15
   9b9d0:	02048307          	vle8.v	v6,(s1)
   9b9d4:	f6e56657          	vwmacc.vx	v12,a0,v14
   9b9d8:	a2823457          	vsrl.vi	v8,v8,4
   9b9dc:	f6846a57          	vwmacc.vx	v20,s0,v8
   9b9e0:	2667b457          	vand.vi	v8,v6,15
   9b9e4:	f68569d7          	vwmacc.vx	v19,a0,v8
   9b9e8:	a2623457          	vsrl.vi	v8,v6,4
   9b9ec:	f6846ad7          	vwmacc.vx	v21,s0,v8
   9b9f0:	230a0513          	add	a0,s4,560
   9b9f4:	02050407          	vle8.v	v8,(a0)
   9b9f8:	01774503          	lbu	a0,23(a4)
   9b9fc:	03774403          	lbu	s0,55(a4)
   9ba00:	238a0493          	add	s1,s4,568
   9ba04:	2687b757          	vand.vi	v14,v8,15
   9ba08:	02048307          	vle8.v	v6,(s1)
   9ba0c:	f6e56657          	vwmacc.vx	v12,a0,v14
   9ba10:	a2823457          	vsrl.vi	v8,v8,4
   9ba14:	f6846a57          	vwmacc.vx	v20,s0,v8
   9ba18:	2667b457          	vand.vi	v8,v6,15
   9ba1c:	f68569d7          	vwmacc.vx	v19,a0,v8
   9ba20:	a2623457          	vsrl.vi	v8,v6,4
   9ba24:	f6846ad7          	vwmacc.vx	v21,s0,v8
   9ba28:	240a0513          	add	a0,s4,576
   9ba2c:	02050407          	vle8.v	v8,(a0)
   9ba30:	01874503          	lbu	a0,24(a4)
   9ba34:	03874403          	lbu	s0,56(a4)
   9ba38:	248a0493          	add	s1,s4,584
   9ba3c:	2687b757          	vand.vi	v14,v8,15
   9ba40:	02048307          	vle8.v	v6,(s1)
   9ba44:	f6e56657          	vwmacc.vx	v12,a0,v14
   9ba48:	a2823457          	vsrl.vi	v8,v8,4
   9ba4c:	f6846a57          	vwmacc.vx	v20,s0,v8
   9ba50:	2667b457          	vand.vi	v8,v6,15
   9ba54:	f68569d7          	vwmacc.vx	v19,a0,v8
   9ba58:	a2623457          	vsrl.vi	v8,v6,4
   9ba5c:	f6846ad7          	vwmacc.vx	v21,s0,v8
   9ba60:	250a0513          	add	a0,s4,592
   9ba64:	02050407          	vle8.v	v8,(a0)
   9ba68:	01974503          	lbu	a0,25(a4)
   9ba6c:	03974403          	lbu	s0,57(a4)
   9ba70:	258a0493          	add	s1,s4,600
   9ba74:	2687b757          	vand.vi	v14,v8,15
   9ba78:	02048307          	vle8.v	v6,(s1)
   9ba7c:	f6e56657          	vwmacc.vx	v12,a0,v14
   9ba80:	a2823457          	vsrl.vi	v8,v8,4
   9ba84:	f6846a57          	vwmacc.vx	v20,s0,v8
   9ba88:	2667b457          	vand.vi	v8,v6,15
   9ba8c:	f68569d7          	vwmacc.vx	v19,a0,v8
   9ba90:	a2623457          	vsrl.vi	v8,v6,4
   9ba94:	f6846ad7          	vwmacc.vx	v21,s0,v8
   9ba98:	260a0513          	add	a0,s4,608
   9ba9c:	02050407          	vle8.v	v8,(a0)
   9baa0:	01a74503          	lbu	a0,26(a4)
   9baa4:	03a74403          	lbu	s0,58(a4)
   9baa8:	268a0493          	add	s1,s4,616
   9baac:	2687b757          	vand.vi	v14,v8,15
   9bab0:	02048307          	vle8.v	v6,(s1)
   9bab4:	f6e56657          	vwmacc.vx	v12,a0,v14
   9bab8:	a2823457          	vsrl.vi	v8,v8,4
   9babc:	f6846a57          	vwmacc.vx	v20,s0,v8
   9bac0:	2667b457          	vand.vi	v8,v6,15
   9bac4:	f68569d7          	vwmacc.vx	v19,a0,v8
   9bac8:	a2623457          	vsrl.vi	v8,v6,4
   9bacc:	f6846ad7          	vwmacc.vx	v21,s0,v8
   9bad0:	270a0513          	add	a0,s4,624
   9bad4:	02050407          	vle8.v	v8,(a0)
   9bad8:	01b74503          	lbu	a0,27(a4)
   9badc:	03b74403          	lbu	s0,59(a4)
   9bae0:	278a0493          	add	s1,s4,632
   9bae4:	2687b757          	vand.vi	v14,v8,15
   9bae8:	02048307          	vle8.v	v6,(s1)
   9baec:	f6e56657          	vwmacc.vx	v12,a0,v14
   9baf0:	a2823457          	vsrl.vi	v8,v8,4
   9baf4:	f6846a57          	vwmacc.vx	v20,s0,v8
   9baf8:	2667b457          	vand.vi	v8,v6,15
   9bafc:	f68569d7          	vwmacc.vx	v19,a0,v8
   9bb00:	a2623457          	vsrl.vi	v8,v6,4
   9bb04:	f6846ad7          	vwmacc.vx	v21,s0,v8
   9bb08:	280a0513          	add	a0,s4,640
   9bb0c:	02050407          	vle8.v	v8,(a0)
   9bb10:	01c74503          	lbu	a0,28(a4)
   9bb14:	03c74403          	lbu	s0,60(a4)
   9bb18:	288a0493          	add	s1,s4,648
   9bb1c:	2687b757          	vand.vi	v14,v8,15
   9bb20:	02048307          	vle8.v	v6,(s1)
   9bb24:	f6e56657          	vwmacc.vx	v12,a0,v14
   9bb28:	a2823457          	vsrl.vi	v8,v8,4
   9bb2c:	f6846a57          	vwmacc.vx	v20,s0,v8
   9bb30:	2667b457          	vand.vi	v8,v6,15
   9bb34:	f68569d7          	vwmacc.vx	v19,a0,v8
   9bb38:	a2623457          	vsrl.vi	v8,v6,4
   9bb3c:	f6846ad7          	vwmacc.vx	v21,s0,v8
   9bb40:	290a0513          	add	a0,s4,656
   9bb44:	02050407          	vle8.v	v8,(a0)
   9bb48:	01d74503          	lbu	a0,29(a4)
   9bb4c:	03d74403          	lbu	s0,61(a4)
   9bb50:	298a0493          	add	s1,s4,664
   9bb54:	2687b757          	vand.vi	v14,v8,15
   9bb58:	02048307          	vle8.v	v6,(s1)
   9bb5c:	f6e56657          	vwmacc.vx	v12,a0,v14
   9bb60:	a2823457          	vsrl.vi	v8,v8,4
   9bb64:	f6846a57          	vwmacc.vx	v20,s0,v8
   9bb68:	2667b457          	vand.vi	v8,v6,15
   9bb6c:	f68569d7          	vwmacc.vx	v19,a0,v8
   9bb70:	a2623457          	vsrl.vi	v8,v6,4
   9bb74:	f6846ad7          	vwmacc.vx	v21,s0,v8
   9bb78:	2a0a0513          	add	a0,s4,672
   9bb7c:	02050407          	vle8.v	v8,(a0)
   9bb80:	01e74503          	lbu	a0,30(a4)
   9bb84:	03e74403          	lbu	s0,62(a4)
   9bb88:	2a8a0493          	add	s1,s4,680
   9bb8c:	2687b757          	vand.vi	v14,v8,15
   9bb90:	02048307          	vle8.v	v6,(s1)
   9bb94:	f6e56657          	vwmacc.vx	v12,a0,v14
   9bb98:	a2823457          	vsrl.vi	v8,v8,4
   9bb9c:	f6846a57          	vwmacc.vx	v20,s0,v8
   9bba0:	2667b457          	vand.vi	v8,v6,15
   9bba4:	f68569d7          	vwmacc.vx	v19,a0,v8
   9bba8:	a2623457          	vsrl.vi	v8,v6,4
   9bbac:	f6846ad7          	vwmacc.vx	v21,s0,v8
   9bbb0:	2b0a0513          	add	a0,s4,688
   9bbb4:	02050407          	vle8.v	v8,(a0)
   9bbb8:	01f74503          	lbu	a0,31(a4)
   9bbbc:	03f74403          	lbu	s0,63(a4)
   9bbc0:	2b8a0493          	add	s1,s4,696
   9bbc4:	2687b757          	vand.vi	v14,v8,15
   9bbc8:	02048307          	vle8.v	v6,(s1)
   9bbcc:	f6e56657          	vwmacc.vx	v12,a0,v14
   9bbd0:	a2823457          	vsrl.vi	v8,v8,4
   9bbd4:	f6846a57          	vwmacc.vx	v20,s0,v8
   9bbd8:	2667b457          	vand.vi	v8,v6,15
   9bbdc:	f68569d7          	vwmacc.vx	v19,a0,v8
   9bbe0:	a2623457          	vsrl.vi	v8,v6,4
   9bbe4:	f6846ad7          	vwmacc.vx	v21,s0,v8
   9bbe8:	2c0a0513          	add	a0,s4,704
   9bbec:	02050407          	vle8.v	v8,(a0)
   9bbf0:	02074503          	lbu	a0,32(a4)
   9bbf4:	04074403          	lbu	s0,64(a4)
   9bbf8:	2c8a0493          	add	s1,s4,712
   9bbfc:	2687b757          	vand.vi	v14,v8,15
   9bc00:	02048307          	vle8.v	v6,(s1)
   9bc04:	f6e56657          	vwmacc.vx	v12,a0,v14
   9bc08:	a2823457          	vsrl.vi	v8,v8,4
   9bc0c:	f6846a57          	vwmacc.vx	v20,s0,v8
   9bc10:	2667b457          	vand.vi	v8,v6,15
   9bc14:	f68569d7          	vwmacc.vx	v19,a0,v8
   9bc18:	a2623457          	vsrl.vi	v8,v6,4
   9bc1c:	f6846ad7          	vwmacc.vx	v21,s0,v8
   9bc20:	2d0a0513          	add	a0,s4,720
   9bc24:	02050407          	vle8.v	v8,(a0)
   9bc28:	02174503          	lbu	a0,33(a4)
   9bc2c:	04174403          	lbu	s0,65(a4)
   9bc30:	2d8a0493          	add	s1,s4,728
   9bc34:	2687b757          	vand.vi	v14,v8,15
   9bc38:	02048307          	vle8.v	v6,(s1)
   9bc3c:	f6e56657          	vwmacc.vx	v12,a0,v14
   9bc40:	a2823457          	vsrl.vi	v8,v8,4
   9bc44:	f6846a57          	vwmacc.vx	v20,s0,v8
   9bc48:	2667b457          	vand.vi	v8,v6,15
   9bc4c:	f68569d7          	vwmacc.vx	v19,a0,v8
   9bc50:	a2623457          	vsrl.vi	v8,v6,4
   9bc54:	f6846ad7          	vwmacc.vx	v21,s0,v8
   9bc58:	2e0a0513          	add	a0,s4,736
   9bc5c:	02050407          	vle8.v	v8,(a0)
   9bc60:	02274503          	lbu	a0,34(a4)
   9bc64:	04274403          	lbu	s0,66(a4)
   9bc68:	2e8a0493          	add	s1,s4,744
   9bc6c:	2687b757          	vand.vi	v14,v8,15
   9bc70:	02048307          	vle8.v	v6,(s1)
   9bc74:	f6e56657          	vwmacc.vx	v12,a0,v14
   9bc78:	a2823457          	vsrl.vi	v8,v8,4
   9bc7c:	f6846a57          	vwmacc.vx	v20,s0,v8
   9bc80:	2667b457          	vand.vi	v8,v6,15
   9bc84:	f68569d7          	vwmacc.vx	v19,a0,v8
   9bc88:	a2623457          	vsrl.vi	v8,v6,4
   9bc8c:	f6846ad7          	vwmacc.vx	v21,s0,v8
   9bc90:	2f0a0513          	add	a0,s4,752
   9bc94:	02050407          	vle8.v	v8,(a0)
   9bc98:	02374503          	lbu	a0,35(a4)
   9bc9c:	04374403          	lbu	s0,67(a4)
   9bca0:	2f8a0493          	add	s1,s4,760
   9bca4:	2687b757          	vand.vi	v14,v8,15
   9bca8:	02048307          	vle8.v	v6,(s1)
   9bcac:	f6e56657          	vwmacc.vx	v12,a0,v14
   9bcb0:	a2823457          	vsrl.vi	v8,v8,4
   9bcb4:	f6846a57          	vwmacc.vx	v20,s0,v8
   9bcb8:	2667b457          	vand.vi	v8,v6,15
   9bcbc:	f68569d7          	vwmacc.vx	v19,a0,v8
   9bcc0:	a2623457          	vsrl.vi	v8,v6,4
   9bcc4:	9f00b357          	vmv2r.v	v6,v16
   9bcc8:	f6846ad7          	vwmacc.vx	v21,s0,v8
   9bccc:	0c807057          	vsetvli	zero,zero,e16,m1,ta,ma
   9bcd0:	f6c4ae57          	vwmacc.vv	v28,v9,v12
   9bcd4:	f7452e57          	vwmacc.vv	v28,v10,v20
   9bcd8:	300a0513          	add	a0,s4,768
   9bcdc:	02050407          	vle8.v	v8,(a0)
   9bce0:	f735ad57          	vwmacc.vv	v26,v11,v19
   9bce4:	f7592d57          	vwmacc.vv	v26,v18,v21
   9bce8:	0c707057          	vsetvli	zero,zero,e8,mf2,ta,ma
   9bcec:	2687b4d7          	vand.vi	v9,v8,15
   9bcf0:	04474503          	lbu	a0,68(a4)
   9bcf4:	06474403          	lbu	s0,100(a4)
   9bcf8:	308a0493          	add	s1,s4,776
   9bcfc:	02048507          	vle8.v	v10,(s1)
   9bd00:	a2823457          	vsrl.vi	v8,v8,4
   9bd04:	9e5035d7          	vmv1r.v	v11,v5
   9bd08:	f69565d7          	vwmacc.vx	v11,a0,v9
   9bd0c:	9e503657          	vmv1r.v	v12,v5
   9bd10:	f6846657          	vwmacc.vx	v12,s0,v8
   9bd14:	26a7b457          	vand.vi	v8,v10,15
   9bd18:	9e5034d7          	vmv1r.v	v9,v5
   9bd1c:	f68564d7          	vwmacc.vx	v9,a0,v8
   9bd20:	a2a23457          	vsrl.vi	v8,v10,4
   9bd24:	9e503557          	vmv1r.v	v10,v5
   9bd28:	f6846557          	vwmacc.vx	v10,s0,v8
   9bd2c:	310a0513          	add	a0,s4,784
   9bd30:	02050407          	vle8.v	v8,(a0)
   9bd34:	04574503          	lbu	a0,69(a4)
   9bd38:	06574403          	lbu	s0,101(a4)
   9bd3c:	318a0493          	add	s1,s4,792
   9bd40:	2687b757          	vand.vi	v14,v8,15
   9bd44:	02048907          	vle8.v	v18,(s1)
   9bd48:	f6e565d7          	vwmacc.vx	v11,a0,v14
   9bd4c:	a2823457          	vsrl.vi	v8,v8,4
   9bd50:	f6846657          	vwmacc.vx	v12,s0,v8
   9bd54:	2727b457          	vand.vi	v8,v18,15
   9bd58:	f68564d7          	vwmacc.vx	v9,a0,v8
   9bd5c:	a3223457          	vsrl.vi	v8,v18,4
   9bd60:	f6846557          	vwmacc.vx	v10,s0,v8
   9bd64:	320a0513          	add	a0,s4,800
   9bd68:	02050407          	vle8.v	v8,(a0)
   9bd6c:	04674503          	lbu	a0,70(a4)
   9bd70:	06674403          	lbu	s0,102(a4)
   9bd74:	328a0493          	add	s1,s4,808
   9bd78:	2687b757          	vand.vi	v14,v8,15
   9bd7c:	02048907          	vle8.v	v18,(s1)
   9bd80:	f6e565d7          	vwmacc.vx	v11,a0,v14
   9bd84:	a2823457          	vsrl.vi	v8,v8,4
   9bd88:	f6846657          	vwmacc.vx	v12,s0,v8
   9bd8c:	2727b457          	vand.vi	v8,v18,15
   9bd90:	f68564d7          	vwmacc.vx	v9,a0,v8
   9bd94:	a3223457          	vsrl.vi	v8,v18,4
   9bd98:	f6846557          	vwmacc.vx	v10,s0,v8
   9bd9c:	330a0513          	add	a0,s4,816
   9bda0:	02050407          	vle8.v	v8,(a0)
   9bda4:	04774503          	lbu	a0,71(a4)
   9bda8:	06774403          	lbu	s0,103(a4)
   9bdac:	338a0493          	add	s1,s4,824
   9bdb0:	2687b757          	vand.vi	v14,v8,15
   9bdb4:	02048907          	vle8.v	v18,(s1)
   9bdb8:	f6e565d7          	vwmacc.vx	v11,a0,v14
   9bdbc:	a2823457          	vsrl.vi	v8,v8,4
   9bdc0:	f6846657          	vwmacc.vx	v12,s0,v8
   9bdc4:	2727b457          	vand.vi	v8,v18,15
   9bdc8:	f68564d7          	vwmacc.vx	v9,a0,v8
   9bdcc:	a3223457          	vsrl.vi	v8,v18,4
   9bdd0:	f6846557          	vwmacc.vx	v10,s0,v8
   9bdd4:	340a0513          	add	a0,s4,832
   9bdd8:	02050407          	vle8.v	v8,(a0)
   9bddc:	04874503          	lbu	a0,72(a4)
   9bde0:	06874403          	lbu	s0,104(a4)
   9bde4:	348a0493          	add	s1,s4,840
   9bde8:	2687b757          	vand.vi	v14,v8,15
   9bdec:	02048907          	vle8.v	v18,(s1)
   9bdf0:	f6e565d7          	vwmacc.vx	v11,a0,v14
   9bdf4:	a2823457          	vsrl.vi	v8,v8,4
   9bdf8:	f6846657          	vwmacc.vx	v12,s0,v8
   9bdfc:	2727b457          	vand.vi	v8,v18,15
   9be00:	f68564d7          	vwmacc.vx	v9,a0,v8
   9be04:	a3223457          	vsrl.vi	v8,v18,4
   9be08:	f6846557          	vwmacc.vx	v10,s0,v8
   9be0c:	350a0513          	add	a0,s4,848
   9be10:	02050407          	vle8.v	v8,(a0)
   9be14:	04974503          	lbu	a0,73(a4)
   9be18:	06974403          	lbu	s0,105(a4)
   9be1c:	358a0493          	add	s1,s4,856
   9be20:	2687b757          	vand.vi	v14,v8,15
   9be24:	02048907          	vle8.v	v18,(s1)
   9be28:	f6e565d7          	vwmacc.vx	v11,a0,v14
   9be2c:	a2823457          	vsrl.vi	v8,v8,4
   9be30:	f6846657          	vwmacc.vx	v12,s0,v8
   9be34:	2727b457          	vand.vi	v8,v18,15
   9be38:	f68564d7          	vwmacc.vx	v9,a0,v8
   9be3c:	a3223457          	vsrl.vi	v8,v18,4
   9be40:	f6846557          	vwmacc.vx	v10,s0,v8
   9be44:	360a0513          	add	a0,s4,864
   9be48:	02050407          	vle8.v	v8,(a0)
   9be4c:	04a74503          	lbu	a0,74(a4)
   9be50:	06a74403          	lbu	s0,106(a4)
   9be54:	368a0493          	add	s1,s4,872
   9be58:	2687b757          	vand.vi	v14,v8,15
   9be5c:	02048907          	vle8.v	v18,(s1)
   9be60:	f6e565d7          	vwmacc.vx	v11,a0,v14
   9be64:	a2823457          	vsrl.vi	v8,v8,4
   9be68:	f6846657          	vwmacc.vx	v12,s0,v8
   9be6c:	2727b457          	vand.vi	v8,v18,15
   9be70:	f68564d7          	vwmacc.vx	v9,a0,v8
   9be74:	a3223457          	vsrl.vi	v8,v18,4
   9be78:	f6846557          	vwmacc.vx	v10,s0,v8
   9be7c:	370a0513          	add	a0,s4,880
   9be80:	02050407          	vle8.v	v8,(a0)
   9be84:	04b74503          	lbu	a0,75(a4)
   9be88:	06b74403          	lbu	s0,107(a4)
   9be8c:	378a0493          	add	s1,s4,888
   9be90:	2687b757          	vand.vi	v14,v8,15
   9be94:	02048907          	vle8.v	v18,(s1)
   9be98:	f6e565d7          	vwmacc.vx	v11,a0,v14
   9be9c:	a2823457          	vsrl.vi	v8,v8,4
   9bea0:	f6846657          	vwmacc.vx	v12,s0,v8
   9bea4:	2727b457          	vand.vi	v8,v18,15
   9bea8:	f68564d7          	vwmacc.vx	v9,a0,v8
   9beac:	a3223457          	vsrl.vi	v8,v18,4
   9beb0:	f6846557          	vwmacc.vx	v10,s0,v8
   9beb4:	380a0513          	add	a0,s4,896
   9beb8:	02050407          	vle8.v	v8,(a0)
   9bebc:	04c74503          	lbu	a0,76(a4)
   9bec0:	06c74403          	lbu	s0,108(a4)
   9bec4:	388a0493          	add	s1,s4,904
   9bec8:	2687b757          	vand.vi	v14,v8,15
   9becc:	02048907          	vle8.v	v18,(s1)
   9bed0:	f6e565d7          	vwmacc.vx	v11,a0,v14
   9bed4:	a2823457          	vsrl.vi	v8,v8,4
   9bed8:	f6846657          	vwmacc.vx	v12,s0,v8
   9bedc:	2727b457          	vand.vi	v8,v18,15
   9bee0:	f68564d7          	vwmacc.vx	v9,a0,v8
   9bee4:	a3223457          	vsrl.vi	v8,v18,4
   9bee8:	f6846557          	vwmacc.vx	v10,s0,v8
   9beec:	390a0513          	add	a0,s4,912
   9bef0:	02050407          	vle8.v	v8,(a0)
   9bef4:	04d74503          	lbu	a0,77(a4)
   9bef8:	06d74403          	lbu	s0,109(a4)
   9befc:	398a0493          	add	s1,s4,920
   9bf00:	2687b757          	vand.vi	v14,v8,15
   9bf04:	02048907          	vle8.v	v18,(s1)
   9bf08:	f6e565d7          	vwmacc.vx	v11,a0,v14
   9bf0c:	a2823457          	vsrl.vi	v8,v8,4
   9bf10:	f6846657          	vwmacc.vx	v12,s0,v8
   9bf14:	2727b457          	vand.vi	v8,v18,15
   9bf18:	f68564d7          	vwmacc.vx	v9,a0,v8
   9bf1c:	a3223457          	vsrl.vi	v8,v18,4
   9bf20:	f6846557          	vwmacc.vx	v10,s0,v8
   9bf24:	3a0a0513          	add	a0,s4,928
   9bf28:	02050407          	vle8.v	v8,(a0)
   9bf2c:	04e74503          	lbu	a0,78(a4)
   9bf30:	06e74403          	lbu	s0,110(a4)
   9bf34:	3a8a0493          	add	s1,s4,936
   9bf38:	2687b757          	vand.vi	v14,v8,15
   9bf3c:	02048907          	vle8.v	v18,(s1)
   9bf40:	f6e565d7          	vwmacc.vx	v11,a0,v14
   9bf44:	a2823457          	vsrl.vi	v8,v8,4
   9bf48:	f6846657          	vwmacc.vx	v12,s0,v8
   9bf4c:	2727b457          	vand.vi	v8,v18,15
   9bf50:	f68564d7          	vwmacc.vx	v9,a0,v8
   9bf54:	a3223457          	vsrl.vi	v8,v18,4
   9bf58:	f6846557          	vwmacc.vx	v10,s0,v8
   9bf5c:	3b0a0513          	add	a0,s4,944
   9bf60:	02050407          	vle8.v	v8,(a0)
   9bf64:	04f74503          	lbu	a0,79(a4)
   9bf68:	06f74403          	lbu	s0,111(a4)
   9bf6c:	3b8a0493          	add	s1,s4,952
   9bf70:	2687b757          	vand.vi	v14,v8,15
   9bf74:	02048907          	vle8.v	v18,(s1)
   9bf78:	f6e565d7          	vwmacc.vx	v11,a0,v14
   9bf7c:	a2823457          	vsrl.vi	v8,v8,4
   9bf80:	f6846657          	vwmacc.vx	v12,s0,v8
   9bf84:	2727b457          	vand.vi	v8,v18,15
   9bf88:	f68564d7          	vwmacc.vx	v9,a0,v8
   9bf8c:	a3223457          	vsrl.vi	v8,v18,4
   9bf90:	f6846557          	vwmacc.vx	v10,s0,v8
   9bf94:	3c0a0513          	add	a0,s4,960
   9bf98:	02050407          	vle8.v	v8,(a0)
   9bf9c:	05074503          	lbu	a0,80(a4)
   9bfa0:	07074403          	lbu	s0,112(a4)
   9bfa4:	3c8a0493          	add	s1,s4,968
   9bfa8:	2687b757          	vand.vi	v14,v8,15
   9bfac:	02048907          	vle8.v	v18,(s1)
   9bfb0:	f6e565d7          	vwmacc.vx	v11,a0,v14
   9bfb4:	a2823457          	vsrl.vi	v8,v8,4
   9bfb8:	f6846657          	vwmacc.vx	v12,s0,v8
   9bfbc:	2727b457          	vand.vi	v8,v18,15
   9bfc0:	f68564d7          	vwmacc.vx	v9,a0,v8
   9bfc4:	a3223457          	vsrl.vi	v8,v18,4
   9bfc8:	f6846557          	vwmacc.vx	v10,s0,v8
   9bfcc:	3d0a0513          	add	a0,s4,976
   9bfd0:	02050407          	vle8.v	v8,(a0)
   9bfd4:	05174503          	lbu	a0,81(a4)
   9bfd8:	07174403          	lbu	s0,113(a4)
   9bfdc:	3d8a0493          	add	s1,s4,984
   9bfe0:	2687b757          	vand.vi	v14,v8,15
   9bfe4:	02048907          	vle8.v	v18,(s1)
   9bfe8:	f6e565d7          	vwmacc.vx	v11,a0,v14
   9bfec:	a2823457          	vsrl.vi	v8,v8,4
   9bff0:	f6846657          	vwmacc.vx	v12,s0,v8
   9bff4:	2727b457          	vand.vi	v8,v18,15
   9bff8:	f68564d7          	vwmacc.vx	v9,a0,v8
   9bffc:	a3223457          	vsrl.vi	v8,v18,4
   9c000:	f6846557          	vwmacc.vx	v10,s0,v8
   9c004:	3e0a0513          	add	a0,s4,992
   9c008:	02050407          	vle8.v	v8,(a0)
   9c00c:	05274503          	lbu	a0,82(a4)
   9c010:	07274403          	lbu	s0,114(a4)
   9c014:	3e8a0493          	add	s1,s4,1000
   9c018:	2687b757          	vand.vi	v14,v8,15
   9c01c:	02048907          	vle8.v	v18,(s1)
   9c020:	f6e565d7          	vwmacc.vx	v11,a0,v14
   9c024:	a2823457          	vsrl.vi	v8,v8,4
   9c028:	f6846657          	vwmacc.vx	v12,s0,v8
   9c02c:	2727b457          	vand.vi	v8,v18,15
   9c030:	f68564d7          	vwmacc.vx	v9,a0,v8
   9c034:	a3223457          	vsrl.vi	v8,v18,4
   9c038:	f6846557          	vwmacc.vx	v10,s0,v8
   9c03c:	3f0a0513          	add	a0,s4,1008
   9c040:	02050407          	vle8.v	v8,(a0)
   9c044:	05374503          	lbu	a0,83(a4)
   9c048:	07374403          	lbu	s0,115(a4)
   9c04c:	3f8a0493          	add	s1,s4,1016
   9c050:	2687b757          	vand.vi	v14,v8,15
   9c054:	02048907          	vle8.v	v18,(s1)
   9c058:	f6e565d7          	vwmacc.vx	v11,a0,v14
   9c05c:	a2823457          	vsrl.vi	v8,v8,4
   9c060:	f6846657          	vwmacc.vx	v12,s0,v8
   9c064:	2727b457          	vand.vi	v8,v18,15
   9c068:	f68564d7          	vwmacc.vx	v9,a0,v8
   9c06c:	a3223457          	vsrl.vi	v8,v18,4
   9c070:	f6846557          	vwmacc.vx	v10,s0,v8
   9c074:	0c807057          	vsetvli	zero,zero,e16,m1,ta,ma
   9c078:	c2202573          	csrr	a0,vlenb
   9c07c:	050a                	sll	a0,a0,0x2
   9c07e:	950a                	add	a0,a0,sp
   9c080:	02050513          	add	a0,a0,32
   9c084:	02850807          	vl1r.v	v16,(a0)
   9c088:	f6b82e57          	vwmacc.vv	v28,v16,v11
   9c08c:	c2202573          	csrr	a0,vlenb
   9c090:	20a52533          	sh1add	a0,a0,a0
   9c094:	950a                	add	a0,a0,sp
   9c096:	02050513          	add	a0,a0,32
   9c09a:	02850887          	vl1r.v	v17,(a0)
   9c09e:	f6c8ae57          	vwmacc.vv	v28,v17,v12
   9c0a2:	400a0513          	add	a0,s4,1024
   9c0a6:	02050407          	vle8.v	v8,(a0)
   9c0aa:	f697ad57          	vwmacc.vv	v26,v15,v9
   9c0ae:	c2202573          	csrr	a0,vlenb
   9c0b2:	0506                	sll	a0,a0,0x1
   9c0b4:	950a                	add	a0,a0,sp
   9c0b6:	02050513          	add	a0,a0,32
   9c0ba:	02850987          	vl1r.v	v19,(a0)
   9c0be:	f6a9ad57          	vwmacc.vv	v26,v19,v10
   9c0c2:	0c707057          	vsetvli	zero,zero,e8,mf2,ta,ma
   9c0c6:	2687b4d7          	vand.vi	v9,v8,15
   9c0ca:	05474503          	lbu	a0,84(a4)
   9c0ce:	07474403          	lbu	s0,116(a4)
   9c0d2:	408a0493          	add	s1,s4,1032
   9c0d6:	02048507          	vle8.v	v10,(s1)
   9c0da:	a2823457          	vsrl.vi	v8,v8,4
   9c0de:	9e5035d7          	vmv1r.v	v11,v5
   9c0e2:	f69565d7          	vwmacc.vx	v11,a0,v9
   9c0e6:	9e503657          	vmv1r.v	v12,v5
   9c0ea:	f6846657          	vwmacc.vx	v12,s0,v8
   9c0ee:	26a7b457          	vand.vi	v8,v10,15
   9c0f2:	9e5034d7          	vmv1r.v	v9,v5
   9c0f6:	f68564d7          	vwmacc.vx	v9,a0,v8
   9c0fa:	a2a23457          	vsrl.vi	v8,v10,4
   9c0fe:	9e503557          	vmv1r.v	v10,v5
   9c102:	f6846557          	vwmacc.vx	v10,s0,v8
   9c106:	410a0513          	add	a0,s4,1040
   9c10a:	02050407          	vle8.v	v8,(a0)
   9c10e:	05574503          	lbu	a0,85(a4)
   9c112:	07574403          	lbu	s0,117(a4)
   9c116:	418a0493          	add	s1,s4,1048
   9c11a:	2687b757          	vand.vi	v14,v8,15
   9c11e:	02048907          	vle8.v	v18,(s1)
   9c122:	f6e565d7          	vwmacc.vx	v11,a0,v14
   9c126:	a2823457          	vsrl.vi	v8,v8,4
   9c12a:	f6846657          	vwmacc.vx	v12,s0,v8
   9c12e:	2727b457          	vand.vi	v8,v18,15
   9c132:	f68564d7          	vwmacc.vx	v9,a0,v8
   9c136:	a3223457          	vsrl.vi	v8,v18,4
   9c13a:	f6846557          	vwmacc.vx	v10,s0,v8
   9c13e:	420a0513          	add	a0,s4,1056
   9c142:	02050407          	vle8.v	v8,(a0)
   9c146:	05674503          	lbu	a0,86(a4)
   9c14a:	07674403          	lbu	s0,118(a4)
   9c14e:	428a0493          	add	s1,s4,1064
   9c152:	2687b757          	vand.vi	v14,v8,15
   9c156:	02048907          	vle8.v	v18,(s1)
   9c15a:	f6e565d7          	vwmacc.vx	v11,a0,v14
   9c15e:	a2823457          	vsrl.vi	v8,v8,4
   9c162:	f6846657          	vwmacc.vx	v12,s0,v8
   9c166:	2727b457          	vand.vi	v8,v18,15
   9c16a:	f68564d7          	vwmacc.vx	v9,a0,v8
   9c16e:	a3223457          	vsrl.vi	v8,v18,4
   9c172:	f6846557          	vwmacc.vx	v10,s0,v8
   9c176:	430a0513          	add	a0,s4,1072
   9c17a:	02050407          	vle8.v	v8,(a0)
   9c17e:	05774503          	lbu	a0,87(a4)
   9c182:	07774403          	lbu	s0,119(a4)
   9c186:	438a0493          	add	s1,s4,1080
   9c18a:	2687b757          	vand.vi	v14,v8,15
   9c18e:	02048907          	vle8.v	v18,(s1)
   9c192:	f6e565d7          	vwmacc.vx	v11,a0,v14
   9c196:	a2823457          	vsrl.vi	v8,v8,4
   9c19a:	f6846657          	vwmacc.vx	v12,s0,v8
   9c19e:	2727b457          	vand.vi	v8,v18,15
   9c1a2:	f68564d7          	vwmacc.vx	v9,a0,v8
   9c1a6:	a3223457          	vsrl.vi	v8,v18,4
   9c1aa:	f6846557          	vwmacc.vx	v10,s0,v8
   9c1ae:	440a0513          	add	a0,s4,1088
   9c1b2:	02050407          	vle8.v	v8,(a0)
   9c1b6:	05874503          	lbu	a0,88(a4)
   9c1ba:	07874403          	lbu	s0,120(a4)
   9c1be:	448a0493          	add	s1,s4,1096
   9c1c2:	2687b757          	vand.vi	v14,v8,15
   9c1c6:	02048907          	vle8.v	v18,(s1)
   9c1ca:	f6e565d7          	vwmacc.vx	v11,a0,v14
   9c1ce:	a2823457          	vsrl.vi	v8,v8,4
   9c1d2:	f6846657          	vwmacc.vx	v12,s0,v8
   9c1d6:	2727b457          	vand.vi	v8,v18,15
   9c1da:	f68564d7          	vwmacc.vx	v9,a0,v8
   9c1de:	a3223457          	vsrl.vi	v8,v18,4
   9c1e2:	f6846557          	vwmacc.vx	v10,s0,v8
   9c1e6:	450a0513          	add	a0,s4,1104
   9c1ea:	02050407          	vle8.v	v8,(a0)
   9c1ee:	05974503          	lbu	a0,89(a4)
   9c1f2:	07974403          	lbu	s0,121(a4)
   9c1f6:	458a0493          	add	s1,s4,1112
   9c1fa:	2687b757          	vand.vi	v14,v8,15
   9c1fe:	02048907          	vle8.v	v18,(s1)
   9c202:	f6e565d7          	vwmacc.vx	v11,a0,v14
   9c206:	a2823457          	vsrl.vi	v8,v8,4
   9c20a:	f6846657          	vwmacc.vx	v12,s0,v8
   9c20e:	2727b457          	vand.vi	v8,v18,15
   9c212:	f68564d7          	vwmacc.vx	v9,a0,v8
   9c216:	a3223457          	vsrl.vi	v8,v18,4
   9c21a:	f6846557          	vwmacc.vx	v10,s0,v8
   9c21e:	460a0513          	add	a0,s4,1120
   9c222:	02050407          	vle8.v	v8,(a0)
   9c226:	05a74503          	lbu	a0,90(a4)
   9c22a:	07a74403          	lbu	s0,122(a4)
   9c22e:	468a0493          	add	s1,s4,1128
   9c232:	2687b757          	vand.vi	v14,v8,15
   9c236:	02048907          	vle8.v	v18,(s1)
   9c23a:	f6e565d7          	vwmacc.vx	v11,a0,v14
   9c23e:	a2823457          	vsrl.vi	v8,v8,4
   9c242:	f6846657          	vwmacc.vx	v12,s0,v8
   9c246:	2727b457          	vand.vi	v8,v18,15
   9c24a:	f68564d7          	vwmacc.vx	v9,a0,v8
   9c24e:	a3223457          	vsrl.vi	v8,v18,4
   9c252:	f6846557          	vwmacc.vx	v10,s0,v8
   9c256:	470a0513          	add	a0,s4,1136
   9c25a:	02050407          	vle8.v	v8,(a0)
   9c25e:	05b74503          	lbu	a0,91(a4)
   9c262:	07b74403          	lbu	s0,123(a4)
   9c266:	478a0493          	add	s1,s4,1144
   9c26a:	2687b757          	vand.vi	v14,v8,15
   9c26e:	02048907          	vle8.v	v18,(s1)
   9c272:	f6e565d7          	vwmacc.vx	v11,a0,v14
   9c276:	a2823457          	vsrl.vi	v8,v8,4
   9c27a:	f6846657          	vwmacc.vx	v12,s0,v8
   9c27e:	2727b457          	vand.vi	v8,v18,15
   9c282:	f68564d7          	vwmacc.vx	v9,a0,v8
   9c286:	a3223457          	vsrl.vi	v8,v18,4
   9c28a:	f6846557          	vwmacc.vx	v10,s0,v8
   9c28e:	480a0513          	add	a0,s4,1152
   9c292:	02050407          	vle8.v	v8,(a0)
   9c296:	05c74503          	lbu	a0,92(a4)
   9c29a:	07c74403          	lbu	s0,124(a4)
   9c29e:	488a0493          	add	s1,s4,1160
   9c2a2:	2687b757          	vand.vi	v14,v8,15
   9c2a6:	02048907          	vle8.v	v18,(s1)
   9c2aa:	f6e565d7          	vwmacc.vx	v11,a0,v14
   9c2ae:	a2823457          	vsrl.vi	v8,v8,4
   9c2b2:	f6846657          	vwmacc.vx	v12,s0,v8
   9c2b6:	2727b457          	vand.vi	v8,v18,15
   9c2ba:	f68564d7          	vwmacc.vx	v9,a0,v8
   9c2be:	a3223457          	vsrl.vi	v8,v18,4
   9c2c2:	f6846557          	vwmacc.vx	v10,s0,v8
   9c2c6:	490a0513          	add	a0,s4,1168
   9c2ca:	02050407          	vle8.v	v8,(a0)
   9c2ce:	05d74503          	lbu	a0,93(a4)
   9c2d2:	07d74403          	lbu	s0,125(a4)
   9c2d6:	498a0493          	add	s1,s4,1176
   9c2da:	2687b757          	vand.vi	v14,v8,15
   9c2de:	02048907          	vle8.v	v18,(s1)
   9c2e2:	f6e565d7          	vwmacc.vx	v11,a0,v14
   9c2e6:	a2823457          	vsrl.vi	v8,v8,4
   9c2ea:	f6846657          	vwmacc.vx	v12,s0,v8
   9c2ee:	2727b457          	vand.vi	v8,v18,15
   9c2f2:	f68564d7          	vwmacc.vx	v9,a0,v8
   9c2f6:	a3223457          	vsrl.vi	v8,v18,4
   9c2fa:	f6846557          	vwmacc.vx	v10,s0,v8
   9c2fe:	4a0a0513          	add	a0,s4,1184
   9c302:	02050407          	vle8.v	v8,(a0)
   9c306:	05e74503          	lbu	a0,94(a4)
   9c30a:	07e74403          	lbu	s0,126(a4)
   9c30e:	4a8a0493          	add	s1,s4,1192
   9c312:	2687b757          	vand.vi	v14,v8,15
   9c316:	02048907          	vle8.v	v18,(s1)
   9c31a:	f6e565d7          	vwmacc.vx	v11,a0,v14
   9c31e:	a2823457          	vsrl.vi	v8,v8,4
   9c322:	f6846657          	vwmacc.vx	v12,s0,v8
   9c326:	2727b457          	vand.vi	v8,v18,15
   9c32a:	f68564d7          	vwmacc.vx	v9,a0,v8
   9c32e:	a3223457          	vsrl.vi	v8,v18,4
   9c332:	f6846557          	vwmacc.vx	v10,s0,v8
   9c336:	4b0a0513          	add	a0,s4,1200
   9c33a:	02050407          	vle8.v	v8,(a0)
   9c33e:	05f74503          	lbu	a0,95(a4)
   9c342:	07f74403          	lbu	s0,127(a4)
   9c346:	4b8a0493          	add	s1,s4,1208
   9c34a:	2687b757          	vand.vi	v14,v8,15
   9c34e:	02048907          	vle8.v	v18,(s1)
   9c352:	f6e565d7          	vwmacc.vx	v11,a0,v14
   9c356:	a2823457          	vsrl.vi	v8,v8,4
   9c35a:	f6846657          	vwmacc.vx	v12,s0,v8
   9c35e:	2727b457          	vand.vi	v8,v18,15
   9c362:	f68564d7          	vwmacc.vx	v9,a0,v8
   9c366:	a3223457          	vsrl.vi	v8,v18,4
   9c36a:	f6846557          	vwmacc.vx	v10,s0,v8
   9c36e:	4c0a0513          	add	a0,s4,1216
   9c372:	02050407          	vle8.v	v8,(a0)
   9c376:	06074503          	lbu	a0,96(a4)
   9c37a:	08074403          	lbu	s0,128(a4)
   9c37e:	4c8a0493          	add	s1,s4,1224
   9c382:	2687b757          	vand.vi	v14,v8,15
   9c386:	02048907          	vle8.v	v18,(s1)
   9c38a:	f6e565d7          	vwmacc.vx	v11,a0,v14
   9c38e:	a2823457          	vsrl.vi	v8,v8,4
   9c392:	f6846657          	vwmacc.vx	v12,s0,v8
   9c396:	2727b457          	vand.vi	v8,v18,15
   9c39a:	f68564d7          	vwmacc.vx	v9,a0,v8
   9c39e:	a3223457          	vsrl.vi	v8,v18,4
   9c3a2:	f6846557          	vwmacc.vx	v10,s0,v8
   9c3a6:	4d0a0513          	add	a0,s4,1232
   9c3aa:	02050407          	vle8.v	v8,(a0)
   9c3ae:	06174503          	lbu	a0,97(a4)
   9c3b2:	08174403          	lbu	s0,129(a4)
   9c3b6:	4d8a0493          	add	s1,s4,1240
   9c3ba:	2687b757          	vand.vi	v14,v8,15
   9c3be:	02048907          	vle8.v	v18,(s1)
   9c3c2:	f6e565d7          	vwmacc.vx	v11,a0,v14
   9c3c6:	a2823457          	vsrl.vi	v8,v8,4
   9c3ca:	f6846657          	vwmacc.vx	v12,s0,v8
   9c3ce:	2727b457          	vand.vi	v8,v18,15
   9c3d2:	f68564d7          	vwmacc.vx	v9,a0,v8
   9c3d6:	a3223457          	vsrl.vi	v8,v18,4
   9c3da:	f6846557          	vwmacc.vx	v10,s0,v8
   9c3de:	4e0a0513          	add	a0,s4,1248
   9c3e2:	02050407          	vle8.v	v8,(a0)
   9c3e6:	06274503          	lbu	a0,98(a4)
   9c3ea:	08274403          	lbu	s0,130(a4)
   9c3ee:	4e8a0493          	add	s1,s4,1256
   9c3f2:	2687b757          	vand.vi	v14,v8,15
   9c3f6:	02048907          	vle8.v	v18,(s1)
   9c3fa:	f6e565d7          	vwmacc.vx	v11,a0,v14
   9c3fe:	a2823457          	vsrl.vi	v8,v8,4
   9c402:	f6846657          	vwmacc.vx	v12,s0,v8
   9c406:	2727b457          	vand.vi	v8,v18,15
   9c40a:	f68564d7          	vwmacc.vx	v9,a0,v8
   9c40e:	a3223457          	vsrl.vi	v8,v18,4
   9c412:	f6846557          	vwmacc.vx	v10,s0,v8
   9c416:	4f0a0513          	add	a0,s4,1264
   9c41a:	02050407          	vle8.v	v8,(a0)
   9c41e:	06374503          	lbu	a0,99(a4)
   9c422:	08374403          	lbu	s0,131(a4)
   9c426:	4f8a0493          	add	s1,s4,1272
   9c42a:	2687b757          	vand.vi	v14,v8,15
   9c42e:	02048907          	vle8.v	v18,(s1)
   9c432:	f6e565d7          	vwmacc.vx	v11,a0,v14
   9c436:	a2823457          	vsrl.vi	v8,v8,4
   9c43a:	f6846657          	vwmacc.vx	v12,s0,v8
   9c43e:	2727b457          	vand.vi	v8,v18,15
   9c442:	f68564d7          	vwmacc.vx	v9,a0,v8
   9c446:	a3223457          	vsrl.vi	v8,v18,4
   9c44a:	f6846557          	vwmacc.vx	v10,s0,v8
   9c44e:	0c807057          	vsetvli	zero,zero,e16,m1,ta,ma
   9c452:	f6b82e57          	vwmacc.vv	v28,v16,v11
   9c456:	f6c8ae57          	vwmacc.vv	v28,v17,v12
   9c45a:	080a0513          	add	a0,s4,128
   9c45e:	02050407          	vle8.v	v8,(a0)
   9c462:	f697ad57          	vwmacc.vv	v26,v15,v9
   9c466:	f6a9ad57          	vwmacc.vv	v26,v19,v10
   9c46a:	0c707057          	vsetvli	zero,zero,e8,mf2,ta,ma
   9c46e:	2687b4d7          	vand.vi	v9,v8,15
   9c472:	a2823457          	vsrl.vi	v8,v8,4
   9c476:	26df4557          	vand.vx	v10,v13,t5
   9c47a:	26dfc5d7          	vand.vx	v11,v13,t6
   9c47e:	a2b135d7          	vsrl.vi	v11,v11,2
   9c482:	2aa484d7          	vor.vv	v9,v10,v9
   9c486:	2ab40557          	vor.vv	v10,v11,v8
   9c48a:	0c807057          	vsetvli	zero,zero,e16,m1,ta,ma
   9c48e:	090a0513          	add	a0,s4,144
   9c492:	02050587          	vle8.v	v11,(a0)
   9c496:	4a932457          	vzext.vf2	v8,v9
   9c49a:	4aa32657          	vzext.vf2	v12,v10
   9c49e:	0c707057          	vsetvli	zero,zero,e8,mf2,ta,ma
   9c4a2:	26b7b4d7          	vand.vi	v9,v11,15
   9c4a6:	a2b23557          	vsrl.vi	v10,v11,4
   9c4aa:	27ff45d7          	vand.vx	v11,v31,t5
   9c4ae:	27ffc6d7          	vand.vx	v13,v31,t6
   9c4b2:	a2d136d7          	vsrl.vi	v13,v13,2
   9c4b6:	2ab485d7          	vor.vv	v11,v11,v9
   9c4ba:	2ad50557          	vor.vv	v10,v13,v10
   9c4be:	0c807057          	vsetvli	zero,zero,e16,m1,ta,ma
   9c4c2:	0a0a0513          	add	a0,s4,160
   9c4c6:	02050687          	vle8.v	v13,(a0)
   9c4ca:	4ab324d7          	vzext.vf2	v9,v11
   9c4ce:	4aa32957          	vzext.vf2	v18,v10
   9c4d2:	0c707057          	vsetvli	zero,zero,e8,mf2,ta,ma
   9c4d6:	26d7b557          	vand.vi	v10,v13,15
   9c4da:	a2d235d7          	vsrl.vi	v11,v13,4
   9c4de:	260f46d7          	vand.vx	v13,v0,t5
   9c4e2:	260fc757          	vand.vx	v14,v0,t6
   9c4e6:	a2e13757          	vsrl.vi	v14,v14,2
   9c4ea:	2ad50557          	vor.vv	v10,v13,v10
   9c4ee:	2ae585d7          	vor.vv	v11,v14,v11
   9c4f2:	0c807057          	vsetvli	zero,zero,e16,m1,ta,ma
   9c4f6:	0b0a0513          	add	a0,s4,176
   9c4fa:	02050707          	vle8.v	v14,(a0)
   9c4fe:	4aa326d7          	vzext.vf2	v13,v10
   9c502:	4ab329d7          	vzext.vf2	v19,v11
   9c506:	0c707057          	vsetvli	zero,zero,e8,mf2,ta,ma
   9c50a:	26e7b557          	vand.vi	v10,v14,15
   9c50e:	a2e235d7          	vsrl.vi	v11,v14,4
   9c512:	262f4757          	vand.vx	v14,v2,t5
   9c516:	262fc7d7          	vand.vx	v15,v2,t6
   9c51a:	a2f137d7          	vsrl.vi	v15,v15,2
   9c51e:	2ae50557          	vor.vv	v10,v14,v10
   9c522:	2af585d7          	vor.vv	v11,v15,v11
   9c526:	0c807057          	vsetvli	zero,zero,e16,m1,ta,ma
   9c52a:	088a0513          	add	a0,s4,136
   9c52e:	02050707          	vle8.v	v14,(a0)
   9c532:	4aa32fd7          	vzext.vf2	v31,v10
   9c536:	4ab32a57          	vzext.vf2	v20,v11
   9c53a:	0c707057          	vsetvli	zero,zero,e8,mf2,ta,ma
   9c53e:	26e7b557          	vand.vi	v10,v14,15
   9c542:	a2e235d7          	vsrl.vi	v11,v14,4
   9c546:	263f4757          	vand.vx	v14,v3,t5
   9c54a:	263fc7d7          	vand.vx	v15,v3,t6
   9c54e:	a2f137d7          	vsrl.vi	v15,v15,2
   9c552:	2ae50757          	vor.vv	v14,v14,v10
   9c556:	2af585d7          	vor.vv	v11,v15,v11
   9c55a:	0c807057          	vsetvli	zero,zero,e16,m1,ta,ma
   9c55e:	098a0513          	add	a0,s4,152
   9c562:	02050787          	vle8.v	v15,(a0)
   9c566:	4ae32557          	vzext.vf2	v10,v14
   9c56a:	4ab32757          	vzext.vf2	v14,v11
   9c56e:	0c707057          	vsetvli	zero,zero,e8,mf2,ta,ma
   9c572:	26f7b5d7          	vand.vi	v11,v15,15
   9c576:	a2f237d7          	vsrl.vi	v15,v15,4
   9c57a:	264f4ad7          	vand.vx	v21,v4,t5
   9c57e:	264fc057          	vand.vx	v0,v4,t6
   9c582:	a2013057          	vsrl.vi	v0,v0,2
   9c586:	2b558ad7          	vor.vv	v21,v21,v11
   9c58a:	2a0787d7          	vor.vv	v15,v0,v15
   9c58e:	0c807057          	vsetvli	zero,zero,e16,m1,ta,ma
   9c592:	0a8a0513          	add	a0,s4,168
   9c596:	02050007          	vle8.v	v0,(a0)
   9c59a:	4b5325d7          	vzext.vf2	v11,v21
   9c59e:	4af32ad7          	vzext.vf2	v21,v15
   9c5a2:	0c707057          	vsetvli	zero,zero,e8,mf2,ta,ma
   9c5a6:	2607b7d7          	vand.vi	v15,v0,15
   9c5aa:	261f4157          	vand.vx	v2,v1,t5
   9c5ae:	2a2787d7          	vor.vv	v15,v2,v15
   9c5b2:	a2023057          	vsrl.vi	v0,v0,4
   9c5b6:	261fc0d7          	vand.vx	v1,v1,t6
   9c5ba:	a21130d7          	vsrl.vi	v1,v1,2
   9c5be:	2a1000d7          	vor.vv	v1,v1,v0
   9c5c2:	0c807057          	vsetvli	zero,zero,e16,m1,ta,ma
   9c5c6:	0b8a0513          	add	a0,s4,184
   9c5ca:	02050107          	vle8.v	v2,(a0)
   9c5ce:	4af32057          	vzext.vf2	v0,v15
   9c5d2:	4a1327d7          	vzext.vf2	v15,v1
   9c5d6:	0c707057          	vsetvli	zero,zero,e8,mf2,ta,ma
   9c5da:	2627b0d7          	vand.vi	v1,v2,15
   9c5de:	27ef41d7          	vand.vx	v3,v30,t5
   9c5e2:	2a3080d7          	vor.vv	v1,v3,v1
   9c5e6:	a2223157          	vsrl.vi	v2,v2,4
   9c5ea:	27efcf57          	vand.vx	v30,v30,t6
   9c5ee:	a3e13f57          	vsrl.vi	v30,v30,2
   9c5f2:	2be10157          	vor.vv	v2,v30,v2
   9c5f6:	0c807057          	vsetvli	zero,zero,e16,m1,ta,ma
   9c5fa:	11471503          	lh	a0,276(a4)
   9c5fe:	11671403          	lh	s0,278(a4)
   9c602:	9522                	add	a0,a0,s0
   9c604:	f6c56c57          	vwmacc.vx	v24,a0,v12
   9c608:	11871403          	lh	s0,280(a4)
   9c60c:	11a71483          	lh	s1,282(a4)
   9c610:	4a132f57          	vzext.vf2	v30,v1
   9c614:	4a232657          	vzext.vf2	v12,v2
   9c618:	f6e56b57          	vwmacc.vx	v22,a0,v14
   9c61c:	9426                	add	s0,s0,s1
   9c61e:	f7246c57          	vwmacc.vx	v24,s0,v18
   9c622:	11c71983          	lh	s3,284(a4)
   9c626:	11e71483          	lh	s1,286(a4)
   9c62a:	f7546b57          	vwmacc.vx	v22,s0,v21
   9c62e:	12071403          	lh	s0,288(a4)
   9c632:	12271503          	lh	a0,290(a4)
   9c636:	94ce                	add	s1,s1,s3
   9c638:	f734ec57          	vwmacc.vx	v24,s1,v19
   9c63c:	f6f4eb57          	vwmacc.vx	v22,s1,v15
   9c640:	9522                	add	a0,a0,s0
   9c642:	500a0413          	add	s0,s4,1280
   9c646:	02040707          	vle8.v	v14,(s0)
   9c64a:	f7456c57          	vwmacc.vx	v24,a0,v20
   9c64e:	f6c56b57          	vwmacc.vx	v22,a0,v12
   9c652:	0c707057          	vsetvli	zero,zero,e8,mf2,ta,ma
   9c656:	26e7b657          	vand.vi	v12,v14,15
   9c65a:	08474503          	lbu	a0,132(a4)
   9c65e:	0a474403          	lbu	s0,164(a4)
   9c662:	508a0493          	add	s1,s4,1288
   9c666:	02048787          	vle8.v	v15,(s1)
   9c66a:	a2e23757          	vsrl.vi	v14,v14,4
   9c66e:	9e503957          	vmv1r.v	v18,v5
   9c672:	f6c56957          	vwmacc.vx	v18,a0,v12
   9c676:	9e5039d7          	vmv1r.v	v19,v5
   9c67a:	f6e469d7          	vwmacc.vx	v19,s0,v14
   9c67e:	26f7b657          	vand.vi	v12,v15,15
   9c682:	510a0493          	add	s1,s4,1296
   9c686:	02048707          	vle8.v	v14,(s1)
   9c68a:	a2f237d7          	vsrl.vi	v15,v15,4
   9c68e:	9e5030d7          	vmv1r.v	v1,v5
   9c692:	f6c560d7          	vwmacc.vx	v1,a0,v12
   9c696:	9e503157          	vmv1r.v	v2,v5
   9c69a:	f6f46157          	vwmacc.vx	v2,s0,v15
   9c69e:	26e7b657          	vand.vi	v12,v14,15
   9c6a2:	08574503          	lbu	a0,133(a4)
   9c6a6:	0a574403          	lbu	s0,165(a4)
   9c6aa:	518a0493          	add	s1,s4,1304
   9c6ae:	02048787          	vle8.v	v15,(s1)
   9c6b2:	a2e23757          	vsrl.vi	v14,v14,4
   9c6b6:	f6c56957          	vwmacc.vx	v18,a0,v12
   9c6ba:	f6e469d7          	vwmacc.vx	v19,s0,v14
   9c6be:	26f7b657          	vand.vi	v12,v15,15
   9c6c2:	520a0493          	add	s1,s4,1312
   9c6c6:	02048707          	vle8.v	v14,(s1)
   9c6ca:	a2f237d7          	vsrl.vi	v15,v15,4
   9c6ce:	f6c560d7          	vwmacc.vx	v1,a0,v12
   9c6d2:	f6f46157          	vwmacc.vx	v2,s0,v15
   9c6d6:	26e7b657          	vand.vi	v12,v14,15
   9c6da:	08674503          	lbu	a0,134(a4)
   9c6de:	0a674403          	lbu	s0,166(a4)
   9c6e2:	528a0493          	add	s1,s4,1320
   9c6e6:	02048787          	vle8.v	v15,(s1)
   9c6ea:	a2e23757          	vsrl.vi	v14,v14,4
   9c6ee:	f6c56957          	vwmacc.vx	v18,a0,v12
   9c6f2:	f6e469d7          	vwmacc.vx	v19,s0,v14
   9c6f6:	26f7b657          	vand.vi	v12,v15,15
   9c6fa:	530a0493          	add	s1,s4,1328
   9c6fe:	02048707          	vle8.v	v14,(s1)
   9c702:	a2f237d7          	vsrl.vi	v15,v15,4
   9c706:	f6c560d7          	vwmacc.vx	v1,a0,v12
   9c70a:	f6f46157          	vwmacc.vx	v2,s0,v15
   9c70e:	26e7b657          	vand.vi	v12,v14,15
   9c712:	08774503          	lbu	a0,135(a4)
   9c716:	0a774403          	lbu	s0,167(a4)
   9c71a:	538a0493          	add	s1,s4,1336
   9c71e:	02048787          	vle8.v	v15,(s1)
   9c722:	a2e23757          	vsrl.vi	v14,v14,4
   9c726:	f6c56957          	vwmacc.vx	v18,a0,v12
   9c72a:	f6e469d7          	vwmacc.vx	v19,s0,v14
   9c72e:	26f7b657          	vand.vi	v12,v15,15
   9c732:	540a0493          	add	s1,s4,1344
   9c736:	02048707          	vle8.v	v14,(s1)
   9c73a:	a2f237d7          	vsrl.vi	v15,v15,4
   9c73e:	f6c560d7          	vwmacc.vx	v1,a0,v12
   9c742:	f6f46157          	vwmacc.vx	v2,s0,v15
   9c746:	26e7b657          	vand.vi	v12,v14,15
   9c74a:	08874503          	lbu	a0,136(a4)
   9c74e:	0a874403          	lbu	s0,168(a4)
   9c752:	548a0493          	add	s1,s4,1352
   9c756:	02048787          	vle8.v	v15,(s1)
   9c75a:	a2e23757          	vsrl.vi	v14,v14,4
   9c75e:	f6c56957          	vwmacc.vx	v18,a0,v12
   9c762:	f6e469d7          	vwmacc.vx	v19,s0,v14
   9c766:	26f7b657          	vand.vi	v12,v15,15
   9c76a:	550a0493          	add	s1,s4,1360
   9c76e:	02048707          	vle8.v	v14,(s1)
   9c772:	a2f237d7          	vsrl.vi	v15,v15,4
   9c776:	f6c560d7          	vwmacc.vx	v1,a0,v12
   9c77a:	f6f46157          	vwmacc.vx	v2,s0,v15
   9c77e:	26e7b657          	vand.vi	v12,v14,15
   9c782:	08974503          	lbu	a0,137(a4)
   9c786:	0a974403          	lbu	s0,169(a4)
   9c78a:	558a0493          	add	s1,s4,1368
   9c78e:	02048787          	vle8.v	v15,(s1)
   9c792:	a2e23757          	vsrl.vi	v14,v14,4
   9c796:	f6c56957          	vwmacc.vx	v18,a0,v12
   9c79a:	f6e469d7          	vwmacc.vx	v19,s0,v14
   9c79e:	26f7b657          	vand.vi	v12,v15,15
   9c7a2:	560a0493          	add	s1,s4,1376
   9c7a6:	02048707          	vle8.v	v14,(s1)
   9c7aa:	a2f237d7          	vsrl.vi	v15,v15,4
   9c7ae:	f6c560d7          	vwmacc.vx	v1,a0,v12
   9c7b2:	f6f46157          	vwmacc.vx	v2,s0,v15
   9c7b6:	26e7b657          	vand.vi	v12,v14,15
   9c7ba:	08a74503          	lbu	a0,138(a4)
   9c7be:	0aa74403          	lbu	s0,170(a4)
   9c7c2:	568a0493          	add	s1,s4,1384
   9c7c6:	02048787          	vle8.v	v15,(s1)
   9c7ca:	a2e23757          	vsrl.vi	v14,v14,4
   9c7ce:	f6c56957          	vwmacc.vx	v18,a0,v12
   9c7d2:	f6e469d7          	vwmacc.vx	v19,s0,v14
   9c7d6:	26f7b657          	vand.vi	v12,v15,15
   9c7da:	570a0493          	add	s1,s4,1392
   9c7de:	02048707          	vle8.v	v14,(s1)
   9c7e2:	a2f237d7          	vsrl.vi	v15,v15,4
   9c7e6:	f6c560d7          	vwmacc.vx	v1,a0,v12
   9c7ea:	f6f46157          	vwmacc.vx	v2,s0,v15
   9c7ee:	26e7b657          	vand.vi	v12,v14,15
   9c7f2:	08b74503          	lbu	a0,139(a4)
   9c7f6:	0ab74403          	lbu	s0,171(a4)
   9c7fa:	578a0493          	add	s1,s4,1400
   9c7fe:	02048787          	vle8.v	v15,(s1)
   9c802:	a2e23757          	vsrl.vi	v14,v14,4
   9c806:	f6c56957          	vwmacc.vx	v18,a0,v12
   9c80a:	f6e469d7          	vwmacc.vx	v19,s0,v14
   9c80e:	26f7b657          	vand.vi	v12,v15,15
   9c812:	580a0493          	add	s1,s4,1408
   9c816:	02048707          	vle8.v	v14,(s1)
   9c81a:	a2f237d7          	vsrl.vi	v15,v15,4
   9c81e:	f6c560d7          	vwmacc.vx	v1,a0,v12
   9c822:	f6f46157          	vwmacc.vx	v2,s0,v15
   9c826:	26e7b657          	vand.vi	v12,v14,15
   9c82a:	08c74503          	lbu	a0,140(a4)
   9c82e:	0ac74403          	lbu	s0,172(a4)
   9c832:	588a0493          	add	s1,s4,1416
   9c836:	02048787          	vle8.v	v15,(s1)
   9c83a:	a2e23757          	vsrl.vi	v14,v14,4
   9c83e:	f6c56957          	vwmacc.vx	v18,a0,v12
   9c842:	f6e469d7          	vwmacc.vx	v19,s0,v14
   9c846:	26f7b657          	vand.vi	v12,v15,15
   9c84a:	590a0493          	add	s1,s4,1424
   9c84e:	02048707          	vle8.v	v14,(s1)
   9c852:	a2f237d7          	vsrl.vi	v15,v15,4
   9c856:	f6c560d7          	vwmacc.vx	v1,a0,v12
   9c85a:	f6f46157          	vwmacc.vx	v2,s0,v15
   9c85e:	26e7b657          	vand.vi	v12,v14,15
   9c862:	08d74503          	lbu	a0,141(a4)
   9c866:	0ad74403          	lbu	s0,173(a4)
   9c86a:	598a0493          	add	s1,s4,1432
   9c86e:	02048787          	vle8.v	v15,(s1)
   9c872:	a2e23757          	vsrl.vi	v14,v14,4
   9c876:	f6c56957          	vwmacc.vx	v18,a0,v12
   9c87a:	f6e469d7          	vwmacc.vx	v19,s0,v14
   9c87e:	26f7b657          	vand.vi	v12,v15,15
   9c882:	5a0a0493          	add	s1,s4,1440
   9c886:	02048707          	vle8.v	v14,(s1)
   9c88a:	a2f237d7          	vsrl.vi	v15,v15,4
   9c88e:	f6c560d7          	vwmacc.vx	v1,a0,v12
   9c892:	f6f46157          	vwmacc.vx	v2,s0,v15
   9c896:	26e7b657          	vand.vi	v12,v14,15
   9c89a:	08e74503          	lbu	a0,142(a4)
   9c89e:	0ae74403          	lbu	s0,174(a4)
   9c8a2:	5a8a0493          	add	s1,s4,1448
   9c8a6:	02048787          	vle8.v	v15,(s1)
   9c8aa:	a2e23757          	vsrl.vi	v14,v14,4
   9c8ae:	f6c56957          	vwmacc.vx	v18,a0,v12
   9c8b2:	f6e469d7          	vwmacc.vx	v19,s0,v14
   9c8b6:	26f7b657          	vand.vi	v12,v15,15
   9c8ba:	5b0a0493          	add	s1,s4,1456
   9c8be:	02048707          	vle8.v	v14,(s1)
   9c8c2:	a2f237d7          	vsrl.vi	v15,v15,4
   9c8c6:	f6c560d7          	vwmacc.vx	v1,a0,v12
   9c8ca:	f6f46157          	vwmacc.vx	v2,s0,v15
   9c8ce:	26e7b657          	vand.vi	v12,v14,15
   9c8d2:	08f74503          	lbu	a0,143(a4)
   9c8d6:	0af74403          	lbu	s0,175(a4)
   9c8da:	5b8a0493          	add	s1,s4,1464
   9c8de:	02048787          	vle8.v	v15,(s1)
   9c8e2:	a2e23757          	vsrl.vi	v14,v14,4
   9c8e6:	f6c56957          	vwmacc.vx	v18,a0,v12
   9c8ea:	f6e469d7          	vwmacc.vx	v19,s0,v14
   9c8ee:	26f7b657          	vand.vi	v12,v15,15
   9c8f2:	5c0a0493          	add	s1,s4,1472
   9c8f6:	02048707          	vle8.v	v14,(s1)
   9c8fa:	a2f237d7          	vsrl.vi	v15,v15,4
   9c8fe:	f6c560d7          	vwmacc.vx	v1,a0,v12
   9c902:	f6f46157          	vwmacc.vx	v2,s0,v15
   9c906:	26e7b657          	vand.vi	v12,v14,15
   9c90a:	09074503          	lbu	a0,144(a4)
   9c90e:	0b074403          	lbu	s0,176(a4)
   9c912:	5c8a0493          	add	s1,s4,1480
   9c916:	02048787          	vle8.v	v15,(s1)
   9c91a:	a2e23757          	vsrl.vi	v14,v14,4
   9c91e:	f6c56957          	vwmacc.vx	v18,a0,v12
   9c922:	f6e469d7          	vwmacc.vx	v19,s0,v14
   9c926:	26f7b657          	vand.vi	v12,v15,15
   9c92a:	5d0a0493          	add	s1,s4,1488
   9c92e:	02048707          	vle8.v	v14,(s1)
   9c932:	a2f237d7          	vsrl.vi	v15,v15,4
   9c936:	f6c560d7          	vwmacc.vx	v1,a0,v12
   9c93a:	f6f46157          	vwmacc.vx	v2,s0,v15
   9c93e:	26e7b657          	vand.vi	v12,v14,15
   9c942:	09174503          	lbu	a0,145(a4)
   9c946:	0b174403          	lbu	s0,177(a4)
   9c94a:	5d8a0493          	add	s1,s4,1496
   9c94e:	02048787          	vle8.v	v15,(s1)
   9c952:	a2e23757          	vsrl.vi	v14,v14,4
   9c956:	f6c56957          	vwmacc.vx	v18,a0,v12
   9c95a:	f6e469d7          	vwmacc.vx	v19,s0,v14
   9c95e:	26f7b657          	vand.vi	v12,v15,15
   9c962:	5e0a0493          	add	s1,s4,1504
   9c966:	02048707          	vle8.v	v14,(s1)
   9c96a:	a2f237d7          	vsrl.vi	v15,v15,4
   9c96e:	f6c560d7          	vwmacc.vx	v1,a0,v12
   9c972:	f6f46157          	vwmacc.vx	v2,s0,v15
   9c976:	26e7b657          	vand.vi	v12,v14,15
   9c97a:	09274503          	lbu	a0,146(a4)
   9c97e:	0b274403          	lbu	s0,178(a4)
   9c982:	5e8a0493          	add	s1,s4,1512
   9c986:	02048787          	vle8.v	v15,(s1)
   9c98a:	a2e23757          	vsrl.vi	v14,v14,4
   9c98e:	f6c56957          	vwmacc.vx	v18,a0,v12
   9c992:	f6e469d7          	vwmacc.vx	v19,s0,v14
   9c996:	26f7b657          	vand.vi	v12,v15,15
   9c99a:	5f0a0493          	add	s1,s4,1520
   9c99e:	02048707          	vle8.v	v14,(s1)
   9c9a2:	a2f237d7          	vsrl.vi	v15,v15,4
   9c9a6:	f6c560d7          	vwmacc.vx	v1,a0,v12
   9c9aa:	f6f46157          	vwmacc.vx	v2,s0,v15
   9c9ae:	26e7b657          	vand.vi	v12,v14,15
   9c9b2:	09374503          	lbu	a0,147(a4)
   9c9b6:	0b374403          	lbu	s0,179(a4)
   9c9ba:	5f8a0493          	add	s1,s4,1528
   9c9be:	02048787          	vle8.v	v15,(s1)
   9c9c2:	a2e23757          	vsrl.vi	v14,v14,4
   9c9c6:	f6c56957          	vwmacc.vx	v18,a0,v12
   9c9ca:	f6e469d7          	vwmacc.vx	v19,s0,v14
   9c9ce:	26f7b657          	vand.vi	v12,v15,15
   9c9d2:	a2f23757          	vsrl.vi	v14,v15,4
   9c9d6:	f6c560d7          	vwmacc.vx	v1,a0,v12
   9c9da:	f6e46157          	vwmacc.vx	v2,s0,v14
   9c9de:	0c807057          	vsetvli	zero,zero,e16,m1,ta,ma
   9c9e2:	f7242e57          	vwmacc.vv	v28,v8,v18
   9c9e6:	f734ae57          	vwmacc.vv	v28,v9,v19
   9c9ea:	600a0513          	add	a0,s4,1536
   9c9ee:	02050607          	vle8.v	v12,(a0)
   9c9f2:	f6152d57          	vwmacc.vv	v26,v10,v1
   9c9f6:	f625ad57          	vwmacc.vv	v26,v11,v2
   9c9fa:	0c707057          	vsetvli	zero,zero,e8,mf2,ta,ma
   9c9fe:	26c7b757          	vand.vi	v14,v12,15
   9ca02:	09474503          	lbu	a0,148(a4)
   9ca06:	0b474403          	lbu	s0,180(a4)
   9ca0a:	608a0493          	add	s1,s4,1544
   9ca0e:	02048787          	vle8.v	v15,(s1)
   9ca12:	a2c23657          	vsrl.vi	v12,v12,4
   9ca16:	9e503957          	vmv1r.v	v18,v5
   9ca1a:	f6e56957          	vwmacc.vx	v18,a0,v14
   9ca1e:	9e5039d7          	vmv1r.v	v19,v5
   9ca22:	f6c469d7          	vwmacc.vx	v19,s0,v12
   9ca26:	26f7b657          	vand.vi	v12,v15,15
   9ca2a:	610a0493          	add	s1,s4,1552
   9ca2e:	02048707          	vle8.v	v14,(s1)
   9ca32:	a2f237d7          	vsrl.vi	v15,v15,4
   9ca36:	9e5030d7          	vmv1r.v	v1,v5
   9ca3a:	f6c560d7          	vwmacc.vx	v1,a0,v12
   9ca3e:	9e503157          	vmv1r.v	v2,v5
   9ca42:	f6f46157          	vwmacc.vx	v2,s0,v15
   9ca46:	26e7b657          	vand.vi	v12,v14,15
   9ca4a:	09574503          	lbu	a0,149(a4)
   9ca4e:	0b574403          	lbu	s0,181(a4)
   9ca52:	618a0493          	add	s1,s4,1560
   9ca56:	02048787          	vle8.v	v15,(s1)
   9ca5a:	a2e23757          	vsrl.vi	v14,v14,4
   9ca5e:	f6c56957          	vwmacc.vx	v18,a0,v12
   9ca62:	f6e469d7          	vwmacc.vx	v19,s0,v14
   9ca66:	26f7b657          	vand.vi	v12,v15,15
   9ca6a:	620a0493          	add	s1,s4,1568
   9ca6e:	02048707          	vle8.v	v14,(s1)
   9ca72:	a2f237d7          	vsrl.vi	v15,v15,4
   9ca76:	f6c560d7          	vwmacc.vx	v1,a0,v12
   9ca7a:	f6f46157          	vwmacc.vx	v2,s0,v15
   9ca7e:	26e7b657          	vand.vi	v12,v14,15
   9ca82:	09674503          	lbu	a0,150(a4)
   9ca86:	0b674403          	lbu	s0,182(a4)
   9ca8a:	628a0493          	add	s1,s4,1576
   9ca8e:	02048787          	vle8.v	v15,(s1)
   9ca92:	a2e23757          	vsrl.vi	v14,v14,4
   9ca96:	f6c56957          	vwmacc.vx	v18,a0,v12
   9ca9a:	f6e469d7          	vwmacc.vx	v19,s0,v14
   9ca9e:	26f7b657          	vand.vi	v12,v15,15
   9caa2:	630a0493          	add	s1,s4,1584
   9caa6:	02048707          	vle8.v	v14,(s1)
   9caaa:	a2f237d7          	vsrl.vi	v15,v15,4
   9caae:	f6c560d7          	vwmacc.vx	v1,a0,v12
   9cab2:	f6f46157          	vwmacc.vx	v2,s0,v15
   9cab6:	26e7b657          	vand.vi	v12,v14,15
   9caba:	09774503          	lbu	a0,151(a4)
   9cabe:	0b774403          	lbu	s0,183(a4)
   9cac2:	638a0493          	add	s1,s4,1592
   9cac6:	02048787          	vle8.v	v15,(s1)
   9caca:	a2e23757          	vsrl.vi	v14,v14,4
   9cace:	f6c56957          	vwmacc.vx	v18,a0,v12
   9cad2:	f6e469d7          	vwmacc.vx	v19,s0,v14
   9cad6:	26f7b657          	vand.vi	v12,v15,15
   9cada:	640a0493          	add	s1,s4,1600
   9cade:	02048707          	vle8.v	v14,(s1)
   9cae2:	a2f237d7          	vsrl.vi	v15,v15,4
   9cae6:	f6c560d7          	vwmacc.vx	v1,a0,v12
   9caea:	f6f46157          	vwmacc.vx	v2,s0,v15
   9caee:	26e7b657          	vand.vi	v12,v14,15
   9caf2:	09874503          	lbu	a0,152(a4)
   9caf6:	0b874403          	lbu	s0,184(a4)
   9cafa:	648a0493          	add	s1,s4,1608
   9cafe:	02048787          	vle8.v	v15,(s1)
   9cb02:	a2e23757          	vsrl.vi	v14,v14,4
   9cb06:	f6c56957          	vwmacc.vx	v18,a0,v12
   9cb0a:	f6e469d7          	vwmacc.vx	v19,s0,v14
   9cb0e:	26f7b657          	vand.vi	v12,v15,15
   9cb12:	650a0493          	add	s1,s4,1616
   9cb16:	02048707          	vle8.v	v14,(s1)
   9cb1a:	a2f237d7          	vsrl.vi	v15,v15,4
   9cb1e:	f6c560d7          	vwmacc.vx	v1,a0,v12
   9cb22:	f6f46157          	vwmacc.vx	v2,s0,v15
   9cb26:	26e7b657          	vand.vi	v12,v14,15
   9cb2a:	09974503          	lbu	a0,153(a4)
   9cb2e:	0b974403          	lbu	s0,185(a4)
   9cb32:	658a0493          	add	s1,s4,1624
   9cb36:	02048787          	vle8.v	v15,(s1)
   9cb3a:	a2e23757          	vsrl.vi	v14,v14,4
   9cb3e:	f6c56957          	vwmacc.vx	v18,a0,v12
   9cb42:	f6e469d7          	vwmacc.vx	v19,s0,v14
   9cb46:	26f7b657          	vand.vi	v12,v15,15
   9cb4a:	660a0493          	add	s1,s4,1632
   9cb4e:	02048707          	vle8.v	v14,(s1)
   9cb52:	a2f237d7          	vsrl.vi	v15,v15,4
   9cb56:	f6c560d7          	vwmacc.vx	v1,a0,v12
   9cb5a:	f6f46157          	vwmacc.vx	v2,s0,v15
   9cb5e:	26e7b657          	vand.vi	v12,v14,15
   9cb62:	09a74503          	lbu	a0,154(a4)
   9cb66:	0ba74403          	lbu	s0,186(a4)
   9cb6a:	668a0493          	add	s1,s4,1640
   9cb6e:	02048787          	vle8.v	v15,(s1)
   9cb72:	a2e23757          	vsrl.vi	v14,v14,4
   9cb76:	f6c56957          	vwmacc.vx	v18,a0,v12
   9cb7a:	f6e469d7          	vwmacc.vx	v19,s0,v14
   9cb7e:	26f7b657          	vand.vi	v12,v15,15
   9cb82:	670a0493          	add	s1,s4,1648
   9cb86:	02048707          	vle8.v	v14,(s1)
   9cb8a:	a2f237d7          	vsrl.vi	v15,v15,4
   9cb8e:	f6c560d7          	vwmacc.vx	v1,a0,v12
   9cb92:	f6f46157          	vwmacc.vx	v2,s0,v15
   9cb96:	26e7b657          	vand.vi	v12,v14,15
   9cb9a:	09b74503          	lbu	a0,155(a4)
   9cb9e:	0bb74403          	lbu	s0,187(a4)
   9cba2:	678a0493          	add	s1,s4,1656
   9cba6:	02048787          	vle8.v	v15,(s1)
   9cbaa:	a2e23757          	vsrl.vi	v14,v14,4
   9cbae:	f6c56957          	vwmacc.vx	v18,a0,v12
   9cbb2:	f6e469d7          	vwmacc.vx	v19,s0,v14
   9cbb6:	26f7b657          	vand.vi	v12,v15,15
   9cbba:	680a0493          	add	s1,s4,1664
   9cbbe:	02048707          	vle8.v	v14,(s1)
   9cbc2:	a2f237d7          	vsrl.vi	v15,v15,4
   9cbc6:	f6c560d7          	vwmacc.vx	v1,a0,v12
   9cbca:	f6f46157          	vwmacc.vx	v2,s0,v15
   9cbce:	26e7b657          	vand.vi	v12,v14,15
   9cbd2:	09c74503          	lbu	a0,156(a4)
   9cbd6:	0bc74403          	lbu	s0,188(a4)
   9cbda:	688a0493          	add	s1,s4,1672
   9cbde:	02048787          	vle8.v	v15,(s1)
   9cbe2:	a2e23757          	vsrl.vi	v14,v14,4
   9cbe6:	f6c56957          	vwmacc.vx	v18,a0,v12
   9cbea:	f6e469d7          	vwmacc.vx	v19,s0,v14
   9cbee:	26f7b657          	vand.vi	v12,v15,15
   9cbf2:	690a0493          	add	s1,s4,1680
   9cbf6:	02048707          	vle8.v	v14,(s1)
   9cbfa:	a2f237d7          	vsrl.vi	v15,v15,4
   9cbfe:	f6c560d7          	vwmacc.vx	v1,a0,v12
   9cc02:	f6f46157          	vwmacc.vx	v2,s0,v15
   9cc06:	26e7b657          	vand.vi	v12,v14,15
   9cc0a:	09d74503          	lbu	a0,157(a4)
   9cc0e:	0bd74403          	lbu	s0,189(a4)
   9cc12:	698a0493          	add	s1,s4,1688
   9cc16:	02048787          	vle8.v	v15,(s1)
   9cc1a:	a2e23757          	vsrl.vi	v14,v14,4
   9cc1e:	f6c56957          	vwmacc.vx	v18,a0,v12
   9cc22:	f6e469d7          	vwmacc.vx	v19,s0,v14
   9cc26:	26f7b657          	vand.vi	v12,v15,15
   9cc2a:	6a0a0493          	add	s1,s4,1696
   9cc2e:	02048707          	vle8.v	v14,(s1)
   9cc32:	a2f237d7          	vsrl.vi	v15,v15,4
   9cc36:	f6c560d7          	vwmacc.vx	v1,a0,v12
   9cc3a:	f6f46157          	vwmacc.vx	v2,s0,v15
   9cc3e:	26e7b657          	vand.vi	v12,v14,15
   9cc42:	09e74503          	lbu	a0,158(a4)
   9cc46:	0be74403          	lbu	s0,190(a4)
   9cc4a:	6a8a0493          	add	s1,s4,1704
   9cc4e:	02048787          	vle8.v	v15,(s1)
   9cc52:	a2e23757          	vsrl.vi	v14,v14,4
   9cc56:	f6c56957          	vwmacc.vx	v18,a0,v12
   9cc5a:	f6e469d7          	vwmacc.vx	v19,s0,v14
   9cc5e:	26f7b657          	vand.vi	v12,v15,15
   9cc62:	6b0a0493          	add	s1,s4,1712
   9cc66:	02048707          	vle8.v	v14,(s1)
   9cc6a:	a2f237d7          	vsrl.vi	v15,v15,4
   9cc6e:	f6c560d7          	vwmacc.vx	v1,a0,v12
   9cc72:	f6f46157          	vwmacc.vx	v2,s0,v15
   9cc76:	26e7b657          	vand.vi	v12,v14,15
   9cc7a:	09f74503          	lbu	a0,159(a4)
   9cc7e:	0bf74403          	lbu	s0,191(a4)
   9cc82:	6b8a0493          	add	s1,s4,1720
   9cc86:	02048787          	vle8.v	v15,(s1)
   9cc8a:	a2e23757          	vsrl.vi	v14,v14,4
   9cc8e:	f6c56957          	vwmacc.vx	v18,a0,v12
   9cc92:	f6e469d7          	vwmacc.vx	v19,s0,v14
   9cc96:	26f7b657          	vand.vi	v12,v15,15
   9cc9a:	6c0a0493          	add	s1,s4,1728
   9cc9e:	02048707          	vle8.v	v14,(s1)
   9cca2:	a2f237d7          	vsrl.vi	v15,v15,4
   9cca6:	f6c560d7          	vwmacc.vx	v1,a0,v12
   9ccaa:	f6f46157          	vwmacc.vx	v2,s0,v15
   9ccae:	26e7b657          	vand.vi	v12,v14,15
   9ccb2:	0a074503          	lbu	a0,160(a4)
   9ccb6:	0c074403          	lbu	s0,192(a4)
   9ccba:	6c8a0493          	add	s1,s4,1736
   9ccbe:	02048787          	vle8.v	v15,(s1)
   9ccc2:	a2e23757          	vsrl.vi	v14,v14,4
   9ccc6:	f6c56957          	vwmacc.vx	v18,a0,v12
   9ccca:	f6e469d7          	vwmacc.vx	v19,s0,v14
   9ccce:	26f7b657          	vand.vi	v12,v15,15
   9ccd2:	6d0a0493          	add	s1,s4,1744
   9ccd6:	02048707          	vle8.v	v14,(s1)
   9ccda:	a2f237d7          	vsrl.vi	v15,v15,4
   9ccde:	f6c560d7          	vwmacc.vx	v1,a0,v12
   9cce2:	f6f46157          	vwmacc.vx	v2,s0,v15
   9cce6:	26e7b657          	vand.vi	v12,v14,15
   9ccea:	0a174503          	lbu	a0,161(a4)
   9ccee:	0c174403          	lbu	s0,193(a4)
   9ccf2:	6d8a0493          	add	s1,s4,1752
   9ccf6:	02048787          	vle8.v	v15,(s1)
   9ccfa:	a2e23757          	vsrl.vi	v14,v14,4
   9ccfe:	f6c56957          	vwmacc.vx	v18,a0,v12
   9cd02:	f6e469d7          	vwmacc.vx	v19,s0,v14
   9cd06:	26f7b657          	vand.vi	v12,v15,15
   9cd0a:	6e0a0493          	add	s1,s4,1760
   9cd0e:	02048707          	vle8.v	v14,(s1)
   9cd12:	a2f237d7          	vsrl.vi	v15,v15,4
   9cd16:	f6c560d7          	vwmacc.vx	v1,a0,v12
   9cd1a:	f6f46157          	vwmacc.vx	v2,s0,v15
   9cd1e:	26e7b657          	vand.vi	v12,v14,15
   9cd22:	0a274503          	lbu	a0,162(a4)
   9cd26:	0c274403          	lbu	s0,194(a4)
   9cd2a:	6e8a0493          	add	s1,s4,1768
   9cd2e:	02048787          	vle8.v	v15,(s1)
   9cd32:	a2e23757          	vsrl.vi	v14,v14,4
   9cd36:	f6c56957          	vwmacc.vx	v18,a0,v12
   9cd3a:	f6e469d7          	vwmacc.vx	v19,s0,v14
   9cd3e:	26f7b657          	vand.vi	v12,v15,15
   9cd42:	6f0a0493          	add	s1,s4,1776
   9cd46:	02048707          	vle8.v	v14,(s1)
   9cd4a:	a2f237d7          	vsrl.vi	v15,v15,4
   9cd4e:	f6c560d7          	vwmacc.vx	v1,a0,v12
   9cd52:	f6f46157          	vwmacc.vx	v2,s0,v15
   9cd56:	26e7b657          	vand.vi	v12,v14,15
   9cd5a:	0a374503          	lbu	a0,163(a4)
   9cd5e:	0c374403          	lbu	s0,195(a4)
   9cd62:	6f8a0493          	add	s1,s4,1784
   9cd66:	02048787          	vle8.v	v15,(s1)
   9cd6a:	f6c56957          	vwmacc.vx	v18,a0,v12
   9cd6e:	a2e23657          	vsrl.vi	v12,v14,4
   9cd72:	f6c469d7          	vwmacc.vx	v19,s0,v12
   9cd76:	26f7b657          	vand.vi	v12,v15,15
   9cd7a:	f6c560d7          	vwmacc.vx	v1,a0,v12
   9cd7e:	a2f23657          	vsrl.vi	v12,v15,4
   9cd82:	f6c46157          	vwmacc.vx	v2,s0,v12
   9cd86:	0c807057          	vsetvli	zero,zero,e16,m1,ta,ma
   9cd8a:	f7242e57          	vwmacc.vv	v28,v8,v18
   9cd8e:	f734ae57          	vwmacc.vv	v28,v9,v19
   9cd92:	700a0513          	add	a0,s4,1792
   9cd96:	02050407          	vle8.v	v8,(a0)
   9cd9a:	f6152d57          	vwmacc.vv	v26,v10,v1
   9cd9e:	f625ad57          	vwmacc.vv	v26,v11,v2
   9cda2:	0c707057          	vsetvli	zero,zero,e8,mf2,ta,ma
   9cda6:	2687b4d7          	vand.vi	v9,v8,15
   9cdaa:	0c474503          	lbu	a0,196(a4)
   9cdae:	0e474403          	lbu	s0,228(a4)
   9cdb2:	708a0493          	add	s1,s4,1800
   9cdb6:	02048507          	vle8.v	v10,(s1)
   9cdba:	a28235d7          	vsrl.vi	v11,v8,4
   9cdbe:	9e503457          	vmv1r.v	v8,v5
   9cdc2:	f6956457          	vwmacc.vx	v8,a0,v9
   9cdc6:	9e5034d7          	vmv1r.v	v9,v5
   9cdca:	f6b464d7          	vwmacc.vx	v9,s0,v11
   9cdce:	26a7b5d7          	vand.vi	v11,v10,15
   9cdd2:	710a0493          	add	s1,s4,1808
   9cdd6:	02048607          	vle8.v	v12,(s1)
   9cdda:	a2a23757          	vsrl.vi	v14,v10,4
   9cdde:	9e503557          	vmv1r.v	v10,v5
   9cde2:	f6b56557          	vwmacc.vx	v10,a0,v11
   9cde6:	9e5035d7          	vmv1r.v	v11,v5
   9cdea:	f6e465d7          	vwmacc.vx	v11,s0,v14
   9cdee:	26c7b757          	vand.vi	v14,v12,15
   9cdf2:	0c574503          	lbu	a0,197(a4)
   9cdf6:	0e574403          	lbu	s0,229(a4)
   9cdfa:	718a0493          	add	s1,s4,1816
   9cdfe:	02048787          	vle8.v	v15,(s1)
   9ce02:	a2c23657          	vsrl.vi	v12,v12,4
   9ce06:	f6e56457          	vwmacc.vx	v8,a0,v14
   9ce0a:	f6c464d7          	vwmacc.vx	v9,s0,v12
   9ce0e:	26f7b657          	vand.vi	v12,v15,15
   9ce12:	720a0493          	add	s1,s4,1824
   9ce16:	02048707          	vle8.v	v14,(s1)
   9ce1a:	a2f237d7          	vsrl.vi	v15,v15,4
   9ce1e:	f6c56557          	vwmacc.vx	v10,a0,v12
   9ce22:	f6f465d7          	vwmacc.vx	v11,s0,v15
   9ce26:	26e7b657          	vand.vi	v12,v14,15
   9ce2a:	0c674503          	lbu	a0,198(a4)
   9ce2e:	0e674403          	lbu	s0,230(a4)
   9ce32:	728a0493          	add	s1,s4,1832
   9ce36:	02048787          	vle8.v	v15,(s1)
   9ce3a:	a2e23757          	vsrl.vi	v14,v14,4
   9ce3e:	f6c56457          	vwmacc.vx	v8,a0,v12
   9ce42:	f6e464d7          	vwmacc.vx	v9,s0,v14
   9ce46:	26f7b657          	vand.vi	v12,v15,15
   9ce4a:	730a0493          	add	s1,s4,1840
   9ce4e:	02048707          	vle8.v	v14,(s1)
   9ce52:	a2f237d7          	vsrl.vi	v15,v15,4
   9ce56:	f6c56557          	vwmacc.vx	v10,a0,v12
   9ce5a:	f6f465d7          	vwmacc.vx	v11,s0,v15
   9ce5e:	26e7b657          	vand.vi	v12,v14,15
   9ce62:	0c774503          	lbu	a0,199(a4)
   9ce66:	0e774403          	lbu	s0,231(a4)
   9ce6a:	738a0493          	add	s1,s4,1848
   9ce6e:	02048787          	vle8.v	v15,(s1)
   9ce72:	a2e23757          	vsrl.vi	v14,v14,4
   9ce76:	f6c56457          	vwmacc.vx	v8,a0,v12
   9ce7a:	f6e464d7          	vwmacc.vx	v9,s0,v14
   9ce7e:	26f7b657          	vand.vi	v12,v15,15
   9ce82:	740a0493          	add	s1,s4,1856
   9ce86:	02048707          	vle8.v	v14,(s1)
   9ce8a:	a2f237d7          	vsrl.vi	v15,v15,4
   9ce8e:	f6c56557          	vwmacc.vx	v10,a0,v12
   9ce92:	f6f465d7          	vwmacc.vx	v11,s0,v15
   9ce96:	26e7b657          	vand.vi	v12,v14,15
   9ce9a:	0c874503          	lbu	a0,200(a4)
   9ce9e:	0e874403          	lbu	s0,232(a4)
   9cea2:	748a0493          	add	s1,s4,1864
   9cea6:	02048787          	vle8.v	v15,(s1)
   9ceaa:	a2e23757          	vsrl.vi	v14,v14,4
   9ceae:	f6c56457          	vwmacc.vx	v8,a0,v12
   9ceb2:	f6e464d7          	vwmacc.vx	v9,s0,v14
   9ceb6:	26f7b657          	vand.vi	v12,v15,15
   9ceba:	750a0493          	add	s1,s4,1872
   9cebe:	02048707          	vle8.v	v14,(s1)
   9cec2:	a2f237d7          	vsrl.vi	v15,v15,4
   9cec6:	f6c56557          	vwmacc.vx	v10,a0,v12
   9ceca:	f6f465d7          	vwmacc.vx	v11,s0,v15
   9cece:	26e7b657          	vand.vi	v12,v14,15
   9ced2:	0c974503          	lbu	a0,201(a4)
   9ced6:	0e974403          	lbu	s0,233(a4)
   9ceda:	758a0493          	add	s1,s4,1880
   9cede:	02048787          	vle8.v	v15,(s1)
   9cee2:	a2e23757          	vsrl.vi	v14,v14,4
   9cee6:	f6c56457          	vwmacc.vx	v8,a0,v12
   9ceea:	f6e464d7          	vwmacc.vx	v9,s0,v14
   9ceee:	26f7b657          	vand.vi	v12,v15,15
   9cef2:	760a0493          	add	s1,s4,1888
   9cef6:	02048707          	vle8.v	v14,(s1)
   9cefa:	a2f237d7          	vsrl.vi	v15,v15,4
   9cefe:	f6c56557          	vwmacc.vx	v10,a0,v12
   9cf02:	f6f465d7          	vwmacc.vx	v11,s0,v15
   9cf06:	26e7b657          	vand.vi	v12,v14,15
   9cf0a:	0ca74503          	lbu	a0,202(a4)
   9cf0e:	0ea74403          	lbu	s0,234(a4)
   9cf12:	768a0493          	add	s1,s4,1896
   9cf16:	02048787          	vle8.v	v15,(s1)
   9cf1a:	a2e23757          	vsrl.vi	v14,v14,4
   9cf1e:	f6c56457          	vwmacc.vx	v8,a0,v12
   9cf22:	f6e464d7          	vwmacc.vx	v9,s0,v14
   9cf26:	26f7b657          	vand.vi	v12,v15,15
   9cf2a:	770a0493          	add	s1,s4,1904
   9cf2e:	02048707          	vle8.v	v14,(s1)
   9cf32:	a2f237d7          	vsrl.vi	v15,v15,4
   9cf36:	f6c56557          	vwmacc.vx	v10,a0,v12
   9cf3a:	f6f465d7          	vwmacc.vx	v11,s0,v15
   9cf3e:	26e7b657          	vand.vi	v12,v14,15
   9cf42:	0cb74503          	lbu	a0,203(a4)
   9cf46:	0eb74403          	lbu	s0,235(a4)
   9cf4a:	778a0493          	add	s1,s4,1912
   9cf4e:	02048787          	vle8.v	v15,(s1)
   9cf52:	a2e23757          	vsrl.vi	v14,v14,4
   9cf56:	f6c56457          	vwmacc.vx	v8,a0,v12
   9cf5a:	f6e464d7          	vwmacc.vx	v9,s0,v14
   9cf5e:	26f7b657          	vand.vi	v12,v15,15
   9cf62:	780a0493          	add	s1,s4,1920
   9cf66:	02048707          	vle8.v	v14,(s1)
   9cf6a:	a2f237d7          	vsrl.vi	v15,v15,4
   9cf6e:	f6c56557          	vwmacc.vx	v10,a0,v12
   9cf72:	f6f465d7          	vwmacc.vx	v11,s0,v15
   9cf76:	26e7b657          	vand.vi	v12,v14,15
   9cf7a:	0cc74503          	lbu	a0,204(a4)
   9cf7e:	0ec74403          	lbu	s0,236(a4)
   9cf82:	788a0493          	add	s1,s4,1928
   9cf86:	02048787          	vle8.v	v15,(s1)
   9cf8a:	a2e23757          	vsrl.vi	v14,v14,4
   9cf8e:	f6c56457          	vwmacc.vx	v8,a0,v12
   9cf92:	f6e464d7          	vwmacc.vx	v9,s0,v14
   9cf96:	26f7b657          	vand.vi	v12,v15,15
   9cf9a:	790a0493          	add	s1,s4,1936
   9cf9e:	02048707          	vle8.v	v14,(s1)
   9cfa2:	a2f237d7          	vsrl.vi	v15,v15,4
   9cfa6:	f6c56557          	vwmacc.vx	v10,a0,v12
   9cfaa:	f6f465d7          	vwmacc.vx	v11,s0,v15
   9cfae:	26e7b657          	vand.vi	v12,v14,15
   9cfb2:	0cd74503          	lbu	a0,205(a4)
   9cfb6:	0ed74403          	lbu	s0,237(a4)
   9cfba:	798a0493          	add	s1,s4,1944
   9cfbe:	02048787          	vle8.v	v15,(s1)
   9cfc2:	a2e23757          	vsrl.vi	v14,v14,4
   9cfc6:	f6c56457          	vwmacc.vx	v8,a0,v12
   9cfca:	f6e464d7          	vwmacc.vx	v9,s0,v14
   9cfce:	26f7b657          	vand.vi	v12,v15,15
   9cfd2:	7a0a0493          	add	s1,s4,1952
   9cfd6:	02048707          	vle8.v	v14,(s1)
   9cfda:	a2f237d7          	vsrl.vi	v15,v15,4
   9cfde:	f6c56557          	vwmacc.vx	v10,a0,v12
   9cfe2:	f6f465d7          	vwmacc.vx	v11,s0,v15
   9cfe6:	26e7b657          	vand.vi	v12,v14,15
   9cfea:	0ce74503          	lbu	a0,206(a4)
   9cfee:	0ee74403          	lbu	s0,238(a4)
   9cff2:	7a8a0493          	add	s1,s4,1960
   9cff6:	02048787          	vle8.v	v15,(s1)
   9cffa:	a2e23757          	vsrl.vi	v14,v14,4
   9cffe:	f6c56457          	vwmacc.vx	v8,a0,v12
   9d002:	f6e464d7          	vwmacc.vx	v9,s0,v14
   9d006:	26f7b657          	vand.vi	v12,v15,15
   9d00a:	7b0a0493          	add	s1,s4,1968
   9d00e:	02048707          	vle8.v	v14,(s1)
   9d012:	a2f237d7          	vsrl.vi	v15,v15,4
   9d016:	f6c56557          	vwmacc.vx	v10,a0,v12
   9d01a:	f6f465d7          	vwmacc.vx	v11,s0,v15
   9d01e:	26e7b657          	vand.vi	v12,v14,15
   9d022:	0cf74503          	lbu	a0,207(a4)
   9d026:	0ef74403          	lbu	s0,239(a4)
   9d02a:	7b8a0493          	add	s1,s4,1976
   9d02e:	02048787          	vle8.v	v15,(s1)
   9d032:	a2e23757          	vsrl.vi	v14,v14,4
   9d036:	f6c56457          	vwmacc.vx	v8,a0,v12
   9d03a:	f6e464d7          	vwmacc.vx	v9,s0,v14
   9d03e:	26f7b657          	vand.vi	v12,v15,15
   9d042:	7c0a0493          	add	s1,s4,1984
   9d046:	02048707          	vle8.v	v14,(s1)
   9d04a:	a2f237d7          	vsrl.vi	v15,v15,4
   9d04e:	f6c56557          	vwmacc.vx	v10,a0,v12
   9d052:	f6f465d7          	vwmacc.vx	v11,s0,v15
   9d056:	26e7b657          	vand.vi	v12,v14,15
   9d05a:	0d074503          	lbu	a0,208(a4)
   9d05e:	0f074403          	lbu	s0,240(a4)
   9d062:	7c8a0493          	add	s1,s4,1992
   9d066:	02048787          	vle8.v	v15,(s1)
   9d06a:	a2e23757          	vsrl.vi	v14,v14,4
   9d06e:	f6c56457          	vwmacc.vx	v8,a0,v12
   9d072:	f6e464d7          	vwmacc.vx	v9,s0,v14
   9d076:	26f7b657          	vand.vi	v12,v15,15
   9d07a:	7d0a0493          	add	s1,s4,2000
   9d07e:	02048707          	vle8.v	v14,(s1)
   9d082:	a2f237d7          	vsrl.vi	v15,v15,4
   9d086:	f6c56557          	vwmacc.vx	v10,a0,v12
   9d08a:	f6f465d7          	vwmacc.vx	v11,s0,v15
   9d08e:	26e7b657          	vand.vi	v12,v14,15
   9d092:	0d174503          	lbu	a0,209(a4)
   9d096:	0f174403          	lbu	s0,241(a4)
   9d09a:	7d8a0493          	add	s1,s4,2008
   9d09e:	02048787          	vle8.v	v15,(s1)
   9d0a2:	a2e23757          	vsrl.vi	v14,v14,4
   9d0a6:	f6c56457          	vwmacc.vx	v8,a0,v12
   9d0aa:	f6e464d7          	vwmacc.vx	v9,s0,v14
   9d0ae:	26f7b657          	vand.vi	v12,v15,15
   9d0b2:	7e0a0493          	add	s1,s4,2016
   9d0b6:	02048707          	vle8.v	v14,(s1)
   9d0ba:	a2f237d7          	vsrl.vi	v15,v15,4
   9d0be:	f6c56557          	vwmacc.vx	v10,a0,v12
   9d0c2:	f6f465d7          	vwmacc.vx	v11,s0,v15
   9d0c6:	26e7b657          	vand.vi	v12,v14,15
   9d0ca:	0d274503          	lbu	a0,210(a4)
   9d0ce:	0f274403          	lbu	s0,242(a4)
   9d0d2:	7e8a0493          	add	s1,s4,2024
   9d0d6:	02048787          	vle8.v	v15,(s1)
   9d0da:	a2e23757          	vsrl.vi	v14,v14,4
   9d0de:	f6c56457          	vwmacc.vx	v8,a0,v12
   9d0e2:	f6e464d7          	vwmacc.vx	v9,s0,v14
   9d0e6:	26f7b657          	vand.vi	v12,v15,15
   9d0ea:	7f0a0493          	add	s1,s4,2032
   9d0ee:	02048707          	vle8.v	v14,(s1)
   9d0f2:	a2f237d7          	vsrl.vi	v15,v15,4
   9d0f6:	f6c56557          	vwmacc.vx	v10,a0,v12
   9d0fa:	f6f465d7          	vwmacc.vx	v11,s0,v15
   9d0fe:	26e7b657          	vand.vi	v12,v14,15
   9d102:	0d374503          	lbu	a0,211(a4)
   9d106:	0f374403          	lbu	s0,243(a4)
   9d10a:	7f8a0493          	add	s1,s4,2040
   9d10e:	02048787          	vle8.v	v15,(s1)
   9d112:	a2e23757          	vsrl.vi	v14,v14,4
   9d116:	f6c56457          	vwmacc.vx	v8,a0,v12
   9d11a:	f6e464d7          	vwmacc.vx	v9,s0,v14
   9d11e:	26f7b657          	vand.vi	v12,v15,15
   9d122:	a2f23757          	vsrl.vi	v14,v15,4
   9d126:	f6c56557          	vwmacc.vx	v10,a0,v12
   9d12a:	f6e465d7          	vwmacc.vx	v11,s0,v14
   9d12e:	0c807057          	vsetvli	zero,zero,e16,m1,ta,ma
   9d132:	f686ae57          	vwmacc.vv	v28,v13,v8
   9d136:	f69fae57          	vwmacc.vv	v28,v31,v9
   9d13a:	7ffa0793          	add	a5,s4,2047
   9d13e:	00178513          	add	a0,a5,1
   9d142:	02050407          	vle8.v	v8,(a0)
   9d146:	f6a02d57          	vwmacc.vv	v26,v0,v10
   9d14a:	f6bf2d57          	vwmacc.vv	v26,v30,v11
   9d14e:	0c707057          	vsetvli	zero,zero,e8,mf2,ta,ma
   9d152:	2687b557          	vand.vi	v10,v8,15
   9d156:	0d474503          	lbu	a0,212(a4)
   9d15a:	0f474983          	lbu	s3,244(a4)
   9d15e:	00978413          	add	s0,a5,9
   9d162:	02040587          	vle8.v	v11,(s0)
   9d166:	a2823657          	vsrl.vi	v12,v8,4
   9d16a:	9e5034d7          	vmv1r.v	v9,v5
   9d16e:	f6a564d7          	vwmacc.vx	v9,a0,v10
   9d172:	9e503457          	vmv1r.v	v8,v5
   9d176:	f6c9e457          	vwmacc.vx	v8,s3,v12
   9d17a:	26b7b657          	vand.vi	v12,v11,15
   9d17e:	01178413          	add	s0,a5,17
   9d182:	02040707          	vle8.v	v14,(s0)
   9d186:	a2b237d7          	vsrl.vi	v15,v11,4
   9d18a:	9e503557          	vmv1r.v	v10,v5
   9d18e:	f6c56557          	vwmacc.vx	v10,a0,v12
   9d192:	9e5035d7          	vmv1r.v	v11,v5
   9d196:	f6f9e5d7          	vwmacc.vx	v11,s3,v15
   9d19a:	26e7b657          	vand.vi	v12,v14,15
   9d19e:	0d574503          	lbu	a0,213(a4)
   9d1a2:	0f574403          	lbu	s0,245(a4)
   9d1a6:	01978493          	add	s1,a5,25
   9d1aa:	02048787          	vle8.v	v15,(s1)
   9d1ae:	a2e23757          	vsrl.vi	v14,v14,4
   9d1b2:	f6c564d7          	vwmacc.vx	v9,a0,v12
   9d1b6:	f6e46457          	vwmacc.vx	v8,s0,v14
   9d1ba:	26f7b657          	vand.vi	v12,v15,15
   9d1be:	02178493          	add	s1,a5,33
   9d1c2:	02048707          	vle8.v	v14,(s1)
   9d1c6:	a2f237d7          	vsrl.vi	v15,v15,4
   9d1ca:	f6c56557          	vwmacc.vx	v10,a0,v12
   9d1ce:	f6f465d7          	vwmacc.vx	v11,s0,v15
   9d1d2:	26e7b657          	vand.vi	v12,v14,15
   9d1d6:	0d674503          	lbu	a0,214(a4)
   9d1da:	0f674403          	lbu	s0,246(a4)
   9d1de:	02978493          	add	s1,a5,41
   9d1e2:	02048787          	vle8.v	v15,(s1)
   9d1e6:	a2e23757          	vsrl.vi	v14,v14,4
   9d1ea:	f6c564d7          	vwmacc.vx	v9,a0,v12
   9d1ee:	f6e46457          	vwmacc.vx	v8,s0,v14
   9d1f2:	26f7b657          	vand.vi	v12,v15,15
   9d1f6:	03178493          	add	s1,a5,49
   9d1fa:	02048707          	vle8.v	v14,(s1)
   9d1fe:	a2f237d7          	vsrl.vi	v15,v15,4
   9d202:	f6c56557          	vwmacc.vx	v10,a0,v12
   9d206:	f6f465d7          	vwmacc.vx	v11,s0,v15
   9d20a:	26e7b657          	vand.vi	v12,v14,15
   9d20e:	0d774503          	lbu	a0,215(a4)
   9d212:	0f774403          	lbu	s0,247(a4)
   9d216:	03978493          	add	s1,a5,57
   9d21a:	02048787          	vle8.v	v15,(s1)
   9d21e:	a2e23757          	vsrl.vi	v14,v14,4
   9d222:	f6c564d7          	vwmacc.vx	v9,a0,v12
   9d226:	f6e46457          	vwmacc.vx	v8,s0,v14
   9d22a:	26f7b657          	vand.vi	v12,v15,15
   9d22e:	04178493          	add	s1,a5,65
   9d232:	02048707          	vle8.v	v14,(s1)
   9d236:	a2f237d7          	vsrl.vi	v15,v15,4
   9d23a:	f6c56557          	vwmacc.vx	v10,a0,v12
   9d23e:	f6f465d7          	vwmacc.vx	v11,s0,v15
   9d242:	26e7b657          	vand.vi	v12,v14,15
   9d246:	0d874503          	lbu	a0,216(a4)
   9d24a:	0f874403          	lbu	s0,248(a4)
   9d24e:	04978493          	add	s1,a5,73
   9d252:	02048787          	vle8.v	v15,(s1)
   9d256:	a2e23757          	vsrl.vi	v14,v14,4
   9d25a:	f6c564d7          	vwmacc.vx	v9,a0,v12
   9d25e:	f6e46457          	vwmacc.vx	v8,s0,v14
   9d262:	26f7b657          	vand.vi	v12,v15,15
   9d266:	05178493          	add	s1,a5,81
   9d26a:	02048707          	vle8.v	v14,(s1)
   9d26e:	a2f237d7          	vsrl.vi	v15,v15,4
   9d272:	f6c56557          	vwmacc.vx	v10,a0,v12
   9d276:	f6f465d7          	vwmacc.vx	v11,s0,v15
   9d27a:	26e7b657          	vand.vi	v12,v14,15
   9d27e:	0d974503          	lbu	a0,217(a4)
   9d282:	0f974403          	lbu	s0,249(a4)
   9d286:	05978493          	add	s1,a5,89
   9d28a:	02048787          	vle8.v	v15,(s1)
   9d28e:	a2e23757          	vsrl.vi	v14,v14,4
   9d292:	f6c564d7          	vwmacc.vx	v9,a0,v12
   9d296:	f6e46457          	vwmacc.vx	v8,s0,v14
   9d29a:	26f7b657          	vand.vi	v12,v15,15
   9d29e:	06178493          	add	s1,a5,97
   9d2a2:	02048707          	vle8.v	v14,(s1)
   9d2a6:	a2f237d7          	vsrl.vi	v15,v15,4
   9d2aa:	f6c56557          	vwmacc.vx	v10,a0,v12
   9d2ae:	f6f465d7          	vwmacc.vx	v11,s0,v15
   9d2b2:	26e7b657          	vand.vi	v12,v14,15
   9d2b6:	0da74503          	lbu	a0,218(a4)
   9d2ba:	0fa74403          	lbu	s0,250(a4)
   9d2be:	06978493          	add	s1,a5,105
   9d2c2:	02048787          	vle8.v	v15,(s1)
   9d2c6:	a2e23757          	vsrl.vi	v14,v14,4
   9d2ca:	f6c564d7          	vwmacc.vx	v9,a0,v12
   9d2ce:	f6e46457          	vwmacc.vx	v8,s0,v14
   9d2d2:	26f7b657          	vand.vi	v12,v15,15
   9d2d6:	07178493          	add	s1,a5,113
   9d2da:	02048707          	vle8.v	v14,(s1)
   9d2de:	a2f237d7          	vsrl.vi	v15,v15,4
   9d2e2:	f6c56557          	vwmacc.vx	v10,a0,v12
   9d2e6:	f6f465d7          	vwmacc.vx	v11,s0,v15
   9d2ea:	26e7b657          	vand.vi	v12,v14,15
   9d2ee:	0db74503          	lbu	a0,219(a4)
   9d2f2:	0fb74403          	lbu	s0,251(a4)
   9d2f6:	07978493          	add	s1,a5,121
   9d2fa:	02048787          	vle8.v	v15,(s1)
   9d2fe:	a2e23757          	vsrl.vi	v14,v14,4
   9d302:	f6c564d7          	vwmacc.vx	v9,a0,v12
   9d306:	f6e46457          	vwmacc.vx	v8,s0,v14
   9d30a:	26f7b657          	vand.vi	v12,v15,15
   9d30e:	08178493          	add	s1,a5,129
   9d312:	02048707          	vle8.v	v14,(s1)
   9d316:	a2f237d7          	vsrl.vi	v15,v15,4
   9d31a:	f6c56557          	vwmacc.vx	v10,a0,v12
   9d31e:	f6f465d7          	vwmacc.vx	v11,s0,v15
   9d322:	26e7b657          	vand.vi	v12,v14,15
   9d326:	0dc74503          	lbu	a0,220(a4)
   9d32a:	0fc74403          	lbu	s0,252(a4)
   9d32e:	08978493          	add	s1,a5,137
   9d332:	02048787          	vle8.v	v15,(s1)
   9d336:	a2e23757          	vsrl.vi	v14,v14,4
   9d33a:	f6c564d7          	vwmacc.vx	v9,a0,v12
   9d33e:	f6e46457          	vwmacc.vx	v8,s0,v14
   9d342:	26f7b657          	vand.vi	v12,v15,15
   9d346:	09178493          	add	s1,a5,145
   9d34a:	02048707          	vle8.v	v14,(s1)
   9d34e:	a2f237d7          	vsrl.vi	v15,v15,4
   9d352:	f6c56557          	vwmacc.vx	v10,a0,v12
   9d356:	f6f465d7          	vwmacc.vx	v11,s0,v15
   9d35a:	26e7b657          	vand.vi	v12,v14,15
   9d35e:	0dd74503          	lbu	a0,221(a4)
   9d362:	0fd74403          	lbu	s0,253(a4)
   9d366:	09978493          	add	s1,a5,153
   9d36a:	02048787          	vle8.v	v15,(s1)
   9d36e:	a2e23757          	vsrl.vi	v14,v14,4
   9d372:	f6c564d7          	vwmacc.vx	v9,a0,v12
   9d376:	f6e46457          	vwmacc.vx	v8,s0,v14
   9d37a:	26f7b657          	vand.vi	v12,v15,15
   9d37e:	0a178493          	add	s1,a5,161
   9d382:	02048707          	vle8.v	v14,(s1)
   9d386:	a2f237d7          	vsrl.vi	v15,v15,4
   9d38a:	f6c56557          	vwmacc.vx	v10,a0,v12
   9d38e:	f6f465d7          	vwmacc.vx	v11,s0,v15
   9d392:	26e7b657          	vand.vi	v12,v14,15
   9d396:	0de74503          	lbu	a0,222(a4)
   9d39a:	0fe74403          	lbu	s0,254(a4)
   9d39e:	0a978493          	add	s1,a5,169
   9d3a2:	02048787          	vle8.v	v15,(s1)
   9d3a6:	a2e23757          	vsrl.vi	v14,v14,4
   9d3aa:	f6c564d7          	vwmacc.vx	v9,a0,v12
   9d3ae:	f6e46457          	vwmacc.vx	v8,s0,v14
   9d3b2:	26f7b657          	vand.vi	v12,v15,15
   9d3b6:	0b178493          	add	s1,a5,177
   9d3ba:	02048707          	vle8.v	v14,(s1)
   9d3be:	a2f237d7          	vsrl.vi	v15,v15,4
   9d3c2:	f6c56557          	vwmacc.vx	v10,a0,v12
   9d3c6:	f6f465d7          	vwmacc.vx	v11,s0,v15
   9d3ca:	26e7b657          	vand.vi	v12,v14,15
   9d3ce:	0df74503          	lbu	a0,223(a4)
   9d3d2:	0ff74403          	lbu	s0,255(a4)
   9d3d6:	0b978493          	add	s1,a5,185
   9d3da:	02048787          	vle8.v	v15,(s1)
   9d3de:	a2e23757          	vsrl.vi	v14,v14,4
   9d3e2:	f6c564d7          	vwmacc.vx	v9,a0,v12
   9d3e6:	f6e46457          	vwmacc.vx	v8,s0,v14
   9d3ea:	26f7b657          	vand.vi	v12,v15,15
   9d3ee:	0c178493          	add	s1,a5,193
   9d3f2:	02048707          	vle8.v	v14,(s1)
   9d3f6:	a2f237d7          	vsrl.vi	v15,v15,4
   9d3fa:	f6c56557          	vwmacc.vx	v10,a0,v12
   9d3fe:	f6f465d7          	vwmacc.vx	v11,s0,v15
   9d402:	26e7b657          	vand.vi	v12,v14,15
   9d406:	0e074503          	lbu	a0,224(a4)
   9d40a:	10074403          	lbu	s0,256(a4)
   9d40e:	0c978493          	add	s1,a5,201
   9d412:	02048787          	vle8.v	v15,(s1)
   9d416:	a2e23757          	vsrl.vi	v14,v14,4
   9d41a:	f6c564d7          	vwmacc.vx	v9,a0,v12
   9d41e:	f6e46457          	vwmacc.vx	v8,s0,v14
   9d422:	26f7b657          	vand.vi	v12,v15,15
   9d426:	0d178493          	add	s1,a5,209
   9d42a:	02048707          	vle8.v	v14,(s1)
   9d42e:	a2f237d7          	vsrl.vi	v15,v15,4
   9d432:	f6c56557          	vwmacc.vx	v10,a0,v12
   9d436:	f6f465d7          	vwmacc.vx	v11,s0,v15
   9d43a:	26e7b657          	vand.vi	v12,v14,15
   9d43e:	0e174503          	lbu	a0,225(a4)
   9d442:	10174403          	lbu	s0,257(a4)
   9d446:	0d978493          	add	s1,a5,217
   9d44a:	02048787          	vle8.v	v15,(s1)
   9d44e:	a2e23757          	vsrl.vi	v14,v14,4
   9d452:	f6c564d7          	vwmacc.vx	v9,a0,v12
   9d456:	f6e46457          	vwmacc.vx	v8,s0,v14
   9d45a:	26f7b657          	vand.vi	v12,v15,15
   9d45e:	0e178493          	add	s1,a5,225
   9d462:	02048707          	vle8.v	v14,(s1)
   9d466:	a2f237d7          	vsrl.vi	v15,v15,4
   9d46a:	f6c56557          	vwmacc.vx	v10,a0,v12
   9d46e:	f6f465d7          	vwmacc.vx	v11,s0,v15
   9d472:	26e7b657          	vand.vi	v12,v14,15
   9d476:	0e274503          	lbu	a0,226(a4)
   9d47a:	10274403          	lbu	s0,258(a4)
   9d47e:	0e978493          	add	s1,a5,233
   9d482:	02048787          	vle8.v	v15,(s1)
   9d486:	a2e23757          	vsrl.vi	v14,v14,4
   9d48a:	f6c564d7          	vwmacc.vx	v9,a0,v12
   9d48e:	f6e46457          	vwmacc.vx	v8,s0,v14
   9d492:	26f7b657          	vand.vi	v12,v15,15
   9d496:	0f178493          	add	s1,a5,241
   9d49a:	02048707          	vle8.v	v14,(s1)
   9d49e:	a2f237d7          	vsrl.vi	v15,v15,4
   9d4a2:	f6c56557          	vwmacc.vx	v10,a0,v12
   9d4a6:	f6f465d7          	vwmacc.vx	v11,s0,v15
   9d4aa:	26e7b657          	vand.vi	v12,v14,15
   9d4ae:	0e374503          	lbu	a0,227(a4)
   9d4b2:	10374703          	lbu	a4,259(a4)
   9d4b6:	0f978793          	add	a5,a5,249
   9d4ba:	02078787          	vle8.v	v15,(a5)
   9d4be:	f6c564d7          	vwmacc.vx	v9,a0,v12
   9d4c2:	a2e23657          	vsrl.vi	v12,v14,4
   9d4c6:	f6c76457          	vwmacc.vx	v8,a4,v12
   9d4ca:	26f7b657          	vand.vi	v12,v15,15
   9d4ce:	f6c56557          	vwmacc.vx	v10,a0,v12
   9d4d2:	a2f23657          	vsrl.vi	v12,v15,4
   9d4d6:	f6c765d7          	vwmacc.vx	v11,a4,v12
   9d4da:	0c807057          	vsetvli	zero,zero,e16,m1,ta,ma
   9d4de:	f696ae57          	vwmacc.vv	v28,v13,v9
   9d4e2:	020a5487          	vle16.v	v9,(s4)
   9d4e6:	f68fae57          	vwmacc.vv	v28,v31,v8
   9d4ea:	f6a02d57          	vwmacc.vv	v26,v0,v10
   9d4ee:	f6bf2d57          	vwmacc.vv	v26,v30,v11
   9d4f2:	4a961557          	vfwcvt.f.f.v	v10,v9
   9d4f6:	0d107057          	vsetvli	zero,zero,e32,m2,ta,ma
   9d4fa:	92a7d457          	vfmul.vf	v8,v10,fa5
   9d4fe:	4bc19557          	vfcvt.f.x.v	v10,v28
   9d502:	c2202573          	csrr	a0,vlenb
   9d506:	20a54533          	sh2add	a0,a0,a0
   9d50a:	950a                	add	a0,a0,sp
   9d50c:	02050513          	add	a0,a0,32
   9d510:	22850607          	vl2r.v	v12,(a0)
   9d514:	a2c41557          	vfmadd.vv	v10,v8,v12
   9d518:	0a41                	add	s4,s4,16
   9d51a:	020a5407          	vle16.v	v8,(s4)
   9d51e:	4b819657          	vfcvt.f.x.v	v12,v24
   9d522:	5e050757          	vmv.v.v	v14,v10
   9d526:	c2202573          	csrr	a0,vlenb
   9d52a:	00351713          	sll	a4,a0,0x3
   9d52e:	40a70533          	sub	a0,a4,a0
   9d532:	950a                	add	a0,a0,sp
   9d534:	02050513          	add	a0,a0,32
   9d538:	22850507          	vl2r.v	v10,(a0)
   9d53c:	bea61757          	vfnmsac.vv	v14,v12,v10
   9d540:	0c807057          	vsetvli	zero,zero,e16,m1,ta,ma
   9d544:	4a861557          	vfwcvt.f.f.v	v10,v8
   9d548:	0d107057          	vsetvli	zero,zero,e32,m2,ta,ma
   9d54c:	92a7d457          	vfmul.vf	v8,v10,fa5
   9d550:	4ba19557          	vfcvt.f.x.v	v10,v26
   9d554:	c2202573          	csrr	a0,vlenb
   9d558:	472d                	li	a4,11
   9d55a:	02e50533          	mul	a0,a0,a4
   9d55e:	950a                	add	a0,a0,sp
   9d560:	02050513          	add	a0,a0,32
   9d564:	22850607          	vl2r.v	v12,(a0)
   9d568:	a2c41557          	vfmadd.vv	v10,v8,v12
   9d56c:	4b619457          	vfcvt.f.x.v	v8,v22
   9d570:	0905                	add	s2,s2,1
   9d572:	c2202573          	csrr	a0,vlenb
   9d576:	20a56533          	sh3add	a0,a0,a0
   9d57a:	950a                	add	a0,a0,sp
   9d57c:	02050513          	add	a0,a0,32
   9d580:	22850607          	vl2r.v	v12,(a0)
   9d584:	bec41557          	vfnmsac.vv	v10,v8,v12
   9d588:	01c90463          	beq	s2,t3,9d590 <tcrv_emitc_ggml_repack_gemv_q4_K_q8_K_kernel_ggml_repack_gemv_q4_K_q8_K+0x23b0>
   9d58c:	ce3fd06f          	j	9b26e <tcrv_emitc_ggml_repack_gemv_q4_K_q8_K_kernel_ggml_repack_gemv_q4_K_q8_K+0x8e>
   9d590:	00629513          	sll	a0,t0,0x6
   9d594:	952e                	add	a0,a0,a1
   9d596:	02056727          	vse32.v	v14,(a0)
   9d59a:	02050513          	add	a0,a0,32
   9d59e:	0285                	add	t0,t0,1
   9d5a0:	02056527          	vse32.v	v10,(a0)
   9d5a4:	1008                	add	a0,sp,32
   9d5a6:	22850407          	vl2r.v	v8,(a0)
   9d5aa:	01028463          	beq	t0,a6,9d5b2 <tcrv_emitc_ggml_repack_gemv_q4_K_q8_K_kernel_ggml_repack_gemv_q4_K_q8_K+0x23d2>
   9d5ae:	cb1fd06f          	j	9b25e <tcrv_emitc_ggml_repack_gemv_q4_K_q8_K_kernel_ggml_repack_gemv_q4_K_q8_K+0x7e>
   9d5b2:	c2202573          	csrr	a0,vlenb
   9d5b6:	45b9                	li	a1,14
   9d5b8:	02b50533          	mul	a0,a0,a1
   9d5bc:	912a                	add	sp,sp,a0
   9d5be:	6426                	ld	s0,72(sp)
   9d5c0:	6486                	ld	s1,64(sp)
   9d5c2:	7962                	ld	s2,56(sp)
   9d5c4:	79c2                	ld	s3,48(sp)
   9d5c6:	7a22                	ld	s4,40(sp)
   9d5c8:	6161                	add	sp,sp,80
   9d5ca:	8082                	ret
