
/tmp/g7p2/libggml-cpu.so.q4kON.gevmct.clangrepack:     file format elf64-littleriscv


Disassembly of section .plt:

Disassembly of section .text:

000000000009b1e0 <weft_emitc_ggml_repack_gevm_ct_q4_K_q8_K_kernel_ggml_repack_gevm_ct_q4_K_q8_K>:
   9b1e0:	7141                	addi	sp,sp,-496
   9b1e2:	f786                	sd	ra,488(sp)
   9b1e4:	f3a2                	sd	s0,480(sp)
   9b1e6:	efa6                	sd	s1,472(sp)
   9b1e8:	ebca                	sd	s2,464(sp)
   9b1ea:	e7ce                	sd	s3,456(sp)
   9b1ec:	e3d2                	sd	s4,448(sp)
   9b1ee:	ff56                	sd	s5,440(sp)
   9b1f0:	fb5a                	sd	s6,432(sp)
   9b1f2:	f75e                	sd	s7,424(sp)
   9b1f4:	f362                	sd	s8,416(sp)
   9b1f6:	ef66                	sd	s9,408(sp)
   9b1f8:	eb6a                	sd	s10,400(sp)
   9b1fa:	e76e                	sd	s11,392(sp)
   9b1fc:	87010113          	addi	sp,sp,-1936
   9b200:	c22027f3          	csrr	a5,vlenb
   9b204:	0792                	slli	a5,a5,0x4
   9b206:	40f10133          	sub	sp,sp,a5
   9b20a:	8315                	srli	a4,a4,0x5
   9b20c:	f832                	sd	a2,48(sp)
   9b20e:	e319                	bnez	a4,9b214 <weft_emitc_ggml_repack_gevm_ct_q4_K_q8_K_kernel_ggml_repack_gevm_ct_q4_K_q8_K+0x34>
   9b210:	4df0406f          	j	9feee <weft_emitc_ggml_repack_gevm_ct_q4_K_q8_K_kernel_ggml_repack_gevm_ct_q4_K_q8_K+0x4d0e>
   9b214:	cd147057          	vsetivli	zero,8,e32,m2,ta,ma
   9b218:	0ff00613          	li	a2,255
   9b21c:	5e003457          	vmv.v.i	v8,0
   9b220:	02a66663          	bltu	a2,a0,9b24c <weft_emitc_ggml_repack_gevm_ct_q4_K_q8_K_kernel_ggml_repack_gevm_ct_q4_K_q8_K+0x6c>
   9b224:	0205e427          	vse32.v	v8,(a1)
   9b228:	02058513          	addi	a0,a1,32
   9b22c:	02056427          	vse32.v	v8,(a0)
   9b230:	04058513          	addi	a0,a1,64
   9b234:	02056427          	vse32.v	v8,(a0)
   9b238:	06058513          	addi	a0,a1,96
   9b23c:	02056427          	vse32.v	v8,(a0)
   9b240:	177d                	addi	a4,a4,-1
   9b242:	08058593          	addi	a1,a1,128
   9b246:	ff79                	bnez	a4,9b224 <weft_emitc_ggml_repack_gevm_ct_q4_K_q8_K_kernel_ggml_repack_gevm_ct_q4_K_q8_K+0x44>
   9b248:	4a70406f          	j	9feee <weft_emitc_ggml_repack_gevm_ct_q4_K_q8_K_kernel_ggml_repack_gevm_ct_q4_K_q8_K+0x4d0e>
   9b24c:	4601                	li	a2,0
   9b24e:	00855793          	srli	a5,a0,0x8
   9b252:	4525                	li	a0,9
   9b254:	00851813          	slli	a6,a0,0x8
   9b258:	20f7e533          	sh3add	a0,a5,a5
   9b25c:	0522                	slli	a0,a0,0x8
   9b25e:	ec2a                	sd	a0,24(sp)
   9b260:	5e003757          	vmv.v.i	v14,0
   9b264:	0c807057          	vsetvli	zero,zero,e16,m1,ta,ma
   9b268:	5e003a57          	vmv.v.i	v20,0
   9b26c:	12400493          	li	s1,292
   9b270:	03000413          	li	s0,48
   9b274:	fc000093          	li	ra,-64
   9b278:	28b01293          	bseti	t0,zero,0xb
   9b27c:	6305                	lui	t1,0x1
   9b27e:	8083039b          	addiw	t2,t1,-2040 # 808 <$d.227+0x46e>
   9b282:	81030e1b          	addiw	t3,t1,-2032
   9b286:	81830e9b          	addiw	t4,t1,-2024
   9b28a:	82030f1b          	addiw	t5,t1,-2016
   9b28e:	82830f9b          	addiw	t6,t1,-2008
   9b292:	8303091b          	addiw	s2,t1,-2000
   9b296:	8383099b          	addiw	s3,t1,-1992
   9b29a:	84030a1b          	addiw	s4,t1,-1984
   9b29e:	84830a9b          	addiw	s5,t1,-1976
   9b2a2:	85030d1b          	addiw	s10,t1,-1968
   9b2a6:	85830b1b          	addiw	s6,t1,-1960
   9b2aa:	86030c1b          	addiw	s8,t1,-1952
   9b2ae:	86830b9b          	addiw	s7,t1,-1944
   9b2b2:	87030c9b          	addiw	s9,t1,-1936
   9b2b6:	87830d9b          	addiw	s11,t1,-1928
   9b2ba:	4545                	li	a0,17
   9b2bc:	051e                	slli	a0,a0,0x7
   9b2be:	6885                	lui	a7,0x1
   9b2c0:	988a                	add	a7,a7,sp
   9b2c2:	88a8b823          	sd	a0,-1904(a7) # 890 <$d.227+0x4f6>
   9b2c6:	7ff10513          	addi	a0,sp,2047
   9b2ca:	11150513          	addi	a0,a0,273
   9b2ce:	22850427          	vs2r.v	v8,(a0)
   9b2d2:	c2202573          	csrr	a0,vlenb
   9b2d6:	48b9                	li	a7,14
   9b2d8:	03150533          	mul	a0,a0,a7
   9b2dc:	950a                	add	a0,a0,sp
   9b2de:	7ff50513          	addi	a0,a0,2047
   9b2e2:	11150513          	addi	a0,a0,273
   9b2e6:	22850727          	vs2r.v	v14,(a0)
   9b2ea:	f43a                	sd	a4,40(sp)
   9b2ec:	f02e                	sd	a1,32(sp)
   9b2ee:	f4b6                	sd	a3,104(sp)
   9b2f0:	f0be                	sd	a5,96(sp)
   9b2f2:	ecc2                	sd	a6,88(sp)
   9b2f4:	6505                	lui	a0,0x1
   9b2f6:	950a                	add	a0,a0,sp
   9b2f8:	90553023          	sd	t0,-1792(a0) # 900 <$d.227+0x566>
   9b2fc:	6505                	lui	a0,0x1
   9b2fe:	950a                	add	a0,a0,sp
   9b300:	8e753c23          	sd	t2,-1800(a0) # 8f8 <$d.227+0x55e>
   9b304:	6505                	lui	a0,0x1
   9b306:	950a                	add	a0,a0,sp
   9b308:	8fc53823          	sd	t3,-1808(a0) # 8f0 <$d.227+0x556>
   9b30c:	6505                	lui	a0,0x1
   9b30e:	950a                	add	a0,a0,sp
   9b310:	8fd53423          	sd	t4,-1816(a0) # 8e8 <$d.227+0x54e>
   9b314:	6505                	lui	a0,0x1
   9b316:	950a                	add	a0,a0,sp
   9b318:	8fe53023          	sd	t5,-1824(a0) # 8e0 <$d.227+0x546>
   9b31c:	6505                	lui	a0,0x1
   9b31e:	950a                	add	a0,a0,sp
   9b320:	8df53c23          	sd	t6,-1832(a0) # 8d8 <$d.227+0x53e>
   9b324:	6505                	lui	a0,0x1
   9b326:	950a                	add	a0,a0,sp
   9b328:	8d253823          	sd	s2,-1840(a0) # 8d0 <$d.227+0x536>
   9b32c:	6505                	lui	a0,0x1
   9b32e:	950a                	add	a0,a0,sp
   9b330:	8d353423          	sd	s3,-1848(a0) # 8c8 <$d.227+0x52e>
   9b334:	6505                	lui	a0,0x1
   9b336:	950a                	add	a0,a0,sp
   9b338:	8d453023          	sd	s4,-1856(a0) # 8c0 <$d.227+0x526>
   9b33c:	6505                	lui	a0,0x1
   9b33e:	950a                	add	a0,a0,sp
   9b340:	8b553c23          	sd	s5,-1864(a0) # 8b8 <$d.227+0x51e>
   9b344:	e8ea                	sd	s10,80(sp)
   9b346:	6505                	lui	a0,0x1
   9b348:	950a                	add	a0,a0,sp
   9b34a:	8b653823          	sd	s6,-1872(a0) # 8b0 <$d.227+0x516>
   9b34e:	e4e2                	sd	s8,72(sp)
   9b350:	6505                	lui	a0,0x1
   9b352:	950a                	add	a0,a0,sp
   9b354:	8b753423          	sd	s7,-1880(a0) # 8a8 <$d.227+0x50e>
   9b358:	6505                	lui	a0,0x1
   9b35a:	950a                	add	a0,a0,sp
   9b35c:	8b953023          	sd	s9,-1888(a0) # 8a0 <$d.227+0x506>
   9b360:	6505                	lui	a0,0x1
   9b362:	950a                	add	a0,a0,sp
   9b364:	89b53c23          	sd	s11,-1896(a0) # 898 <$d.227+0x4fe>
   9b368:	4501                	li	a0,0
   9b36a:	e0b2                	sd	a2,64(sp)
   9b36c:	00161593          	slli	a1,a2,0x1
   9b370:	68e2                	ld	a7,24(sp)
   9b372:	02b88633          	mul	a2,a7,a1
   9b376:	7742                	ld	a4,48(sp)
   9b378:	963a                	add	a2,a2,a4
   9b37a:	fcb2                	sd	a2,120(sp)
   9b37c:	0585                	addi	a1,a1,1
   9b37e:	fc2e                	sd	a1,56(sp)
   9b380:	02b885b3          	mul	a1,a7,a1
   9b384:	95ba                	add	a1,a1,a4
   9b386:	f8ae                	sd	a1,112(sp)
   9b388:	c22025f3          	csrr	a1,vlenb
   9b38c:	0586                	slli	a1,a1,0x1
   9b38e:	20b5c5b3          	sh2add	a1,a1,a1
   9b392:	958a                	add	a1,a1,sp
   9b394:	7ff58593          	addi	a1,a1,2047
   9b398:	11158593          	addi	a1,a1,273
   9b39c:	22858427          	vs2r.v	v8,(a1)
   9b3a0:	c22025f3          	csrr	a1,vlenb
   9b3a4:	058a                	slli	a1,a1,0x2
   9b3a6:	20b5a5b3          	sh1add	a1,a1,a1
   9b3aa:	958a                	add	a1,a1,sp
   9b3ac:	7ff58593          	addi	a1,a1,2047
   9b3b0:	11158593          	addi	a1,a1,273
   9b3b4:	22858427          	vs2r.v	v8,(a1)
   9b3b8:	9e80b857          	vmv2r.v	v16,v8
   9b3bc:	9e80b557          	vmv2r.v	v10,v8
   9b3c0:	c22025f3          	csrr	a1,vlenb
   9b3c4:	0586                	slli	a1,a1,0x1
   9b3c6:	20b5a5b3          	sh1add	a1,a1,a1
   9b3ca:	958a                	add	a1,a1,sp
   9b3cc:	7ff58593          	addi	a1,a1,2047
   9b3d0:	11158593          	addi	a1,a1,273
   9b3d4:	22858827          	vs2r.v	v16,(a1)
   9b3d8:	c22025f3          	csrr	a1,vlenb
   9b3dc:	058e                	slli	a1,a1,0x3
   9b3de:	958a                	add	a1,a1,sp
   9b3e0:	7ff58593          	addi	a1,a1,2047
   9b3e4:	11158593          	addi	a1,a1,273
   9b3e8:	22858527          	vs2r.v	v10,(a1)
   9b3ec:	029505b3          	mul	a1,a0,s1
   9b3f0:	95b6                	add	a1,a1,a3
   9b3f2:	0005a787          	flw	fa5,0(a1)
   9b3f6:	00150613          	addi	a2,a0,1
   9b3fa:	6685                	lui	a3,0x1
   9b3fc:	968a                	add	a3,a3,sp
   9b3fe:	88c6b423          	sd	a2,-1912(a3) # 888 <$d.227+0x4ee>
   9b402:	03060633          	mul	a2,a2,a6
   9b406:	7766                	ld	a4,120(sp)
   9b408:	00c706b3          	add	a3,a4,a2
   9b40c:	0016e013          	prefetch.r	0(a3)
   9b410:	74c6                	ld	s1,112(sp)
   9b412:	9626                	add	a2,a2,s1
   9b414:	00166013          	prefetch.r	0(a2)
   9b418:	03050533          	mul	a0,a0,a6
   9b41c:	6605                	lui	a2,0x1
   9b41e:	960a                	add	a2,a2,sp
   9b420:	86a63823          	sd	a0,-1936(a2) # 870 <$d.227+0x4d6>
   9b424:	953a                	add	a0,a0,a4
   9b426:	02050613          	addi	a2,a0,32
   9b42a:	0c807057          	vsetvli	zero,zero,e16,m1,ta,ma
   9b42e:	02065407          	vle16.v	v8,(a2)
   9b432:	4a861557          	vfwcvt.f.f.v	v10,v8
   9b436:	0d107057          	vsetvli	zero,zero,e32,m2,ta,ma
   9b43a:	03050613          	addi	a2,a0,48
   9b43e:	02065407          	vle16.v	v8,(a2)
   9b442:	92a7d557          	vfmul.vf	v10,v10,fa5
   9b446:	c2202673          	csrr	a2,vlenb
   9b44a:	0606                	slli	a2,a2,0x1
   9b44c:	960a                	add	a2,a2,sp
   9b44e:	7ff60613          	addi	a2,a2,2047
   9b452:	11160613          	addi	a2,a2,273
   9b456:	22860527          	vs2r.v	v10,(a2)
   9b45a:	0c807057          	vsetvli	zero,zero,e16,m1,ta,ma
   9b45e:	4a861557          	vfwcvt.f.f.v	v10,v8
   9b462:	0d107057          	vsetvli	zero,zero,e32,m2,ta,ma
   9b466:	92a7d457          	vfmul.vf	v8,v10,fa5
   9b46a:	c2202673          	csrr	a2,vlenb
   9b46e:	060a                	slli	a2,a2,0x2
   9b470:	960a                	add	a2,a2,sp
   9b472:	7ff60613          	addi	a2,a2,2047
   9b476:	11160613          	addi	a2,a2,273
   9b47a:	22860427          	vs2r.v	v8,(a2)
   9b47e:	04050613          	addi	a2,a0,64
   9b482:	02060407          	vle8.v	v8,(a2)
   9b486:	0c050613          	addi	a2,a0,192
   9b48a:	02060387          	vle8.v	v7,(a2)
   9b48e:	0c707057          	vsetvli	zero,zero,e8,mf2,ta,ma
   9b492:	2687b4d7          	vand.vi	v9,v8,15
   9b496:	a2823457          	vsrl.vi	v8,v8,4
   9b49a:	2671b557          	vand.vi	v10,v7,3
   9b49e:	96a23557          	vsll.vi	v10,v10,4
   9b4a2:	267635d7          	vand.vi	v11,v7,12
   9b4a6:	96b135d7          	vsll.vi	v11,v11,2
   9b4aa:	2aa484d7          	vor.vv	v9,v10,v9
   9b4ae:	2ab40457          	vor.vv	v8,v11,v8
   9b4b2:	0c807057          	vsetvli	zero,zero,e16,m1,ta,ma
   9b4b6:	4a932bd7          	vzext.vf2	v23,v9
   9b4ba:	4a832657          	vzext.vf2	v12,v8
   9b4be:	05050613          	addi	a2,a0,80
   9b4c2:	02060487          	vle8.v	v9,(a2)
   9b4c6:	0d050613          	addi	a2,a0,208
   9b4ca:	02060407          	vle8.v	v8,(a2)
   9b4ce:	0c707057          	vsetvli	zero,zero,e8,mf2,ta,ma
   9b4d2:	2697b557          	vand.vi	v10,v9,15
   9b4d6:	a29234d7          	vsrl.vi	v9,v9,4
   9b4da:	2681b5d7          	vand.vi	v11,v8,3
   9b4de:	96b235d7          	vsll.vi	v11,v11,4
   9b4e2:	268636d7          	vand.vi	v13,v8,12
   9b4e6:	96d136d7          	vsll.vi	v13,v13,2
   9b4ea:	2ab50557          	vor.vv	v10,v11,v10
   9b4ee:	2ad484d7          	vor.vv	v9,v13,v9
   9b4f2:	0c807057          	vsetvli	zero,zero,e16,m1,ta,ma
   9b4f6:	4aa32c57          	vzext.vf2	v24,v10
   9b4fa:	4a9327d7          	vzext.vf2	v15,v9
   9b4fe:	06050613          	addi	a2,a0,96
   9b502:	02060487          	vle8.v	v9,(a2)
   9b506:	0e050613          	addi	a2,a0,224
   9b50a:	02060687          	vle8.v	v13,(a2)
   9b50e:	0c707057          	vsetvli	zero,zero,e8,mf2,ta,ma
   9b512:	2697b557          	vand.vi	v10,v9,15
   9b516:	a29234d7          	vsrl.vi	v9,v9,4
   9b51a:	26d1b5d7          	vand.vi	v11,v13,3
   9b51e:	96b235d7          	vsll.vi	v11,v11,4
   9b522:	26d63757          	vand.vi	v14,v13,12
   9b526:	96e13757          	vsll.vi	v14,v14,2
   9b52a:	2ab50557          	vor.vv	v10,v11,v10
   9b52e:	2ae485d7          	vor.vv	v11,v14,v9
   9b532:	0c807057          	vsetvli	zero,zero,e16,m1,ta,ma
   9b536:	4aa324d7          	vzext.vf2	v9,v10
   9b53a:	4ab32857          	vzext.vf2	v16,v11
   9b53e:	07050613          	addi	a2,a0,112
   9b542:	02060507          	vle8.v	v10,(a2)
   9b546:	0f050613          	addi	a2,a0,240
   9b54a:	02060107          	vle8.v	v2,(a2)
   9b54e:	0c707057          	vsetvli	zero,zero,e8,mf2,ta,ma
   9b552:	26a7b5d7          	vand.vi	v11,v10,15
   9b556:	a2a23557          	vsrl.vi	v10,v10,4
   9b55a:	2621b757          	vand.vi	v14,v2,3
   9b55e:	96e23757          	vsll.vi	v14,v14,4
   9b562:	262638d7          	vand.vi	v17,v2,12
   9b566:	971138d7          	vsll.vi	v17,v17,2
   9b56a:	2ae585d7          	vor.vv	v11,v14,v11
   9b56e:	2b150757          	vor.vv	v14,v17,v10
   9b572:	0c807057          	vsetvli	zero,zero,e16,m1,ta,ma
   9b576:	4ab32557          	vzext.vf2	v10,v11
   9b57a:	4ae328d7          	vzext.vf2	v17,v14
   9b57e:	04850613          	addi	a2,a0,72
   9b582:	02060587          	vle8.v	v11,(a2)
   9b586:	0c850613          	addi	a2,a0,200
   9b58a:	02060287          	vle8.v	v5,(a2)
   9b58e:	0c707057          	vsetvli	zero,zero,e8,mf2,ta,ma
   9b592:	26b7b757          	vand.vi	v14,v11,15
   9b596:	a2b235d7          	vsrl.vi	v11,v11,4
   9b59a:	2651b957          	vand.vi	v18,v5,3
   9b59e:	97223957          	vsll.vi	v18,v18,4
   9b5a2:	265639d7          	vand.vi	v19,v5,12
   9b5a6:	973139d7          	vsll.vi	v19,v19,2
   9b5aa:	2b270757          	vor.vv	v14,v18,v14
   9b5ae:	2b3585d7          	vor.vv	v11,v19,v11
   9b5b2:	0c807057          	vsetvli	zero,zero,e16,m1,ta,ma
   9b5b6:	4ae32cd7          	vzext.vf2	v25,v14
   9b5ba:	4ab32957          	vzext.vf2	v18,v11
   9b5be:	05850613          	addi	a2,a0,88
   9b5c2:	02060587          	vle8.v	v11,(a2)
   9b5c6:	0d850613          	addi	a2,a0,216
   9b5ca:	02060207          	vle8.v	v4,(a2)
   9b5ce:	0c707057          	vsetvli	zero,zero,e8,mf2,ta,ma
   9b5d2:	26b7b757          	vand.vi	v14,v11,15
   9b5d6:	a2b235d7          	vsrl.vi	v11,v11,4
   9b5da:	2641b9d7          	vand.vi	v19,v4,3
   9b5de:	973239d7          	vsll.vi	v19,v19,4
   9b5e2:	26463ad7          	vand.vi	v21,v4,12
   9b5e6:	97513ad7          	vsll.vi	v21,v21,2
   9b5ea:	2b3709d7          	vor.vv	v19,v19,v14
   9b5ee:	2b5585d7          	vor.vv	v11,v21,v11
   9b5f2:	0c807057          	vsetvli	zero,zero,e16,m1,ta,ma
   9b5f6:	4b332757          	vzext.vf2	v14,v19
   9b5fa:	4ab329d7          	vzext.vf2	v19,v11
   9b5fe:	0e850613          	addi	a2,a0,232
   9b602:	02060187          	vle8.v	v3,(a2)
   9b606:	06850613          	addi	a2,a0,104
   9b60a:	02060587          	vle8.v	v11,(a2)
   9b60e:	0c707057          	vsetvli	zero,zero,e8,mf2,ta,ma
   9b612:	2631bad7          	vand.vi	v21,v3,3
   9b616:	97523ad7          	vsll.vi	v21,v21,4
   9b61a:	26b7bb57          	vand.vi	v22,v11,15
   9b61e:	2b5b0ad7          	vor.vv	v21,v21,v22
   9b622:	a2b235d7          	vsrl.vi	v11,v11,4
   9b626:	26363b57          	vand.vi	v22,v3,12
   9b62a:	97613b57          	vsll.vi	v22,v22,2
   9b62e:	2b658b57          	vor.vv	v22,v22,v11
   9b632:	0c807057          	vsetvli	zero,zero,e16,m1,ta,ma
   9b636:	4b5325d7          	vzext.vf2	v11,v21
   9b63a:	4b632ad7          	vzext.vf2	v21,v22
   9b63e:	0f850613          	addi	a2,a0,248
   9b642:	02060307          	vle8.v	v6,(a2)
   9b646:	07850613          	addi	a2,a0,120
   9b64a:	02060b07          	vle8.v	v22,(a2)
   9b64e:	0c707057          	vsetvli	zero,zero,e8,mf2,ta,ma
   9b652:	2661bd57          	vand.vi	v26,v6,3
   9b656:	97a23d57          	vsll.vi	v26,v26,4
   9b65a:	2767bdd7          	vand.vi	v27,v22,15
   9b65e:	2bad8f57          	vor.vv	v30,v26,v27
   9b662:	a3623b57          	vsrl.vi	v22,v22,4
   9b666:	26663d57          	vand.vi	v26,v6,12
   9b66a:	97a13d57          	vsll.vi	v26,v26,2
   9b66e:	2bab0b57          	vor.vv	v22,v26,v22
   9b672:	0c807057          	vsetvli	zero,zero,e16,m1,ta,ma
   9b676:	10459603          	lh	a2,260(a1)
   9b67a:	10659683          	lh	a3,262(a1)
   9b67e:	10859703          	lh	a4,264(a1)
   9b682:	10a59783          	lh	a5,266(a1)
   9b686:	9636                	add	a2,a2,a3
   9b688:	6685                	lui	a3,0x1
   9b68a:	968a                	add	a3,a3,sp
   9b68c:	88c6b023          	sd	a2,-1920(a3) # 880 <$d.227+0x4e6>
   9b690:	c22026f3          	csrr	a3,vlenb
   9b694:	4839                	li	a6,14
   9b696:	030686b3          	mul	a3,a3,a6
   9b69a:	968a                	add	a3,a3,sp
   9b69c:	7ff68693          	addi	a3,a3,2047
   9b6a0:	11168693          	addi	a3,a3,273
   9b6a4:	22868e07          	vl2r.v	v28,(a3)
   9b6a8:	f6c66e57          	vwmacc.vx	v28,a2,v12
   9b6ac:	c22026f3          	csrr	a3,vlenb
   9b6b0:	4839                	li	a6,14
   9b6b2:	030686b3          	mul	a3,a3,a6
   9b6b6:	968a                	add	a3,a3,sp
   9b6b8:	7ff68693          	addi	a3,a3,2047
   9b6bc:	11168693          	addi	a3,a3,273
   9b6c0:	22868d07          	vl2r.v	v26,(a3)
   9b6c4:	f7266d57          	vwmacc.vx	v26,a2,v18
   9b6c8:	973e                	add	a4,a4,a5
   9b6ca:	6605                	lui	a2,0x1
   9b6cc:	960a                	add	a2,a2,sp
   9b6ce:	86e63c23          	sd	a4,-1928(a2) # 878 <$d.227+0x4de>
   9b6d2:	f6f76e57          	vwmacc.vx	v28,a4,v15
   9b6d6:	10c59603          	lh	a2,268(a1)
   9b6da:	10e59683          	lh	a3,270(a1)
   9b6de:	f7376d57          	vwmacc.vx	v26,a4,v19
   9b6e2:	11059703          	lh	a4,272(a1)
   9b6e6:	11259783          	lh	a5,274(a1)
   9b6ea:	9636                	add	a2,a2,a3
   9b6ec:	6685                	lui	a3,0x1
   9b6ee:	968a                	add	a3,a3,sp
   9b6f0:	86c6b423          	sd	a2,-1944(a3) # 868 <$d.227+0x4ce>
   9b6f4:	f7066e57          	vwmacc.vx	v28,a2,v16
   9b6f8:	f7566d57          	vwmacc.vx	v26,a2,v21
   9b6fc:	973e                	add	a4,a4,a5
   9b6fe:	6605                	lui	a2,0x1
   9b700:	960a                	add	a2,a2,sp
   9b702:	86e63023          	sd	a4,-1952(a2) # 860 <$d.227+0x4c6>
   9b706:	f7176e57          	vwmacc.vx	v28,a4,v17
   9b70a:	4b632657          	vzext.vf2	v12,v22
   9b70e:	f6c76d57          	vwmacc.vx	v26,a4,v12
   9b712:	4be32b57          	vzext.vf2	v22,v30
   9b716:	10050613          	addi	a2,a0,256
   9b71a:	02060607          	vle8.v	v12,(a2)
   9b71e:	0c707057          	vsetvli	zero,zero,e8,mf2,ta,ma
   9b722:	0045c703          	lbu	a4,4(a1)
   9b726:	6605                	lui	a2,0x1
   9b728:	960a                	add	a2,a2,sp
   9b72a:	84e63023          	sd	a4,-1984(a2) # 840 <$d.227+0x4a6>
   9b72e:	0245c683          	lbu	a3,36(a1)
   9b732:	6605                	lui	a2,0x1
   9b734:	960a                	add	a2,a2,sp
   9b736:	84d63823          	sd	a3,-1968(a2) # 850 <$d.227+0x4b6>
   9b73a:	10850613          	addi	a2,a0,264
   9b73e:	26c7b857          	vand.vi	v16,v12,15
   9b742:	9f4037d7          	vmv1r.v	v15,v20
   9b746:	02060907          	vle8.v	v18,(a2)
   9b74a:	f70767d7          	vwmacc.vx	v15,a4,v16
   9b74e:	a2c23657          	vsrl.vi	v12,v12,4
   9b752:	9f403857          	vmv1r.v	v16,v20
   9b756:	f6c6e857          	vwmacc.vx	v16,a3,v12
   9b75a:	2727b657          	vand.vi	v12,v18,15
   9b75e:	9f4038d7          	vmv1r.v	v17,v20
   9b762:	f6c768d7          	vwmacc.vx	v17,a4,v12
   9b766:	a3223957          	vsrl.vi	v18,v18,4
   9b76a:	9f403657          	vmv1r.v	v12,v20
   9b76e:	f726e657          	vwmacc.vx	v12,a3,v18
   9b772:	11050613          	addi	a2,a0,272
   9b776:	02060907          	vle8.v	v18,(a2)
   9b77a:	0055c703          	lbu	a4,5(a1)
   9b77e:	6605                	lui	a2,0x1
   9b780:	960a                	add	a2,a2,sp
   9b782:	84e63c23          	sd	a4,-1960(a2) # 858 <$d.227+0x4be>
   9b786:	0255c683          	lbu	a3,37(a1)
   9b78a:	6605                	lui	a2,0x1
   9b78c:	960a                	add	a2,a2,sp
   9b78e:	84d63423          	sd	a3,-1976(a2) # 848 <$d.227+0x4ae>
   9b792:	11850613          	addi	a2,a0,280
   9b796:	2727b9d7          	vand.vi	v19,v18,15
   9b79a:	02060a87          	vle8.v	v21,(a2)
   9b79e:	f73767d7          	vwmacc.vx	v15,a4,v19
   9b7a2:	a3223957          	vsrl.vi	v18,v18,4
   9b7a6:	f726e857          	vwmacc.vx	v16,a3,v18
   9b7aa:	2757b957          	vand.vi	v18,v21,15
   9b7ae:	f72768d7          	vwmacc.vx	v17,a4,v18
   9b7b2:	a3523957          	vsrl.vi	v18,v21,4
   9b7b6:	f726e657          	vwmacc.vx	v12,a3,v18
   9b7ba:	12050613          	addi	a2,a0,288
   9b7be:	02060907          	vle8.v	v18,(a2)
   9b7c2:	0065c703          	lbu	a4,6(a1)
   9b7c6:	6605                	lui	a2,0x1
   9b7c8:	960a                	add	a2,a2,sp
   9b7ca:	82e63c23          	sd	a4,-1992(a2) # 838 <$d.227+0x49e>
   9b7ce:	0265c683          	lbu	a3,38(a1)
   9b7d2:	6605                	lui	a2,0x1
   9b7d4:	960a                	add	a2,a2,sp
   9b7d6:	82d63823          	sd	a3,-2000(a2) # 830 <$d.227+0x496>
   9b7da:	12850613          	addi	a2,a0,296
   9b7de:	2727b9d7          	vand.vi	v19,v18,15
   9b7e2:	02060a87          	vle8.v	v21,(a2)
   9b7e6:	f73767d7          	vwmacc.vx	v15,a4,v19
   9b7ea:	a3223957          	vsrl.vi	v18,v18,4
   9b7ee:	f726e857          	vwmacc.vx	v16,a3,v18
   9b7f2:	2757b957          	vand.vi	v18,v21,15
   9b7f6:	f72768d7          	vwmacc.vx	v17,a4,v18
   9b7fa:	a3523957          	vsrl.vi	v18,v21,4
   9b7fe:	f726e657          	vwmacc.vx	v12,a3,v18
   9b802:	13050613          	addi	a2,a0,304
   9b806:	02060907          	vle8.v	v18,(a2)
   9b80a:	0075c703          	lbu	a4,7(a1)
   9b80e:	6605                	lui	a2,0x1
   9b810:	960a                	add	a2,a2,sp
   9b812:	82e63423          	sd	a4,-2008(a2) # 828 <$d.227+0x48e>
   9b816:	0275c683          	lbu	a3,39(a1)
   9b81a:	6605                	lui	a2,0x1
   9b81c:	960a                	add	a2,a2,sp
   9b81e:	82d63023          	sd	a3,-2016(a2) # 820 <$d.227+0x486>
   9b822:	13850613          	addi	a2,a0,312
   9b826:	2727b9d7          	vand.vi	v19,v18,15
   9b82a:	02060a87          	vle8.v	v21,(a2)
   9b82e:	f73767d7          	vwmacc.vx	v15,a4,v19
   9b832:	a3223957          	vsrl.vi	v18,v18,4
   9b836:	f726e857          	vwmacc.vx	v16,a3,v18
   9b83a:	2757b957          	vand.vi	v18,v21,15
   9b83e:	f72768d7          	vwmacc.vx	v17,a4,v18
   9b842:	a3523957          	vsrl.vi	v18,v21,4
   9b846:	f726e657          	vwmacc.vx	v12,a3,v18
   9b84a:	14050613          	addi	a2,a0,320
   9b84e:	02060907          	vle8.v	v18,(a2)
   9b852:	0085c703          	lbu	a4,8(a1)
   9b856:	6605                	lui	a2,0x1
   9b858:	960a                	add	a2,a2,sp
   9b85a:	80e63c23          	sd	a4,-2024(a2) # 818 <$d.227+0x47e>
   9b85e:	0285c683          	lbu	a3,40(a1)
   9b862:	6605                	lui	a2,0x1
   9b864:	960a                	add	a2,a2,sp
   9b866:	80d63823          	sd	a3,-2032(a2) # 810 <$d.227+0x476>
   9b86a:	14850613          	addi	a2,a0,328
   9b86e:	2727b9d7          	vand.vi	v19,v18,15
   9b872:	02060a87          	vle8.v	v21,(a2)
   9b876:	f73767d7          	vwmacc.vx	v15,a4,v19
   9b87a:	a3223957          	vsrl.vi	v18,v18,4
   9b87e:	f726e857          	vwmacc.vx	v16,a3,v18
   9b882:	2757b957          	vand.vi	v18,v21,15
   9b886:	f72768d7          	vwmacc.vx	v17,a4,v18
   9b88a:	a3523957          	vsrl.vi	v18,v21,4
   9b88e:	f726e657          	vwmacc.vx	v12,a3,v18
   9b892:	15050613          	addi	a2,a0,336
   9b896:	02060907          	vle8.v	v18,(a2)
   9b89a:	0095c703          	lbu	a4,9(a1)
   9b89e:	6605                	lui	a2,0x1
   9b8a0:	960a                	add	a2,a2,sp
   9b8a2:	80e63423          	sd	a4,-2040(a2) # 808 <$d.227+0x46e>
   9b8a6:	0295c683          	lbu	a3,41(a1)
   9b8aa:	6605                	lui	a2,0x1
   9b8ac:	960a                	add	a2,a2,sp
   9b8ae:	80d63023          	sd	a3,-2048(a2) # 800 <$d.227+0x466>
   9b8b2:	15850613          	addi	a2,a0,344
   9b8b6:	2727b9d7          	vand.vi	v19,v18,15
   9b8ba:	02060a87          	vle8.v	v21,(a2)
   9b8be:	f73767d7          	vwmacc.vx	v15,a4,v19
   9b8c2:	a3223957          	vsrl.vi	v18,v18,4
   9b8c6:	f726e857          	vwmacc.vx	v16,a3,v18
   9b8ca:	2757b957          	vand.vi	v18,v21,15
   9b8ce:	f72768d7          	vwmacc.vx	v17,a4,v18
   9b8d2:	a3523957          	vsrl.vi	v18,v21,4
   9b8d6:	f726e657          	vwmacc.vx	v12,a3,v18
   9b8da:	16050613          	addi	a2,a0,352
   9b8de:	02060907          	vle8.v	v18,(a2)
   9b8e2:	00a5c703          	lbu	a4,10(a1)
   9b8e6:	7ee13c23          	sd	a4,2040(sp)
   9b8ea:	02a5c683          	lbu	a3,42(a1)
   9b8ee:	7ed13823          	sd	a3,2032(sp)
   9b8f2:	16850613          	addi	a2,a0,360
   9b8f6:	2727b9d7          	vand.vi	v19,v18,15
   9b8fa:	02060a87          	vle8.v	v21,(a2)
   9b8fe:	f73767d7          	vwmacc.vx	v15,a4,v19
   9b902:	a3223957          	vsrl.vi	v18,v18,4
   9b906:	f726e857          	vwmacc.vx	v16,a3,v18
   9b90a:	2757b957          	vand.vi	v18,v21,15
   9b90e:	f72768d7          	vwmacc.vx	v17,a4,v18
   9b912:	a3523957          	vsrl.vi	v18,v21,4
   9b916:	f726e657          	vwmacc.vx	v12,a3,v18
   9b91a:	17050613          	addi	a2,a0,368
   9b91e:	02060907          	vle8.v	v18,(a2)
   9b922:	00b5c703          	lbu	a4,11(a1)
   9b926:	7ee13423          	sd	a4,2024(sp)
   9b92a:	02b5c683          	lbu	a3,43(a1)
   9b92e:	7ed13023          	sd	a3,2016(sp)
   9b932:	17850613          	addi	a2,a0,376
   9b936:	2727b9d7          	vand.vi	v19,v18,15
   9b93a:	02060a87          	vle8.v	v21,(a2)
   9b93e:	f73767d7          	vwmacc.vx	v15,a4,v19
   9b942:	a3223957          	vsrl.vi	v18,v18,4
   9b946:	f726e857          	vwmacc.vx	v16,a3,v18
   9b94a:	2757b957          	vand.vi	v18,v21,15
   9b94e:	f72768d7          	vwmacc.vx	v17,a4,v18
   9b952:	a3523957          	vsrl.vi	v18,v21,4
   9b956:	f726e657          	vwmacc.vx	v12,a3,v18
   9b95a:	18050613          	addi	a2,a0,384
   9b95e:	02060907          	vle8.v	v18,(a2)
   9b962:	00c5c703          	lbu	a4,12(a1)
   9b966:	7ce13c23          	sd	a4,2008(sp)
   9b96a:	02c5c683          	lbu	a3,44(a1)
   9b96e:	7cd13823          	sd	a3,2000(sp)
   9b972:	18850613          	addi	a2,a0,392
   9b976:	2727b9d7          	vand.vi	v19,v18,15
   9b97a:	02060a87          	vle8.v	v21,(a2)
   9b97e:	f73767d7          	vwmacc.vx	v15,a4,v19
   9b982:	a3223957          	vsrl.vi	v18,v18,4
   9b986:	f726e857          	vwmacc.vx	v16,a3,v18
   9b98a:	2757b957          	vand.vi	v18,v21,15
   9b98e:	f72768d7          	vwmacc.vx	v17,a4,v18
   9b992:	a3523957          	vsrl.vi	v18,v21,4
   9b996:	f726e657          	vwmacc.vx	v12,a3,v18
   9b99a:	19050613          	addi	a2,a0,400
   9b99e:	02060907          	vle8.v	v18,(a2)
   9b9a2:	00d5c703          	lbu	a4,13(a1)
   9b9a6:	7ce13423          	sd	a4,1992(sp)
   9b9aa:	02d5c683          	lbu	a3,45(a1)
   9b9ae:	7cd13023          	sd	a3,1984(sp)
   9b9b2:	19850613          	addi	a2,a0,408
   9b9b6:	2727b9d7          	vand.vi	v19,v18,15
   9b9ba:	02060a87          	vle8.v	v21,(a2)
   9b9be:	f73767d7          	vwmacc.vx	v15,a4,v19
   9b9c2:	a3223957          	vsrl.vi	v18,v18,4
   9b9c6:	f726e857          	vwmacc.vx	v16,a3,v18
   9b9ca:	2757b957          	vand.vi	v18,v21,15
   9b9ce:	f72768d7          	vwmacc.vx	v17,a4,v18
   9b9d2:	a3523957          	vsrl.vi	v18,v21,4
   9b9d6:	f726e657          	vwmacc.vx	v12,a3,v18
   9b9da:	1a050613          	addi	a2,a0,416
   9b9de:	02060907          	vle8.v	v18,(a2)
   9b9e2:	00e5c703          	lbu	a4,14(a1)
   9b9e6:	7ae13c23          	sd	a4,1976(sp)
   9b9ea:	02e5c683          	lbu	a3,46(a1)
   9b9ee:	7ad13823          	sd	a3,1968(sp)
   9b9f2:	1a850613          	addi	a2,a0,424
   9b9f6:	2727b9d7          	vand.vi	v19,v18,15
   9b9fa:	02060a87          	vle8.v	v21,(a2)
   9b9fe:	f73767d7          	vwmacc.vx	v15,a4,v19
   9ba02:	a3223957          	vsrl.vi	v18,v18,4
   9ba06:	f726e857          	vwmacc.vx	v16,a3,v18
   9ba0a:	2757b957          	vand.vi	v18,v21,15
   9ba0e:	f72768d7          	vwmacc.vx	v17,a4,v18
   9ba12:	a3523957          	vsrl.vi	v18,v21,4
   9ba16:	f726e657          	vwmacc.vx	v12,a3,v18
   9ba1a:	1b050613          	addi	a2,a0,432
   9ba1e:	02060907          	vle8.v	v18,(a2)
   9ba22:	00f5c703          	lbu	a4,15(a1)
   9ba26:	7ae13423          	sd	a4,1960(sp)
   9ba2a:	02f5c683          	lbu	a3,47(a1)
   9ba2e:	78d13c23          	sd	a3,1944(sp)
   9ba32:	1b850613          	addi	a2,a0,440
   9ba36:	2727b9d7          	vand.vi	v19,v18,15
   9ba3a:	02060a87          	vle8.v	v21,(a2)
   9ba3e:	f73767d7          	vwmacc.vx	v15,a4,v19
   9ba42:	a3223957          	vsrl.vi	v18,v18,4
   9ba46:	f726e857          	vwmacc.vx	v16,a3,v18
   9ba4a:	2757b957          	vand.vi	v18,v21,15
   9ba4e:	f72768d7          	vwmacc.vx	v17,a4,v18
   9ba52:	a3523957          	vsrl.vi	v18,v21,4
   9ba56:	f726e657          	vwmacc.vx	v12,a3,v18
   9ba5a:	1c050613          	addi	a2,a0,448
   9ba5e:	02060907          	vle8.v	v18,(a2)
   9ba62:	0105c703          	lbu	a4,16(a1)
   9ba66:	78e13823          	sd	a4,1936(sp)
   9ba6a:	0305c683          	lbu	a3,48(a1)
   9ba6e:	78d13423          	sd	a3,1928(sp)
   9ba72:	1c850613          	addi	a2,a0,456
   9ba76:	2727b9d7          	vand.vi	v19,v18,15
   9ba7a:	02060a87          	vle8.v	v21,(a2)
   9ba7e:	f73767d7          	vwmacc.vx	v15,a4,v19
   9ba82:	a3223957          	vsrl.vi	v18,v18,4
   9ba86:	f726e857          	vwmacc.vx	v16,a3,v18
   9ba8a:	2757b957          	vand.vi	v18,v21,15
   9ba8e:	f72768d7          	vwmacc.vx	v17,a4,v18
   9ba92:	a3523957          	vsrl.vi	v18,v21,4
   9ba96:	f726e657          	vwmacc.vx	v12,a3,v18
   9ba9a:	1d050613          	addi	a2,a0,464
   9ba9e:	02060907          	vle8.v	v18,(a2)
   9baa2:	0115c703          	lbu	a4,17(a1)
   9baa6:	78e13023          	sd	a4,1920(sp)
   9baaa:	0315c683          	lbu	a3,49(a1)
   9baae:	76d13c23          	sd	a3,1912(sp)
   9bab2:	1d850613          	addi	a2,a0,472
   9bab6:	2727b9d7          	vand.vi	v19,v18,15
   9baba:	02060a87          	vle8.v	v21,(a2)
   9babe:	f73767d7          	vwmacc.vx	v15,a4,v19
   9bac2:	a3223957          	vsrl.vi	v18,v18,4
   9bac6:	f726e857          	vwmacc.vx	v16,a3,v18
   9baca:	2757b957          	vand.vi	v18,v21,15
   9bace:	f72768d7          	vwmacc.vx	v17,a4,v18
   9bad2:	a3523957          	vsrl.vi	v18,v21,4
   9bad6:	f726e657          	vwmacc.vx	v12,a3,v18
   9bada:	1e050613          	addi	a2,a0,480
   9bade:	02060907          	vle8.v	v18,(a2)
   9bae2:	0125c703          	lbu	a4,18(a1)
   9bae6:	76e13823          	sd	a4,1904(sp)
   9baea:	0325c683          	lbu	a3,50(a1)
   9baee:	76d13423          	sd	a3,1896(sp)
   9baf2:	1e850613          	addi	a2,a0,488
   9baf6:	2727b9d7          	vand.vi	v19,v18,15
   9bafa:	02060a87          	vle8.v	v21,(a2)
   9bafe:	f73767d7          	vwmacc.vx	v15,a4,v19
   9bb02:	a3223957          	vsrl.vi	v18,v18,4
   9bb06:	f726e857          	vwmacc.vx	v16,a3,v18
   9bb0a:	2757b957          	vand.vi	v18,v21,15
   9bb0e:	f72768d7          	vwmacc.vx	v17,a4,v18
   9bb12:	a3523957          	vsrl.vi	v18,v21,4
   9bb16:	f726e657          	vwmacc.vx	v12,a3,v18
   9bb1a:	1f050613          	addi	a2,a0,496
   9bb1e:	02060907          	vle8.v	v18,(a2)
   9bb22:	0135c703          	lbu	a4,19(a1)
   9bb26:	76e13023          	sd	a4,1888(sp)
   9bb2a:	0335c683          	lbu	a3,51(a1)
   9bb2e:	7ad13023          	sd	a3,1952(sp)
   9bb32:	1f850613          	addi	a2,a0,504
   9bb36:	2727b9d7          	vand.vi	v19,v18,15
   9bb3a:	02060a87          	vle8.v	v21,(a2)
   9bb3e:	f73767d7          	vwmacc.vx	v15,a4,v19
   9bb42:	a3223957          	vsrl.vi	v18,v18,4
   9bb46:	f726e857          	vwmacc.vx	v16,a3,v18
   9bb4a:	2757b957          	vand.vi	v18,v21,15
   9bb4e:	f72768d7          	vwmacc.vx	v17,a4,v18
   9bb52:	a3523957          	vsrl.vi	v18,v21,4
   9bb56:	f726e657          	vwmacc.vx	v12,a3,v18
   9bb5a:	0c807057          	vsetvli	zero,zero,e16,m1,ta,ma
   9bb5e:	c2202673          	csrr	a2,vlenb
   9bb62:	46b9                	li	a3,14
   9bb64:	02d60633          	mul	a2,a2,a3
   9bb68:	960a                	add	a2,a2,sp
   9bb6a:	7ff60613          	addi	a2,a2,2047
   9bb6e:	11160613          	addi	a2,a2,273
   9bb72:	22860007          	vl2r.v	v0,(a2)
   9bb76:	f6fba057          	vwmacc.vv	v0,v23,v15
   9bb7a:	f70c2057          	vwmacc.vv	v0,v24,v16
   9bb7e:	c2202673          	csrr	a2,vlenb
   9bb82:	46b9                	li	a3,14
   9bb84:	02d60633          	mul	a2,a2,a3
   9bb88:	960a                	add	a2,a2,sp
   9bb8a:	7ff60613          	addi	a2,a2,2047
   9bb8e:	11160613          	addi	a2,a2,273
   9bb92:	22860f07          	vl2r.v	v30,(a2)
   9bb96:	f71caf57          	vwmacc.vv	v30,v25,v17
   9bb9a:	f6c72f57          	vwmacc.vv	v30,v14,v12
   9bb9e:	20050613          	addi	a2,a0,512
   9bba2:	02060607          	vle8.v	v12,(a2)
   9bba6:	0c707057          	vsetvli	zero,zero,e8,mf2,ta,ma
   9bbaa:	0145c703          	lbu	a4,20(a1)
   9bbae:	74e13023          	sd	a4,1856(sp)
   9bbb2:	0345c683          	lbu	a3,52(a1)
   9bbb6:	74d13823          	sd	a3,1872(sp)
   9bbba:	20850613          	addi	a2,a0,520
   9bbbe:	26c7b857          	vand.vi	v16,v12,15
   9bbc2:	9f4037d7          	vmv1r.v	v15,v20
   9bbc6:	02060907          	vle8.v	v18,(a2)
   9bbca:	f70767d7          	vwmacc.vx	v15,a4,v16
   9bbce:	a2c23657          	vsrl.vi	v12,v12,4
   9bbd2:	9f403857          	vmv1r.v	v16,v20
   9bbd6:	f6c6e857          	vwmacc.vx	v16,a3,v12
   9bbda:	2727b657          	vand.vi	v12,v18,15
   9bbde:	9f4038d7          	vmv1r.v	v17,v20
   9bbe2:	f6c768d7          	vwmacc.vx	v17,a4,v12
   9bbe6:	a3223957          	vsrl.vi	v18,v18,4
   9bbea:	9f403657          	vmv1r.v	v12,v20
   9bbee:	f726e657          	vwmacc.vx	v12,a3,v18
   9bbf2:	21050613          	addi	a2,a0,528
   9bbf6:	02060907          	vle8.v	v18,(a2)
   9bbfa:	0155c703          	lbu	a4,21(a1)
   9bbfe:	74e13c23          	sd	a4,1880(sp)
   9bc02:	0355c683          	lbu	a3,53(a1)
   9bc06:	74d13423          	sd	a3,1864(sp)
   9bc0a:	21850613          	addi	a2,a0,536
   9bc0e:	2727b9d7          	vand.vi	v19,v18,15
   9bc12:	02060a87          	vle8.v	v21,(a2)
   9bc16:	f73767d7          	vwmacc.vx	v15,a4,v19
   9bc1a:	a3223957          	vsrl.vi	v18,v18,4
   9bc1e:	f726e857          	vwmacc.vx	v16,a3,v18
   9bc22:	2757b957          	vand.vi	v18,v21,15
   9bc26:	f72768d7          	vwmacc.vx	v17,a4,v18
   9bc2a:	a3523957          	vsrl.vi	v18,v21,4
   9bc2e:	f726e657          	vwmacc.vx	v12,a3,v18
   9bc32:	22050613          	addi	a2,a0,544
   9bc36:	02060907          	vle8.v	v18,(a2)
   9bc3a:	0165c703          	lbu	a4,22(a1)
   9bc3e:	72e13c23          	sd	a4,1848(sp)
   9bc42:	0365c683          	lbu	a3,54(a1)
   9bc46:	72d13823          	sd	a3,1840(sp)
   9bc4a:	22850613          	addi	a2,a0,552
   9bc4e:	2727b9d7          	vand.vi	v19,v18,15
   9bc52:	02060a87          	vle8.v	v21,(a2)
   9bc56:	f73767d7          	vwmacc.vx	v15,a4,v19
   9bc5a:	a3223957          	vsrl.vi	v18,v18,4
   9bc5e:	f726e857          	vwmacc.vx	v16,a3,v18
   9bc62:	2757b957          	vand.vi	v18,v21,15
   9bc66:	f72768d7          	vwmacc.vx	v17,a4,v18
   9bc6a:	a3523957          	vsrl.vi	v18,v21,4
   9bc6e:	f726e657          	vwmacc.vx	v12,a3,v18
   9bc72:	23050613          	addi	a2,a0,560
   9bc76:	02060907          	vle8.v	v18,(a2)
   9bc7a:	0175c703          	lbu	a4,23(a1)
   9bc7e:	72e13423          	sd	a4,1832(sp)
   9bc82:	0375c683          	lbu	a3,55(a1)
   9bc86:	72d13023          	sd	a3,1824(sp)
   9bc8a:	23850613          	addi	a2,a0,568
   9bc8e:	2727b9d7          	vand.vi	v19,v18,15
   9bc92:	02060a87          	vle8.v	v21,(a2)
   9bc96:	f73767d7          	vwmacc.vx	v15,a4,v19
   9bc9a:	a3223957          	vsrl.vi	v18,v18,4
   9bc9e:	f726e857          	vwmacc.vx	v16,a3,v18
   9bca2:	2757b957          	vand.vi	v18,v21,15
   9bca6:	f72768d7          	vwmacc.vx	v17,a4,v18
   9bcaa:	a3523957          	vsrl.vi	v18,v21,4
   9bcae:	f726e657          	vwmacc.vx	v12,a3,v18
   9bcb2:	24050613          	addi	a2,a0,576
   9bcb6:	02060907          	vle8.v	v18,(a2)
   9bcba:	0185c703          	lbu	a4,24(a1)
   9bcbe:	70e13c23          	sd	a4,1816(sp)
   9bcc2:	0385c683          	lbu	a3,56(a1)
   9bcc6:	70d13823          	sd	a3,1808(sp)
   9bcca:	24850613          	addi	a2,a0,584
   9bcce:	2727b9d7          	vand.vi	v19,v18,15
   9bcd2:	02060a87          	vle8.v	v21,(a2)
   9bcd6:	f73767d7          	vwmacc.vx	v15,a4,v19
   9bcda:	a3223957          	vsrl.vi	v18,v18,4
   9bcde:	f726e857          	vwmacc.vx	v16,a3,v18
   9bce2:	2757b957          	vand.vi	v18,v21,15
   9bce6:	f72768d7          	vwmacc.vx	v17,a4,v18
   9bcea:	a3523957          	vsrl.vi	v18,v21,4
   9bcee:	f726e657          	vwmacc.vx	v12,a3,v18
   9bcf2:	25050613          	addi	a2,a0,592
   9bcf6:	02060907          	vle8.v	v18,(a2)
   9bcfa:	0195c703          	lbu	a4,25(a1)
   9bcfe:	70e13423          	sd	a4,1800(sp)
   9bd02:	0395c683          	lbu	a3,57(a1)
   9bd06:	70d13023          	sd	a3,1792(sp)
   9bd0a:	25850613          	addi	a2,a0,600
   9bd0e:	2727b9d7          	vand.vi	v19,v18,15
   9bd12:	02060a87          	vle8.v	v21,(a2)
   9bd16:	f73767d7          	vwmacc.vx	v15,a4,v19
   9bd1a:	a3223957          	vsrl.vi	v18,v18,4
   9bd1e:	f726e857          	vwmacc.vx	v16,a3,v18
   9bd22:	2757b957          	vand.vi	v18,v21,15
   9bd26:	f72768d7          	vwmacc.vx	v17,a4,v18
   9bd2a:	a3523957          	vsrl.vi	v18,v21,4
   9bd2e:	f726e657          	vwmacc.vx	v12,a3,v18
   9bd32:	26050613          	addi	a2,a0,608
   9bd36:	02060907          	vle8.v	v18,(a2)
   9bd3a:	01a5c703          	lbu	a4,26(a1)
   9bd3e:	6ee13c23          	sd	a4,1784(sp)
   9bd42:	03a5c683          	lbu	a3,58(a1)
   9bd46:	6ed13823          	sd	a3,1776(sp)
   9bd4a:	26850613          	addi	a2,a0,616
   9bd4e:	2727b9d7          	vand.vi	v19,v18,15
   9bd52:	02060a87          	vle8.v	v21,(a2)
   9bd56:	f73767d7          	vwmacc.vx	v15,a4,v19
   9bd5a:	a3223957          	vsrl.vi	v18,v18,4
   9bd5e:	f726e857          	vwmacc.vx	v16,a3,v18
   9bd62:	2757b957          	vand.vi	v18,v21,15
   9bd66:	f72768d7          	vwmacc.vx	v17,a4,v18
   9bd6a:	a3523957          	vsrl.vi	v18,v21,4
   9bd6e:	f726e657          	vwmacc.vx	v12,a3,v18
   9bd72:	27050613          	addi	a2,a0,624
   9bd76:	02060907          	vle8.v	v18,(a2)
   9bd7a:	01b5c703          	lbu	a4,27(a1)
   9bd7e:	6ee13423          	sd	a4,1768(sp)
   9bd82:	03b5c683          	lbu	a3,59(a1)
   9bd86:	6ed13023          	sd	a3,1760(sp)
   9bd8a:	27850613          	addi	a2,a0,632
   9bd8e:	2727b9d7          	vand.vi	v19,v18,15
   9bd92:	02060a87          	vle8.v	v21,(a2)
   9bd96:	f73767d7          	vwmacc.vx	v15,a4,v19
   9bd9a:	a3223957          	vsrl.vi	v18,v18,4
   9bd9e:	f726e857          	vwmacc.vx	v16,a3,v18
   9bda2:	2757b957          	vand.vi	v18,v21,15
   9bda6:	f72768d7          	vwmacc.vx	v17,a4,v18
   9bdaa:	a3523957          	vsrl.vi	v18,v21,4
   9bdae:	f726e657          	vwmacc.vx	v12,a3,v18
   9bdb2:	28050613          	addi	a2,a0,640
   9bdb6:	02060907          	vle8.v	v18,(a2)
   9bdba:	01c5c703          	lbu	a4,28(a1)
   9bdbe:	6ce13c23          	sd	a4,1752(sp)
   9bdc2:	03c5c683          	lbu	a3,60(a1)
   9bdc6:	6cd13823          	sd	a3,1744(sp)
   9bdca:	28850613          	addi	a2,a0,648
   9bdce:	2727b9d7          	vand.vi	v19,v18,15
   9bdd2:	02060a87          	vle8.v	v21,(a2)
   9bdd6:	f73767d7          	vwmacc.vx	v15,a4,v19
   9bdda:	a3223957          	vsrl.vi	v18,v18,4
   9bdde:	f726e857          	vwmacc.vx	v16,a3,v18
   9bde2:	2757b957          	vand.vi	v18,v21,15
   9bde6:	f72768d7          	vwmacc.vx	v17,a4,v18
   9bdea:	a3523957          	vsrl.vi	v18,v21,4
   9bdee:	f726e657          	vwmacc.vx	v12,a3,v18
   9bdf2:	29050613          	addi	a2,a0,656
   9bdf6:	02060907          	vle8.v	v18,(a2)
   9bdfa:	01d5c703          	lbu	a4,29(a1)
   9bdfe:	6ce13423          	sd	a4,1736(sp)
   9be02:	03d5c683          	lbu	a3,61(a1)
   9be06:	6cd13023          	sd	a3,1728(sp)
   9be0a:	29850613          	addi	a2,a0,664
   9be0e:	2727b9d7          	vand.vi	v19,v18,15
   9be12:	02060a87          	vle8.v	v21,(a2)
   9be16:	f73767d7          	vwmacc.vx	v15,a4,v19
   9be1a:	a3223957          	vsrl.vi	v18,v18,4
   9be1e:	f726e857          	vwmacc.vx	v16,a3,v18
   9be22:	2757b957          	vand.vi	v18,v21,15
   9be26:	f72768d7          	vwmacc.vx	v17,a4,v18
   9be2a:	a3523957          	vsrl.vi	v18,v21,4
   9be2e:	f726e657          	vwmacc.vx	v12,a3,v18
   9be32:	2a050613          	addi	a2,a0,672
   9be36:	02060907          	vle8.v	v18,(a2)
   9be3a:	01e5c703          	lbu	a4,30(a1)
   9be3e:	6ae13c23          	sd	a4,1720(sp)
   9be42:	03e5c683          	lbu	a3,62(a1)
   9be46:	6ad13823          	sd	a3,1712(sp)
   9be4a:	2a850613          	addi	a2,a0,680
   9be4e:	2727b9d7          	vand.vi	v19,v18,15
   9be52:	02060a87          	vle8.v	v21,(a2)
   9be56:	f73767d7          	vwmacc.vx	v15,a4,v19
   9be5a:	a3223957          	vsrl.vi	v18,v18,4
   9be5e:	f726e857          	vwmacc.vx	v16,a3,v18
   9be62:	2757b957          	vand.vi	v18,v21,15
   9be66:	f72768d7          	vwmacc.vx	v17,a4,v18
   9be6a:	a3523957          	vsrl.vi	v18,v21,4
   9be6e:	f726e657          	vwmacc.vx	v12,a3,v18
   9be72:	2b050613          	addi	a2,a0,688
   9be76:	02060907          	vle8.v	v18,(a2)
   9be7a:	01f5c703          	lbu	a4,31(a1)
   9be7e:	6ae13423          	sd	a4,1704(sp)
   9be82:	03f5c683          	lbu	a3,63(a1)
   9be86:	6ad13023          	sd	a3,1696(sp)
   9be8a:	2b850613          	addi	a2,a0,696
   9be8e:	2727b9d7          	vand.vi	v19,v18,15
   9be92:	02060a87          	vle8.v	v21,(a2)
   9be96:	f73767d7          	vwmacc.vx	v15,a4,v19
   9be9a:	a3223957          	vsrl.vi	v18,v18,4
   9be9e:	f726e857          	vwmacc.vx	v16,a3,v18
   9bea2:	2757b957          	vand.vi	v18,v21,15
   9bea6:	f72768d7          	vwmacc.vx	v17,a4,v18
   9beaa:	a3523957          	vsrl.vi	v18,v21,4
   9beae:	f726e657          	vwmacc.vx	v12,a3,v18
   9beb2:	2c050613          	addi	a2,a0,704
   9beb6:	02060907          	vle8.v	v18,(a2)
   9beba:	0205c703          	lbu	a4,32(a1)
   9bebe:	68e13c23          	sd	a4,1688(sp)
   9bec2:	0405c683          	lbu	a3,64(a1)
   9bec6:	68d13823          	sd	a3,1680(sp)
   9beca:	2c850613          	addi	a2,a0,712
   9bece:	2727b9d7          	vand.vi	v19,v18,15
   9bed2:	02060a87          	vle8.v	v21,(a2)
   9bed6:	f73767d7          	vwmacc.vx	v15,a4,v19
   9beda:	a3223957          	vsrl.vi	v18,v18,4
   9bede:	f726e857          	vwmacc.vx	v16,a3,v18
   9bee2:	2757b957          	vand.vi	v18,v21,15
   9bee6:	f72768d7          	vwmacc.vx	v17,a4,v18
   9beea:	a3523957          	vsrl.vi	v18,v21,4
   9beee:	f726e657          	vwmacc.vx	v12,a3,v18
   9bef2:	2d050613          	addi	a2,a0,720
   9bef6:	02060907          	vle8.v	v18,(a2)
   9befa:	0215c703          	lbu	a4,33(a1)
   9befe:	68e13423          	sd	a4,1672(sp)
   9bf02:	0415c683          	lbu	a3,65(a1)
   9bf06:	68d13023          	sd	a3,1664(sp)
   9bf0a:	2d850613          	addi	a2,a0,728
   9bf0e:	2727b9d7          	vand.vi	v19,v18,15
   9bf12:	02060a87          	vle8.v	v21,(a2)
   9bf16:	f73767d7          	vwmacc.vx	v15,a4,v19
   9bf1a:	a3223957          	vsrl.vi	v18,v18,4
   9bf1e:	f726e857          	vwmacc.vx	v16,a3,v18
   9bf22:	2757b957          	vand.vi	v18,v21,15
   9bf26:	f72768d7          	vwmacc.vx	v17,a4,v18
   9bf2a:	a3523957          	vsrl.vi	v18,v21,4
   9bf2e:	f726e657          	vwmacc.vx	v12,a3,v18
   9bf32:	2e050613          	addi	a2,a0,736
   9bf36:	02060907          	vle8.v	v18,(a2)
   9bf3a:	0225c703          	lbu	a4,34(a1)
   9bf3e:	66e13c23          	sd	a4,1656(sp)
   9bf42:	0425c683          	lbu	a3,66(a1)
   9bf46:	66d13823          	sd	a3,1648(sp)
   9bf4a:	2e850613          	addi	a2,a0,744
   9bf4e:	2727b9d7          	vand.vi	v19,v18,15
   9bf52:	02060a87          	vle8.v	v21,(a2)
   9bf56:	f73767d7          	vwmacc.vx	v15,a4,v19
   9bf5a:	a3223957          	vsrl.vi	v18,v18,4
   9bf5e:	f726e857          	vwmacc.vx	v16,a3,v18
   9bf62:	2757b957          	vand.vi	v18,v21,15
   9bf66:	f72768d7          	vwmacc.vx	v17,a4,v18
   9bf6a:	a3523957          	vsrl.vi	v18,v21,4
   9bf6e:	f726e657          	vwmacc.vx	v12,a3,v18
   9bf72:	2f050613          	addi	a2,a0,752
   9bf76:	02060907          	vle8.v	v18,(a2)
   9bf7a:	0235c703          	lbu	a4,35(a1)
   9bf7e:	66e13423          	sd	a4,1640(sp)
   9bf82:	0435c683          	lbu	a3,67(a1)
   9bf86:	66d13023          	sd	a3,1632(sp)
   9bf8a:	2f850613          	addi	a2,a0,760
   9bf8e:	2727b9d7          	vand.vi	v19,v18,15
   9bf92:	02060a87          	vle8.v	v21,(a2)
   9bf96:	f73767d7          	vwmacc.vx	v15,a4,v19
   9bf9a:	a3223957          	vsrl.vi	v18,v18,4
   9bf9e:	f726e857          	vwmacc.vx	v16,a3,v18
   9bfa2:	2757b957          	vand.vi	v18,v21,15
   9bfa6:	f72768d7          	vwmacc.vx	v17,a4,v18
   9bfaa:	a3523957          	vsrl.vi	v18,v21,4
   9bfae:	f726e657          	vwmacc.vx	v12,a3,v18
   9bfb2:	0c807057          	vsetvli	zero,zero,e16,m1,ta,ma
   9bfb6:	f6fba057          	vwmacc.vv	v0,v23,v15
   9bfba:	f70c2057          	vwmacc.vv	v0,v24,v16
   9bfbe:	f71caf57          	vwmacc.vv	v30,v25,v17
   9bfc2:	f6c72f57          	vwmacc.vv	v30,v14,v12
   9bfc6:	30050613          	addi	a2,a0,768
   9bfca:	02060607          	vle8.v	v12,(a2)
   9bfce:	0c707057          	vsetvli	zero,zero,e8,mf2,ta,ma
   9bfd2:	0445c703          	lbu	a4,68(a1)
   9bfd6:	64e13023          	sd	a4,1600(sp)
   9bfda:	0645c683          	lbu	a3,100(a1)
   9bfde:	64d13823          	sd	a3,1616(sp)
   9bfe2:	30850613          	addi	a2,a0,776
   9bfe6:	26c7b7d7          	vand.vi	v15,v12,15
   9bfea:	9f403757          	vmv1r.v	v14,v20
   9bfee:	02060887          	vle8.v	v17,(a2)
   9bff2:	f6f76757          	vwmacc.vx	v14,a4,v15
   9bff6:	a2c23657          	vsrl.vi	v12,v12,4
   9bffa:	9f4037d7          	vmv1r.v	v15,v20
   9bffe:	f6c6e7d7          	vwmacc.vx	v15,a3,v12
   9c002:	2717b657          	vand.vi	v12,v17,15
   9c006:	9f403857          	vmv1r.v	v16,v20
   9c00a:	f6c76857          	vwmacc.vx	v16,a4,v12
   9c00e:	a31238d7          	vsrl.vi	v17,v17,4
   9c012:	9f403657          	vmv1r.v	v12,v20
   9c016:	f716e657          	vwmacc.vx	v12,a3,v17
   9c01a:	31050613          	addi	a2,a0,784
   9c01e:	02060887          	vle8.v	v17,(a2)
   9c022:	0455c703          	lbu	a4,69(a1)
   9c026:	64e13c23          	sd	a4,1624(sp)
   9c02a:	0655c683          	lbu	a3,101(a1)
   9c02e:	64d13423          	sd	a3,1608(sp)
   9c032:	31850613          	addi	a2,a0,792
   9c036:	2717b957          	vand.vi	v18,v17,15
   9c03a:	02060987          	vle8.v	v19,(a2)
   9c03e:	f7276757          	vwmacc.vx	v14,a4,v18
   9c042:	a31238d7          	vsrl.vi	v17,v17,4
   9c046:	f716e7d7          	vwmacc.vx	v15,a3,v17
   9c04a:	2737b8d7          	vand.vi	v17,v19,15
   9c04e:	f7176857          	vwmacc.vx	v16,a4,v17
   9c052:	a33238d7          	vsrl.vi	v17,v19,4
   9c056:	f716e657          	vwmacc.vx	v12,a3,v17
   9c05a:	32050613          	addi	a2,a0,800
   9c05e:	02060887          	vle8.v	v17,(a2)
   9c062:	0465c703          	lbu	a4,70(a1)
   9c066:	62e13c23          	sd	a4,1592(sp)
   9c06a:	0665c683          	lbu	a3,102(a1)
   9c06e:	62d13823          	sd	a3,1584(sp)
   9c072:	32850613          	addi	a2,a0,808
   9c076:	2717b957          	vand.vi	v18,v17,15
   9c07a:	02060987          	vle8.v	v19,(a2)
   9c07e:	f7276757          	vwmacc.vx	v14,a4,v18
   9c082:	a31238d7          	vsrl.vi	v17,v17,4
   9c086:	f716e7d7          	vwmacc.vx	v15,a3,v17
   9c08a:	2737b8d7          	vand.vi	v17,v19,15
   9c08e:	f7176857          	vwmacc.vx	v16,a4,v17
   9c092:	a33238d7          	vsrl.vi	v17,v19,4
   9c096:	f716e657          	vwmacc.vx	v12,a3,v17
   9c09a:	33050613          	addi	a2,a0,816
   9c09e:	02060887          	vle8.v	v17,(a2)
   9c0a2:	0475c703          	lbu	a4,71(a1)
   9c0a6:	62e13423          	sd	a4,1576(sp)
   9c0aa:	0675c683          	lbu	a3,103(a1)
   9c0ae:	62d13023          	sd	a3,1568(sp)
   9c0b2:	33850613          	addi	a2,a0,824
   9c0b6:	2717b957          	vand.vi	v18,v17,15
   9c0ba:	02060987          	vle8.v	v19,(a2)
   9c0be:	f7276757          	vwmacc.vx	v14,a4,v18
   9c0c2:	a31238d7          	vsrl.vi	v17,v17,4
   9c0c6:	f716e7d7          	vwmacc.vx	v15,a3,v17
   9c0ca:	2737b8d7          	vand.vi	v17,v19,15
   9c0ce:	f7176857          	vwmacc.vx	v16,a4,v17
   9c0d2:	a33238d7          	vsrl.vi	v17,v19,4
   9c0d6:	f716e657          	vwmacc.vx	v12,a3,v17
   9c0da:	34050613          	addi	a2,a0,832
   9c0de:	02060887          	vle8.v	v17,(a2)
   9c0e2:	0485c703          	lbu	a4,72(a1)
   9c0e6:	60e13c23          	sd	a4,1560(sp)
   9c0ea:	0685c683          	lbu	a3,104(a1)
   9c0ee:	60d13823          	sd	a3,1552(sp)
   9c0f2:	34850613          	addi	a2,a0,840
   9c0f6:	2717b957          	vand.vi	v18,v17,15
   9c0fa:	02060987          	vle8.v	v19,(a2)
   9c0fe:	f7276757          	vwmacc.vx	v14,a4,v18
   9c102:	a31238d7          	vsrl.vi	v17,v17,4
   9c106:	f716e7d7          	vwmacc.vx	v15,a3,v17
   9c10a:	2737b8d7          	vand.vi	v17,v19,15
   9c10e:	f7176857          	vwmacc.vx	v16,a4,v17
   9c112:	a33238d7          	vsrl.vi	v17,v19,4
   9c116:	f716e657          	vwmacc.vx	v12,a3,v17
   9c11a:	35050613          	addi	a2,a0,848
   9c11e:	02060887          	vle8.v	v17,(a2)
   9c122:	0495c703          	lbu	a4,73(a1)
   9c126:	60e13423          	sd	a4,1544(sp)
   9c12a:	0695c683          	lbu	a3,105(a1)
   9c12e:	60d13023          	sd	a3,1536(sp)
   9c132:	35850613          	addi	a2,a0,856
   9c136:	2717b957          	vand.vi	v18,v17,15
   9c13a:	02060987          	vle8.v	v19,(a2)
   9c13e:	f7276757          	vwmacc.vx	v14,a4,v18
   9c142:	a31238d7          	vsrl.vi	v17,v17,4
   9c146:	f716e7d7          	vwmacc.vx	v15,a3,v17
   9c14a:	2737b8d7          	vand.vi	v17,v19,15
   9c14e:	f7176857          	vwmacc.vx	v16,a4,v17
   9c152:	a33238d7          	vsrl.vi	v17,v19,4
   9c156:	f716e657          	vwmacc.vx	v12,a3,v17
   9c15a:	36050613          	addi	a2,a0,864
   9c15e:	02060887          	vle8.v	v17,(a2)
   9c162:	04a5c703          	lbu	a4,74(a1)
   9c166:	5ee13c23          	sd	a4,1528(sp)
   9c16a:	06a5c683          	lbu	a3,106(a1)
   9c16e:	5ed13823          	sd	a3,1520(sp)
   9c172:	36850613          	addi	a2,a0,872
   9c176:	2717b957          	vand.vi	v18,v17,15
   9c17a:	02060987          	vle8.v	v19,(a2)
   9c17e:	f7276757          	vwmacc.vx	v14,a4,v18
   9c182:	a31238d7          	vsrl.vi	v17,v17,4
   9c186:	f716e7d7          	vwmacc.vx	v15,a3,v17
   9c18a:	2737b8d7          	vand.vi	v17,v19,15
   9c18e:	f7176857          	vwmacc.vx	v16,a4,v17
   9c192:	a33238d7          	vsrl.vi	v17,v19,4
   9c196:	f716e657          	vwmacc.vx	v12,a3,v17
   9c19a:	37050613          	addi	a2,a0,880
   9c19e:	02060887          	vle8.v	v17,(a2)
   9c1a2:	04b5c703          	lbu	a4,75(a1)
   9c1a6:	5ee13423          	sd	a4,1512(sp)
   9c1aa:	06b5c683          	lbu	a3,107(a1)
   9c1ae:	5ed13023          	sd	a3,1504(sp)
   9c1b2:	37850613          	addi	a2,a0,888
   9c1b6:	2717b957          	vand.vi	v18,v17,15
   9c1ba:	02060987          	vle8.v	v19,(a2)
   9c1be:	f7276757          	vwmacc.vx	v14,a4,v18
   9c1c2:	a31238d7          	vsrl.vi	v17,v17,4
   9c1c6:	f716e7d7          	vwmacc.vx	v15,a3,v17
   9c1ca:	2737b8d7          	vand.vi	v17,v19,15
   9c1ce:	f7176857          	vwmacc.vx	v16,a4,v17
   9c1d2:	a33238d7          	vsrl.vi	v17,v19,4
   9c1d6:	f716e657          	vwmacc.vx	v12,a3,v17
   9c1da:	38050613          	addi	a2,a0,896
   9c1de:	02060887          	vle8.v	v17,(a2)
   9c1e2:	04c5c703          	lbu	a4,76(a1)
   9c1e6:	5ce13c23          	sd	a4,1496(sp)
   9c1ea:	06c5c683          	lbu	a3,108(a1)
   9c1ee:	5cd13823          	sd	a3,1488(sp)
   9c1f2:	38850613          	addi	a2,a0,904
   9c1f6:	2717b957          	vand.vi	v18,v17,15
   9c1fa:	02060987          	vle8.v	v19,(a2)
   9c1fe:	f7276757          	vwmacc.vx	v14,a4,v18
   9c202:	a31238d7          	vsrl.vi	v17,v17,4
   9c206:	f716e7d7          	vwmacc.vx	v15,a3,v17
   9c20a:	2737b8d7          	vand.vi	v17,v19,15
   9c20e:	f7176857          	vwmacc.vx	v16,a4,v17
   9c212:	a33238d7          	vsrl.vi	v17,v19,4
   9c216:	f716e657          	vwmacc.vx	v12,a3,v17
   9c21a:	39050613          	addi	a2,a0,912
   9c21e:	02060887          	vle8.v	v17,(a2)
   9c222:	04d5c703          	lbu	a4,77(a1)
   9c226:	5ce13423          	sd	a4,1480(sp)
   9c22a:	06d5c683          	lbu	a3,109(a1)
   9c22e:	5cd13023          	sd	a3,1472(sp)
   9c232:	39850613          	addi	a2,a0,920
   9c236:	2717b957          	vand.vi	v18,v17,15
   9c23a:	02060987          	vle8.v	v19,(a2)
   9c23e:	f7276757          	vwmacc.vx	v14,a4,v18
   9c242:	a31238d7          	vsrl.vi	v17,v17,4
   9c246:	f716e7d7          	vwmacc.vx	v15,a3,v17
   9c24a:	2737b8d7          	vand.vi	v17,v19,15
   9c24e:	f7176857          	vwmacc.vx	v16,a4,v17
   9c252:	a33238d7          	vsrl.vi	v17,v19,4
   9c256:	f716e657          	vwmacc.vx	v12,a3,v17
   9c25a:	3a050613          	addi	a2,a0,928
   9c25e:	02060887          	vle8.v	v17,(a2)
   9c262:	04e5c703          	lbu	a4,78(a1)
   9c266:	5ae13c23          	sd	a4,1464(sp)
   9c26a:	06e5c683          	lbu	a3,110(a1)
   9c26e:	5ad13823          	sd	a3,1456(sp)
   9c272:	3a850613          	addi	a2,a0,936
   9c276:	2717b957          	vand.vi	v18,v17,15
   9c27a:	02060987          	vle8.v	v19,(a2)
   9c27e:	f7276757          	vwmacc.vx	v14,a4,v18
   9c282:	a31238d7          	vsrl.vi	v17,v17,4
   9c286:	f716e7d7          	vwmacc.vx	v15,a3,v17
   9c28a:	2737b8d7          	vand.vi	v17,v19,15
   9c28e:	f7176857          	vwmacc.vx	v16,a4,v17
   9c292:	a33238d7          	vsrl.vi	v17,v19,4
   9c296:	f716e657          	vwmacc.vx	v12,a3,v17
   9c29a:	3b050613          	addi	a2,a0,944
   9c29e:	02060887          	vle8.v	v17,(a2)
   9c2a2:	04f5c703          	lbu	a4,79(a1)
   9c2a6:	5ae13423          	sd	a4,1448(sp)
   9c2aa:	06f5c683          	lbu	a3,111(a1)
   9c2ae:	58d13c23          	sd	a3,1432(sp)
   9c2b2:	3b850613          	addi	a2,a0,952
   9c2b6:	2717b957          	vand.vi	v18,v17,15
   9c2ba:	02060987          	vle8.v	v19,(a2)
   9c2be:	f7276757          	vwmacc.vx	v14,a4,v18
   9c2c2:	a31238d7          	vsrl.vi	v17,v17,4
   9c2c6:	f716e7d7          	vwmacc.vx	v15,a3,v17
   9c2ca:	2737b8d7          	vand.vi	v17,v19,15
   9c2ce:	f7176857          	vwmacc.vx	v16,a4,v17
   9c2d2:	a33238d7          	vsrl.vi	v17,v19,4
   9c2d6:	f716e657          	vwmacc.vx	v12,a3,v17
   9c2da:	3c050613          	addi	a2,a0,960
   9c2de:	02060887          	vle8.v	v17,(a2)
   9c2e2:	0505c703          	lbu	a4,80(a1)
   9c2e6:	58e13823          	sd	a4,1424(sp)
   9c2ea:	0705c683          	lbu	a3,112(a1)
   9c2ee:	58d13423          	sd	a3,1416(sp)
   9c2f2:	3c850613          	addi	a2,a0,968
   9c2f6:	2717b957          	vand.vi	v18,v17,15
   9c2fa:	02060987          	vle8.v	v19,(a2)
   9c2fe:	f7276757          	vwmacc.vx	v14,a4,v18
   9c302:	a31238d7          	vsrl.vi	v17,v17,4
   9c306:	f716e7d7          	vwmacc.vx	v15,a3,v17
   9c30a:	2737b8d7          	vand.vi	v17,v19,15
   9c30e:	f7176857          	vwmacc.vx	v16,a4,v17
   9c312:	a33238d7          	vsrl.vi	v17,v19,4
   9c316:	f716e657          	vwmacc.vx	v12,a3,v17
   9c31a:	3d050613          	addi	a2,a0,976
   9c31e:	02060887          	vle8.v	v17,(a2)
   9c322:	0515c703          	lbu	a4,81(a1)
   9c326:	58e13023          	sd	a4,1408(sp)
   9c32a:	0715c683          	lbu	a3,113(a1)
   9c32e:	56d13c23          	sd	a3,1400(sp)
   9c332:	3d850613          	addi	a2,a0,984
   9c336:	2717b957          	vand.vi	v18,v17,15
   9c33a:	02060987          	vle8.v	v19,(a2)
   9c33e:	f7276757          	vwmacc.vx	v14,a4,v18
   9c342:	a31238d7          	vsrl.vi	v17,v17,4
   9c346:	f716e7d7          	vwmacc.vx	v15,a3,v17
   9c34a:	2737b8d7          	vand.vi	v17,v19,15
   9c34e:	f7176857          	vwmacc.vx	v16,a4,v17
   9c352:	a33238d7          	vsrl.vi	v17,v19,4
   9c356:	f716e657          	vwmacc.vx	v12,a3,v17
   9c35a:	3e050613          	addi	a2,a0,992
   9c35e:	02060887          	vle8.v	v17,(a2)
   9c362:	0525c703          	lbu	a4,82(a1)
   9c366:	56e13823          	sd	a4,1392(sp)
   9c36a:	0725c683          	lbu	a3,114(a1)
   9c36e:	56d13423          	sd	a3,1384(sp)
   9c372:	3e850613          	addi	a2,a0,1000
   9c376:	2717b957          	vand.vi	v18,v17,15
   9c37a:	02060987          	vle8.v	v19,(a2)
   9c37e:	f7276757          	vwmacc.vx	v14,a4,v18
   9c382:	a31238d7          	vsrl.vi	v17,v17,4
   9c386:	f716e7d7          	vwmacc.vx	v15,a3,v17
   9c38a:	2737b8d7          	vand.vi	v17,v19,15
   9c38e:	f7176857          	vwmacc.vx	v16,a4,v17
   9c392:	a33238d7          	vsrl.vi	v17,v19,4
   9c396:	f716e657          	vwmacc.vx	v12,a3,v17
   9c39a:	3f050613          	addi	a2,a0,1008
   9c39e:	02060887          	vle8.v	v17,(a2)
   9c3a2:	0535c703          	lbu	a4,83(a1)
   9c3a6:	56e13023          	sd	a4,1376(sp)
   9c3aa:	0735c683          	lbu	a3,115(a1)
   9c3ae:	5ad13023          	sd	a3,1440(sp)
   9c3b2:	3f850613          	addi	a2,a0,1016
   9c3b6:	2717b957          	vand.vi	v18,v17,15
   9c3ba:	02060987          	vle8.v	v19,(a2)
   9c3be:	f7276757          	vwmacc.vx	v14,a4,v18
   9c3c2:	a31238d7          	vsrl.vi	v17,v17,4
   9c3c6:	f716e7d7          	vwmacc.vx	v15,a3,v17
   9c3ca:	2737b8d7          	vand.vi	v17,v19,15
   9c3ce:	f7176857          	vwmacc.vx	v16,a4,v17
   9c3d2:	a33238d7          	vsrl.vi	v17,v19,4
   9c3d6:	f716e657          	vwmacc.vx	v12,a3,v17
   9c3da:	0c807057          	vsetvli	zero,zero,e16,m1,ta,ma
   9c3de:	f6e4a057          	vwmacc.vv	v0,v9,v14
   9c3e2:	f6f52057          	vwmacc.vv	v0,v10,v15
   9c3e6:	f705af57          	vwmacc.vv	v30,v11,v16
   9c3ea:	f6cb2f57          	vwmacc.vv	v30,v22,v12
   9c3ee:	40050613          	addi	a2,a0,1024
   9c3f2:	02060607          	vle8.v	v12,(a2)
   9c3f6:	0c707057          	vsetvli	zero,zero,e8,mf2,ta,ma
   9c3fa:	0545c703          	lbu	a4,84(a1)
   9c3fe:	54e13023          	sd	a4,1344(sp)
   9c402:	0745c683          	lbu	a3,116(a1)
   9c406:	54d13823          	sd	a3,1360(sp)
   9c40a:	40850613          	addi	a2,a0,1032
   9c40e:	26c7b757          	vand.vi	v14,v12,15
   9c412:	9f4037d7          	vmv1r.v	v15,v20
   9c416:	02060807          	vle8.v	v16,(a2)
   9c41a:	f6e767d7          	vwmacc.vx	v15,a4,v14
   9c41e:	a2c23657          	vsrl.vi	v12,v12,4
   9c422:	9f4038d7          	vmv1r.v	v17,v20
   9c426:	f6c6e8d7          	vwmacc.vx	v17,a3,v12
   9c42a:	2707b657          	vand.vi	v12,v16,15
   9c42e:	9f403757          	vmv1r.v	v14,v20
   9c432:	f6c76757          	vwmacc.vx	v14,a4,v12
   9c436:	a3023657          	vsrl.vi	v12,v16,4
   9c43a:	9f403857          	vmv1r.v	v16,v20
   9c43e:	f6c6e857          	vwmacc.vx	v16,a3,v12
   9c442:	41050613          	addi	a2,a0,1040
   9c446:	02060607          	vle8.v	v12,(a2)
   9c44a:	0555c703          	lbu	a4,85(a1)
   9c44e:	54e13c23          	sd	a4,1368(sp)
   9c452:	0755c683          	lbu	a3,117(a1)
   9c456:	54d13423          	sd	a3,1352(sp)
   9c45a:	41850613          	addi	a2,a0,1048
   9c45e:	26c7b957          	vand.vi	v18,v12,15
   9c462:	02060987          	vle8.v	v19,(a2)
   9c466:	f72767d7          	vwmacc.vx	v15,a4,v18
   9c46a:	a2c23657          	vsrl.vi	v12,v12,4
   9c46e:	f6c6e8d7          	vwmacc.vx	v17,a3,v12
   9c472:	2737b657          	vand.vi	v12,v19,15
   9c476:	f6c76757          	vwmacc.vx	v14,a4,v12
   9c47a:	a3323657          	vsrl.vi	v12,v19,4
   9c47e:	f6c6e857          	vwmacc.vx	v16,a3,v12
   9c482:	42050613          	addi	a2,a0,1056
   9c486:	02060607          	vle8.v	v12,(a2)
   9c48a:	0565c703          	lbu	a4,86(a1)
   9c48e:	52e13c23          	sd	a4,1336(sp)
   9c492:	0765c683          	lbu	a3,118(a1)
   9c496:	52d13823          	sd	a3,1328(sp)
   9c49a:	42850613          	addi	a2,a0,1064
   9c49e:	26c7b957          	vand.vi	v18,v12,15
   9c4a2:	02060987          	vle8.v	v19,(a2)
   9c4a6:	f72767d7          	vwmacc.vx	v15,a4,v18
   9c4aa:	a2c23657          	vsrl.vi	v12,v12,4
   9c4ae:	f6c6e8d7          	vwmacc.vx	v17,a3,v12
   9c4b2:	2737b657          	vand.vi	v12,v19,15
   9c4b6:	f6c76757          	vwmacc.vx	v14,a4,v12
   9c4ba:	a3323657          	vsrl.vi	v12,v19,4
   9c4be:	f6c6e857          	vwmacc.vx	v16,a3,v12
   9c4c2:	43050613          	addi	a2,a0,1072
   9c4c6:	02060607          	vle8.v	v12,(a2)
   9c4ca:	0575c703          	lbu	a4,87(a1)
   9c4ce:	52e13423          	sd	a4,1320(sp)
   9c4d2:	0775c683          	lbu	a3,119(a1)
   9c4d6:	52d13023          	sd	a3,1312(sp)
   9c4da:	43850613          	addi	a2,a0,1080
   9c4de:	26c7b957          	vand.vi	v18,v12,15
   9c4e2:	02060987          	vle8.v	v19,(a2)
   9c4e6:	f72767d7          	vwmacc.vx	v15,a4,v18
   9c4ea:	a2c23657          	vsrl.vi	v12,v12,4
   9c4ee:	f6c6e8d7          	vwmacc.vx	v17,a3,v12
   9c4f2:	2737b657          	vand.vi	v12,v19,15
   9c4f6:	f6c76757          	vwmacc.vx	v14,a4,v12
   9c4fa:	a3323657          	vsrl.vi	v12,v19,4
   9c4fe:	f6c6e857          	vwmacc.vx	v16,a3,v12
   9c502:	44050613          	addi	a2,a0,1088
   9c506:	02060607          	vle8.v	v12,(a2)
   9c50a:	0585c703          	lbu	a4,88(a1)
   9c50e:	50e13c23          	sd	a4,1304(sp)
   9c512:	0785c683          	lbu	a3,120(a1)
   9c516:	50d13823          	sd	a3,1296(sp)
   9c51a:	44850613          	addi	a2,a0,1096
   9c51e:	26c7b957          	vand.vi	v18,v12,15
   9c522:	02060987          	vle8.v	v19,(a2)
   9c526:	f72767d7          	vwmacc.vx	v15,a4,v18
   9c52a:	a2c23657          	vsrl.vi	v12,v12,4
   9c52e:	f6c6e8d7          	vwmacc.vx	v17,a3,v12
   9c532:	2737b657          	vand.vi	v12,v19,15
   9c536:	f6c76757          	vwmacc.vx	v14,a4,v12
   9c53a:	a3323657          	vsrl.vi	v12,v19,4
   9c53e:	f6c6e857          	vwmacc.vx	v16,a3,v12
   9c542:	45050613          	addi	a2,a0,1104
   9c546:	02060607          	vle8.v	v12,(a2)
   9c54a:	0595c703          	lbu	a4,89(a1)
   9c54e:	50e13423          	sd	a4,1288(sp)
   9c552:	0795c683          	lbu	a3,121(a1)
   9c556:	50d13023          	sd	a3,1280(sp)
   9c55a:	45850613          	addi	a2,a0,1112
   9c55e:	26c7b957          	vand.vi	v18,v12,15
   9c562:	02060987          	vle8.v	v19,(a2)
   9c566:	f72767d7          	vwmacc.vx	v15,a4,v18
   9c56a:	a2c23657          	vsrl.vi	v12,v12,4
   9c56e:	f6c6e8d7          	vwmacc.vx	v17,a3,v12
   9c572:	2737b657          	vand.vi	v12,v19,15
   9c576:	f6c76757          	vwmacc.vx	v14,a4,v12
   9c57a:	a3323657          	vsrl.vi	v12,v19,4
   9c57e:	f6c6e857          	vwmacc.vx	v16,a3,v12
   9c582:	46050613          	addi	a2,a0,1120
   9c586:	02060607          	vle8.v	v12,(a2)
   9c58a:	05a5c703          	lbu	a4,90(a1)
   9c58e:	4ee13c23          	sd	a4,1272(sp)
   9c592:	07a5c683          	lbu	a3,122(a1)
   9c596:	4ed13823          	sd	a3,1264(sp)
   9c59a:	46850613          	addi	a2,a0,1128
   9c59e:	26c7b957          	vand.vi	v18,v12,15
   9c5a2:	02060987          	vle8.v	v19,(a2)
   9c5a6:	f72767d7          	vwmacc.vx	v15,a4,v18
   9c5aa:	a2c23657          	vsrl.vi	v12,v12,4
   9c5ae:	f6c6e8d7          	vwmacc.vx	v17,a3,v12
   9c5b2:	2737b657          	vand.vi	v12,v19,15
   9c5b6:	f6c76757          	vwmacc.vx	v14,a4,v12
   9c5ba:	a3323657          	vsrl.vi	v12,v19,4
   9c5be:	f6c6e857          	vwmacc.vx	v16,a3,v12
   9c5c2:	47050613          	addi	a2,a0,1136
   9c5c6:	02060607          	vle8.v	v12,(a2)
   9c5ca:	05b5c703          	lbu	a4,91(a1)
   9c5ce:	4ee13423          	sd	a4,1256(sp)
   9c5d2:	07b5c683          	lbu	a3,123(a1)
   9c5d6:	4ed13023          	sd	a3,1248(sp)
   9c5da:	47850613          	addi	a2,a0,1144
   9c5de:	26c7b957          	vand.vi	v18,v12,15
   9c5e2:	02060987          	vle8.v	v19,(a2)
   9c5e6:	f72767d7          	vwmacc.vx	v15,a4,v18
   9c5ea:	a2c23657          	vsrl.vi	v12,v12,4
   9c5ee:	f6c6e8d7          	vwmacc.vx	v17,a3,v12
   9c5f2:	2737b657          	vand.vi	v12,v19,15
   9c5f6:	f6c76757          	vwmacc.vx	v14,a4,v12
   9c5fa:	a3323657          	vsrl.vi	v12,v19,4
   9c5fe:	f6c6e857          	vwmacc.vx	v16,a3,v12
   9c602:	48050613          	addi	a2,a0,1152
   9c606:	02060607          	vle8.v	v12,(a2)
   9c60a:	05c5c703          	lbu	a4,92(a1)
   9c60e:	4ce13c23          	sd	a4,1240(sp)
   9c612:	07c5c683          	lbu	a3,124(a1)
   9c616:	4cd13823          	sd	a3,1232(sp)
   9c61a:	48850613          	addi	a2,a0,1160
   9c61e:	26c7b957          	vand.vi	v18,v12,15
   9c622:	02060987          	vle8.v	v19,(a2)
   9c626:	f72767d7          	vwmacc.vx	v15,a4,v18
   9c62a:	a2c23657          	vsrl.vi	v12,v12,4
   9c62e:	f6c6e8d7          	vwmacc.vx	v17,a3,v12
   9c632:	2737b657          	vand.vi	v12,v19,15
   9c636:	f6c76757          	vwmacc.vx	v14,a4,v12
   9c63a:	a3323657          	vsrl.vi	v12,v19,4
   9c63e:	f6c6e857          	vwmacc.vx	v16,a3,v12
   9c642:	49050613          	addi	a2,a0,1168
   9c646:	02060607          	vle8.v	v12,(a2)
   9c64a:	05d5c703          	lbu	a4,93(a1)
   9c64e:	4ce13423          	sd	a4,1224(sp)
   9c652:	07d5c683          	lbu	a3,125(a1)
   9c656:	4cd13023          	sd	a3,1216(sp)
   9c65a:	49850613          	addi	a2,a0,1176
   9c65e:	26c7b957          	vand.vi	v18,v12,15
   9c662:	02060987          	vle8.v	v19,(a2)
   9c666:	f72767d7          	vwmacc.vx	v15,a4,v18
   9c66a:	a2c23657          	vsrl.vi	v12,v12,4
   9c66e:	f6c6e8d7          	vwmacc.vx	v17,a3,v12
   9c672:	2737b657          	vand.vi	v12,v19,15
   9c676:	f6c76757          	vwmacc.vx	v14,a4,v12
   9c67a:	a3323657          	vsrl.vi	v12,v19,4
   9c67e:	f6c6e857          	vwmacc.vx	v16,a3,v12
   9c682:	4a050613          	addi	a2,a0,1184
   9c686:	02060607          	vle8.v	v12,(a2)
   9c68a:	05e5c703          	lbu	a4,94(a1)
   9c68e:	4ae13c23          	sd	a4,1208(sp)
   9c692:	07e5c683          	lbu	a3,126(a1)
   9c696:	4ad13823          	sd	a3,1200(sp)
   9c69a:	4a850613          	addi	a2,a0,1192
   9c69e:	26c7b957          	vand.vi	v18,v12,15
   9c6a2:	02060987          	vle8.v	v19,(a2)
   9c6a6:	f72767d7          	vwmacc.vx	v15,a4,v18
   9c6aa:	a2c23657          	vsrl.vi	v12,v12,4
   9c6ae:	f6c6e8d7          	vwmacc.vx	v17,a3,v12
   9c6b2:	2737b657          	vand.vi	v12,v19,15
   9c6b6:	f6c76757          	vwmacc.vx	v14,a4,v12
   9c6ba:	a3323657          	vsrl.vi	v12,v19,4
   9c6be:	f6c6e857          	vwmacc.vx	v16,a3,v12
   9c6c2:	4b050613          	addi	a2,a0,1200
   9c6c6:	02060607          	vle8.v	v12,(a2)
   9c6ca:	05f5c703          	lbu	a4,95(a1)
   9c6ce:	4ae13423          	sd	a4,1192(sp)
   9c6d2:	07f5c683          	lbu	a3,127(a1)
   9c6d6:	48d13c23          	sd	a3,1176(sp)
   9c6da:	4b850613          	addi	a2,a0,1208
   9c6de:	26c7b957          	vand.vi	v18,v12,15
   9c6e2:	02060987          	vle8.v	v19,(a2)
   9c6e6:	f72767d7          	vwmacc.vx	v15,a4,v18
   9c6ea:	a2c23657          	vsrl.vi	v12,v12,4
   9c6ee:	f6c6e8d7          	vwmacc.vx	v17,a3,v12
   9c6f2:	2737b657          	vand.vi	v12,v19,15
   9c6f6:	f6c76757          	vwmacc.vx	v14,a4,v12
   9c6fa:	a3323657          	vsrl.vi	v12,v19,4
   9c6fe:	f6c6e857          	vwmacc.vx	v16,a3,v12
   9c702:	4c050613          	addi	a2,a0,1216
   9c706:	02060607          	vle8.v	v12,(a2)
   9c70a:	0605c703          	lbu	a4,96(a1)
   9c70e:	48e13823          	sd	a4,1168(sp)
   9c712:	0805c683          	lbu	a3,128(a1)
   9c716:	48d13423          	sd	a3,1160(sp)
   9c71a:	4c850613          	addi	a2,a0,1224
   9c71e:	26c7b957          	vand.vi	v18,v12,15
   9c722:	02060987          	vle8.v	v19,(a2)
   9c726:	f72767d7          	vwmacc.vx	v15,a4,v18
   9c72a:	a2c23657          	vsrl.vi	v12,v12,4
   9c72e:	f6c6e8d7          	vwmacc.vx	v17,a3,v12
   9c732:	2737b657          	vand.vi	v12,v19,15
   9c736:	f6c76757          	vwmacc.vx	v14,a4,v12
   9c73a:	a3323657          	vsrl.vi	v12,v19,4
   9c73e:	f6c6e857          	vwmacc.vx	v16,a3,v12
   9c742:	4d050613          	addi	a2,a0,1232
   9c746:	02060607          	vle8.v	v12,(a2)
   9c74a:	0615c703          	lbu	a4,97(a1)
   9c74e:	48e13023          	sd	a4,1152(sp)
   9c752:	0815c683          	lbu	a3,129(a1)
   9c756:	46d13c23          	sd	a3,1144(sp)
   9c75a:	4d850613          	addi	a2,a0,1240
   9c75e:	26c7b957          	vand.vi	v18,v12,15
   9c762:	02060987          	vle8.v	v19,(a2)
   9c766:	f72767d7          	vwmacc.vx	v15,a4,v18
   9c76a:	a2c23657          	vsrl.vi	v12,v12,4
   9c76e:	f6c6e8d7          	vwmacc.vx	v17,a3,v12
   9c772:	2737b657          	vand.vi	v12,v19,15
   9c776:	f6c76757          	vwmacc.vx	v14,a4,v12
   9c77a:	a3323657          	vsrl.vi	v12,v19,4
   9c77e:	f6c6e857          	vwmacc.vx	v16,a3,v12
   9c782:	4e050613          	addi	a2,a0,1248
   9c786:	02060607          	vle8.v	v12,(a2)
   9c78a:	0625c703          	lbu	a4,98(a1)
   9c78e:	46e13823          	sd	a4,1136(sp)
   9c792:	0825c683          	lbu	a3,130(a1)
   9c796:	46d13423          	sd	a3,1128(sp)
   9c79a:	4e850613          	addi	a2,a0,1256
   9c79e:	26c7b957          	vand.vi	v18,v12,15
   9c7a2:	02060987          	vle8.v	v19,(a2)
   9c7a6:	f72767d7          	vwmacc.vx	v15,a4,v18
   9c7aa:	a2c23657          	vsrl.vi	v12,v12,4
   9c7ae:	f6c6e8d7          	vwmacc.vx	v17,a3,v12
   9c7b2:	2737b657          	vand.vi	v12,v19,15
   9c7b6:	f6c76757          	vwmacc.vx	v14,a4,v12
   9c7ba:	a3323657          	vsrl.vi	v12,v19,4
   9c7be:	f6c6e857          	vwmacc.vx	v16,a3,v12
   9c7c2:	4f050613          	addi	a2,a0,1264
   9c7c6:	02060607          	vle8.v	v12,(a2)
   9c7ca:	0635c703          	lbu	a4,99(a1)
   9c7ce:	46e13023          	sd	a4,1120(sp)
   9c7d2:	0835c683          	lbu	a3,131(a1)
   9c7d6:	4ad13023          	sd	a3,1184(sp)
   9c7da:	4f850613          	addi	a2,a0,1272
   9c7de:	26c7b957          	vand.vi	v18,v12,15
   9c7e2:	02060987          	vle8.v	v19,(a2)
   9c7e6:	f72767d7          	vwmacc.vx	v15,a4,v18
   9c7ea:	a2c23657          	vsrl.vi	v12,v12,4
   9c7ee:	f6c6e8d7          	vwmacc.vx	v17,a3,v12
   9c7f2:	2737b657          	vand.vi	v12,v19,15
   9c7f6:	f6c76757          	vwmacc.vx	v14,a4,v12
   9c7fa:	a3323657          	vsrl.vi	v12,v19,4
   9c7fe:	f6c6e857          	vwmacc.vx	v16,a3,v12
   9c802:	0c807057          	vsetvli	zero,zero,e16,m1,ta,ma
   9c806:	f6f4a057          	vwmacc.vv	v0,v9,v15
   9c80a:	f7152057          	vwmacc.vv	v0,v10,v17
   9c80e:	08050613          	addi	a2,a0,128
   9c812:	02060487          	vle8.v	v9,(a2)
   9c816:	f6e5af57          	vwmacc.vv	v30,v11,v14
   9c81a:	f70b2f57          	vwmacc.vv	v30,v22,v16
   9c81e:	0c707057          	vsetvli	zero,zero,e8,mf2,ta,ma
   9c822:	2697b557          	vand.vi	v10,v9,15
   9c826:	a29234d7          	vsrl.vi	v9,v9,4
   9c82a:	267445d7          	vand.vx	v11,v7,s0
   9c82e:	2670c657          	vand.vx	v12,v7,ra
   9c832:	a2c13657          	vsrl.vi	v12,v12,2
   9c836:	2ab50557          	vor.vv	v10,v11,v10
   9c83a:	2ac485d7          	vor.vv	v11,v12,v9
   9c83e:	0c807057          	vsetvli	zero,zero,e16,m1,ta,ma
   9c842:	09050613          	addi	a2,a0,144
   9c846:	02060607          	vle8.v	v12,(a2)
   9c84a:	4aa324d7          	vzext.vf2	v9,v10
   9c84e:	4ab32757          	vzext.vf2	v14,v11
   9c852:	0c707057          	vsetvli	zero,zero,e8,mf2,ta,ma
   9c856:	26c7b557          	vand.vi	v10,v12,15
   9c85a:	a2c235d7          	vsrl.vi	v11,v12,4
   9c85e:	26844657          	vand.vx	v12,v8,s0
   9c862:	2680c457          	vand.vx	v8,v8,ra
   9c866:	a2813457          	vsrl.vi	v8,v8,2
   9c86a:	2ac50557          	vor.vv	v10,v12,v10
   9c86e:	2a8585d7          	vor.vv	v11,v8,v11
   9c872:	0c807057          	vsetvli	zero,zero,e16,m1,ta,ma
   9c876:	0a050613          	addi	a2,a0,160
   9c87a:	02060787          	vle8.v	v15,(a2)
   9c87e:	4aa32457          	vzext.vf2	v8,v10
   9c882:	4ab32657          	vzext.vf2	v12,v11
   9c886:	0c707057          	vsetvli	zero,zero,e8,mf2,ta,ma
   9c88a:	26f7b557          	vand.vi	v10,v15,15
   9c88e:	26d445d7          	vand.vx	v11,v13,s0
   9c892:	2ab50557          	vor.vv	v10,v11,v10
   9c896:	a2f235d7          	vsrl.vi	v11,v15,4
   9c89a:	26d0c6d7          	vand.vx	v13,v13,ra
   9c89e:	a2d136d7          	vsrl.vi	v13,v13,2
   9c8a2:	2ad585d7          	vor.vv	v11,v13,v11
   9c8a6:	0c807057          	vsetvli	zero,zero,e16,m1,ta,ma
   9c8aa:	0b050613          	addi	a2,a0,176
   9c8ae:	02060807          	vle8.v	v16,(a2)
   9c8b2:	4aa326d7          	vzext.vf2	v13,v10
   9c8b6:	4ab327d7          	vzext.vf2	v15,v11
   9c8ba:	0c707057          	vsetvli	zero,zero,e8,mf2,ta,ma
   9c8be:	2707b557          	vand.vi	v10,v16,15
   9c8c2:	262445d7          	vand.vx	v11,v2,s0
   9c8c6:	2ab50557          	vor.vv	v10,v11,v10
   9c8ca:	a30235d7          	vsrl.vi	v11,v16,4
   9c8ce:	2620c857          	vand.vx	v16,v2,ra
   9c8d2:	a3013857          	vsrl.vi	v16,v16,2
   9c8d6:	2b0585d7          	vor.vv	v11,v16,v11
   9c8da:	0c807057          	vsetvli	zero,zero,e16,m1,ta,ma
   9c8de:	08850613          	addi	a2,a0,136
   9c8e2:	02060887          	vle8.v	v17,(a2)
   9c8e6:	4aa32157          	vzext.vf2	v2,v10
   9c8ea:	4ab32857          	vzext.vf2	v16,v11
   9c8ee:	0c707057          	vsetvli	zero,zero,e8,mf2,ta,ma
   9c8f2:	2717b557          	vand.vi	v10,v17,15
   9c8f6:	265445d7          	vand.vx	v11,v5,s0
   9c8fa:	2ab505d7          	vor.vv	v11,v11,v10
   9c8fe:	a3123557          	vsrl.vi	v10,v17,4
   9c902:	2650c8d7          	vand.vx	v17,v5,ra
   9c906:	a31138d7          	vsrl.vi	v17,v17,2
   9c90a:	2b1508d7          	vor.vv	v17,v17,v10
   9c90e:	0c807057          	vsetvli	zero,zero,e16,m1,ta,ma
   9c912:	09850613          	addi	a2,a0,152
   9c916:	02060907          	vle8.v	v18,(a2)
   9c91a:	4ab32557          	vzext.vf2	v10,v11
   9c91e:	4b1329d7          	vzext.vf2	v19,v17
   9c922:	0c707057          	vsetvli	zero,zero,e8,mf2,ta,ma
   9c926:	2727b5d7          	vand.vi	v11,v18,15
   9c92a:	264448d7          	vand.vx	v17,v4,s0
   9c92e:	2b1588d7          	vor.vv	v17,v17,v11
   9c932:	a32235d7          	vsrl.vi	v11,v18,4
   9c936:	2640c957          	vand.vx	v18,v4,ra
   9c93a:	a3213957          	vsrl.vi	v18,v18,2
   9c93e:	2b258957          	vor.vv	v18,v18,v11
   9c942:	0c807057          	vsetvli	zero,zero,e16,m1,ta,ma
   9c946:	0a850613          	addi	a2,a0,168
   9c94a:	02060a87          	vle8.v	v21,(a2)
   9c94e:	4b1325d7          	vzext.vf2	v11,v17
   9c952:	4b2328d7          	vzext.vf2	v17,v18
   9c956:	0c707057          	vsetvli	zero,zero,e8,mf2,ta,ma
   9c95a:	2757b957          	vand.vi	v18,v21,15
   9c95e:	26344b57          	vand.vx	v22,v3,s0
   9c962:	2b690957          	vor.vv	v18,v22,v18
   9c966:	a3523ad7          	vsrl.vi	v21,v21,4
   9c96a:	2630cb57          	vand.vx	v22,v3,ra
   9c96e:	a3613b57          	vsrl.vi	v22,v22,2
   9c972:	2b6a8ad7          	vor.vv	v21,v22,v21
   9c976:	0c807057          	vsetvli	zero,zero,e16,m1,ta,ma
   9c97a:	0b850613          	addi	a2,a0,184
   9c97e:	02060b07          	vle8.v	v22,(a2)
   9c982:	4b2321d7          	vzext.vf2	v3,v18
   9c986:	4b532957          	vzext.vf2	v18,v21
   9c98a:	0c707057          	vsetvli	zero,zero,e8,mf2,ta,ma
   9c98e:	2767bad7          	vand.vi	v21,v22,15
   9c992:	26644bd7          	vand.vx	v23,v6,s0
   9c996:	2b7a8ad7          	vor.vv	v21,v23,v21
   9c99a:	a3623b57          	vsrl.vi	v22,v22,4
   9c99e:	2660cbd7          	vand.vx	v23,v6,ra
   9c9a2:	a3713bd7          	vsrl.vi	v23,v23,2
   9c9a6:	2b7b0b57          	vor.vv	v22,v23,v22
   9c9aa:	0c807057          	vsetvli	zero,zero,e16,m1,ta,ma
   9c9ae:	11459603          	lh	a2,276(a1)
   9c9b2:	11659683          	lh	a3,278(a1)
   9c9b6:	11859703          	lh	a4,280(a1)
   9c9ba:	11a59783          	lh	a5,282(a1)
   9c9be:	9636                	add	a2,a2,a3
   9c9c0:	44c13c23          	sd	a2,1112(sp)
   9c9c4:	f6e66e57          	vwmacc.vx	v28,a2,v14
   9c9c8:	f7366d57          	vwmacc.vx	v26,a2,v19
   9c9cc:	973e                	add	a4,a4,a5
   9c9ce:	44e13823          	sd	a4,1104(sp)
   9c9d2:	11c59603          	lh	a2,284(a1)
   9c9d6:	11e59683          	lh	a3,286(a1)
   9c9da:	12059403          	lh	s0,288(a1)
   9c9de:	12259783          	lh	a5,290(a1)
   9c9e2:	f6c76e57          	vwmacc.vx	v28,a4,v12
   9c9e6:	f7176d57          	vwmacc.vx	v26,a4,v17
   9c9ea:	96b2                	add	a3,a3,a2
   9c9ec:	44d13023          	sd	a3,1088(sp)
   9c9f0:	97a2                	add	a5,a5,s0
   9c9f2:	f6f6ee57          	vwmacc.vx	v28,a3,v15
   9c9f6:	50050613          	addi	a2,a0,1280
   9c9fa:	02060607          	vle8.v	v12,(a2)
   9c9fe:	4b532257          	vzext.vf2	v4,v21
   9ca02:	4b632757          	vzext.vf2	v14,v22
   9ca06:	f726ed57          	vwmacc.vx	v26,a3,v18
   9ca0a:	44f13423          	sd	a5,1096(sp)
   9ca0e:	f707ee57          	vwmacc.vx	v28,a5,v16
   9ca12:	f6e7ed57          	vwmacc.vx	v26,a5,v14
   9ca16:	0c707057          	vsetvli	zero,zero,e8,mf2,ta,ma
   9ca1a:	50850613          	addi	a2,a0,1288
   9ca1e:	02060807          	vle8.v	v16,(a2)
   9ca22:	0845c683          	lbu	a3,132(a1)
   9ca26:	42d13823          	sd	a3,1072(sp)
   9ca2a:	0a45c603          	lbu	a2,164(a1)
   9ca2e:	42c13423          	sd	a2,1064(sp)
   9ca32:	26c7b757          	vand.vi	v14,v12,15
   9ca36:	a2c23657          	vsrl.vi	v12,v12,4
   9ca3a:	9f4038d7          	vmv1r.v	v17,v20
   9ca3e:	f6e6e8d7          	vwmacc.vx	v17,a3,v14
   9ca42:	9f403757          	vmv1r.v	v14,v20
   9ca46:	f6c66757          	vwmacc.vx	v14,a2,v12
   9ca4a:	2707b657          	vand.vi	v12,v16,15
   9ca4e:	9f4037d7          	vmv1r.v	v15,v20
   9ca52:	f6c6e7d7          	vwmacc.vx	v15,a3,v12
   9ca56:	a3023657          	vsrl.vi	v12,v16,4
   9ca5a:	9f403857          	vmv1r.v	v16,v20
   9ca5e:	f6c66857          	vwmacc.vx	v16,a2,v12
   9ca62:	51050613          	addi	a2,a0,1296
   9ca66:	02060607          	vle8.v	v12,(a2)
   9ca6a:	0855c703          	lbu	a4,133(a1)
   9ca6e:	42e13c23          	sd	a4,1080(sp)
   9ca72:	0a55c683          	lbu	a3,165(a1)
   9ca76:	42d13023          	sd	a3,1056(sp)
   9ca7a:	51850613          	addi	a2,a0,1304
   9ca7e:	26c7b957          	vand.vi	v18,v12,15
   9ca82:	02060987          	vle8.v	v19,(a2)
   9ca86:	f72768d7          	vwmacc.vx	v17,a4,v18
   9ca8a:	a2c23657          	vsrl.vi	v12,v12,4
   9ca8e:	f6c6e757          	vwmacc.vx	v14,a3,v12
   9ca92:	2737b657          	vand.vi	v12,v19,15
   9ca96:	f6c767d7          	vwmacc.vx	v15,a4,v12
   9ca9a:	a3323657          	vsrl.vi	v12,v19,4
   9ca9e:	f6c6e857          	vwmacc.vx	v16,a3,v12
   9caa2:	52050613          	addi	a2,a0,1312
   9caa6:	02060607          	vle8.v	v12,(a2)
   9caaa:	0865c703          	lbu	a4,134(a1)
   9caae:	40e13c23          	sd	a4,1048(sp)
   9cab2:	0a65c683          	lbu	a3,166(a1)
   9cab6:	40d13823          	sd	a3,1040(sp)
   9caba:	52850613          	addi	a2,a0,1320
   9cabe:	26c7b957          	vand.vi	v18,v12,15
   9cac2:	02060987          	vle8.v	v19,(a2)
   9cac6:	f72768d7          	vwmacc.vx	v17,a4,v18
   9caca:	a2c23657          	vsrl.vi	v12,v12,4
   9cace:	f6c6e757          	vwmacc.vx	v14,a3,v12
   9cad2:	2737b657          	vand.vi	v12,v19,15
   9cad6:	f6c767d7          	vwmacc.vx	v15,a4,v12
   9cada:	a3323657          	vsrl.vi	v12,v19,4
   9cade:	f6c6e857          	vwmacc.vx	v16,a3,v12
   9cae2:	53050613          	addi	a2,a0,1328
   9cae6:	02060607          	vle8.v	v12,(a2)
   9caea:	0875c703          	lbu	a4,135(a1)
   9caee:	40e13423          	sd	a4,1032(sp)
   9caf2:	0a75c683          	lbu	a3,167(a1)
   9caf6:	40d13023          	sd	a3,1024(sp)
   9cafa:	53850613          	addi	a2,a0,1336
   9cafe:	26c7b957          	vand.vi	v18,v12,15
   9cb02:	02060987          	vle8.v	v19,(a2)
   9cb06:	f72768d7          	vwmacc.vx	v17,a4,v18
   9cb0a:	a2c23657          	vsrl.vi	v12,v12,4
   9cb0e:	f6c6e757          	vwmacc.vx	v14,a3,v12
   9cb12:	2737b657          	vand.vi	v12,v19,15
   9cb16:	f6c767d7          	vwmacc.vx	v15,a4,v12
   9cb1a:	a3323657          	vsrl.vi	v12,v19,4
   9cb1e:	f6c6e857          	vwmacc.vx	v16,a3,v12
   9cb22:	54050613          	addi	a2,a0,1344
   9cb26:	02060607          	vle8.v	v12,(a2)
   9cb2a:	0885c703          	lbu	a4,136(a1)
   9cb2e:	3ee13c23          	sd	a4,1016(sp)
   9cb32:	0a85c683          	lbu	a3,168(a1)
   9cb36:	3ed13823          	sd	a3,1008(sp)
   9cb3a:	54850613          	addi	a2,a0,1352
   9cb3e:	26c7b957          	vand.vi	v18,v12,15
   9cb42:	02060987          	vle8.v	v19,(a2)
   9cb46:	f72768d7          	vwmacc.vx	v17,a4,v18
   9cb4a:	a2c23657          	vsrl.vi	v12,v12,4
   9cb4e:	f6c6e757          	vwmacc.vx	v14,a3,v12
   9cb52:	2737b657          	vand.vi	v12,v19,15
   9cb56:	f6c767d7          	vwmacc.vx	v15,a4,v12
   9cb5a:	a3323657          	vsrl.vi	v12,v19,4
   9cb5e:	f6c6e857          	vwmacc.vx	v16,a3,v12
   9cb62:	55050613          	addi	a2,a0,1360
   9cb66:	02060607          	vle8.v	v12,(a2)
   9cb6a:	0895c703          	lbu	a4,137(a1)
   9cb6e:	3ee13423          	sd	a4,1000(sp)
   9cb72:	0a95c683          	lbu	a3,169(a1)
   9cb76:	3ed13023          	sd	a3,992(sp)
   9cb7a:	55850613          	addi	a2,a0,1368
   9cb7e:	26c7b957          	vand.vi	v18,v12,15
   9cb82:	02060987          	vle8.v	v19,(a2)
   9cb86:	f72768d7          	vwmacc.vx	v17,a4,v18
   9cb8a:	a2c23657          	vsrl.vi	v12,v12,4
   9cb8e:	f6c6e757          	vwmacc.vx	v14,a3,v12
   9cb92:	2737b657          	vand.vi	v12,v19,15
   9cb96:	f6c767d7          	vwmacc.vx	v15,a4,v12
   9cb9a:	a3323657          	vsrl.vi	v12,v19,4
   9cb9e:	f6c6e857          	vwmacc.vx	v16,a3,v12
   9cba2:	56050613          	addi	a2,a0,1376
   9cba6:	02060607          	vle8.v	v12,(a2)
   9cbaa:	08a5c703          	lbu	a4,138(a1)
   9cbae:	3ce13c23          	sd	a4,984(sp)
   9cbb2:	0aa5c683          	lbu	a3,170(a1)
   9cbb6:	3cd13823          	sd	a3,976(sp)
   9cbba:	56850613          	addi	a2,a0,1384
   9cbbe:	26c7b957          	vand.vi	v18,v12,15
   9cbc2:	02060987          	vle8.v	v19,(a2)
   9cbc6:	f72768d7          	vwmacc.vx	v17,a4,v18
   9cbca:	a2c23657          	vsrl.vi	v12,v12,4
   9cbce:	f6c6e757          	vwmacc.vx	v14,a3,v12
   9cbd2:	2737b657          	vand.vi	v12,v19,15
   9cbd6:	f6c767d7          	vwmacc.vx	v15,a4,v12
   9cbda:	a3323657          	vsrl.vi	v12,v19,4
   9cbde:	f6c6e857          	vwmacc.vx	v16,a3,v12
   9cbe2:	57050613          	addi	a2,a0,1392
   9cbe6:	02060607          	vle8.v	v12,(a2)
   9cbea:	08b5c703          	lbu	a4,139(a1)
   9cbee:	3ce13423          	sd	a4,968(sp)
   9cbf2:	0ab5c683          	lbu	a3,171(a1)
   9cbf6:	3cd13023          	sd	a3,960(sp)
   9cbfa:	57850613          	addi	a2,a0,1400
   9cbfe:	26c7b957          	vand.vi	v18,v12,15
   9cc02:	02060987          	vle8.v	v19,(a2)
   9cc06:	f72768d7          	vwmacc.vx	v17,a4,v18
   9cc0a:	a2c23657          	vsrl.vi	v12,v12,4
   9cc0e:	f6c6e757          	vwmacc.vx	v14,a3,v12
   9cc12:	2737b657          	vand.vi	v12,v19,15
   9cc16:	f6c767d7          	vwmacc.vx	v15,a4,v12
   9cc1a:	a3323657          	vsrl.vi	v12,v19,4
   9cc1e:	f6c6e857          	vwmacc.vx	v16,a3,v12
   9cc22:	58050613          	addi	a2,a0,1408
   9cc26:	02060607          	vle8.v	v12,(a2)
   9cc2a:	08c5c703          	lbu	a4,140(a1)
   9cc2e:	3ae13c23          	sd	a4,952(sp)
   9cc32:	0ac5c683          	lbu	a3,172(a1)
   9cc36:	3ad13823          	sd	a3,944(sp)
   9cc3a:	58850613          	addi	a2,a0,1416
   9cc3e:	26c7b957          	vand.vi	v18,v12,15
   9cc42:	02060987          	vle8.v	v19,(a2)
   9cc46:	f72768d7          	vwmacc.vx	v17,a4,v18
   9cc4a:	a2c23657          	vsrl.vi	v12,v12,4
   9cc4e:	f6c6e757          	vwmacc.vx	v14,a3,v12
   9cc52:	2737b657          	vand.vi	v12,v19,15
   9cc56:	f6c767d7          	vwmacc.vx	v15,a4,v12
   9cc5a:	a3323657          	vsrl.vi	v12,v19,4
   9cc5e:	f6c6e857          	vwmacc.vx	v16,a3,v12
   9cc62:	59050613          	addi	a2,a0,1424
   9cc66:	02060607          	vle8.v	v12,(a2)
   9cc6a:	08d5c703          	lbu	a4,141(a1)
   9cc6e:	3ae13423          	sd	a4,936(sp)
   9cc72:	0ad5c683          	lbu	a3,173(a1)
   9cc76:	3ad13023          	sd	a3,928(sp)
   9cc7a:	59850613          	addi	a2,a0,1432
   9cc7e:	26c7b957          	vand.vi	v18,v12,15
   9cc82:	02060987          	vle8.v	v19,(a2)
   9cc86:	f72768d7          	vwmacc.vx	v17,a4,v18
   9cc8a:	a2c23657          	vsrl.vi	v12,v12,4
   9cc8e:	f6c6e757          	vwmacc.vx	v14,a3,v12
   9cc92:	2737b657          	vand.vi	v12,v19,15
   9cc96:	f6c767d7          	vwmacc.vx	v15,a4,v12
   9cc9a:	a3323657          	vsrl.vi	v12,v19,4
   9cc9e:	f6c6e857          	vwmacc.vx	v16,a3,v12
   9cca2:	5a050613          	addi	a2,a0,1440
   9cca6:	02060607          	vle8.v	v12,(a2)
   9ccaa:	08e5c703          	lbu	a4,142(a1)
   9ccae:	38e13c23          	sd	a4,920(sp)
   9ccb2:	0ae5c683          	lbu	a3,174(a1)
   9ccb6:	38d13823          	sd	a3,912(sp)
   9ccba:	5a850613          	addi	a2,a0,1448
   9ccbe:	26c7b957          	vand.vi	v18,v12,15
   9ccc2:	02060987          	vle8.v	v19,(a2)
   9ccc6:	f72768d7          	vwmacc.vx	v17,a4,v18
   9ccca:	a2c23657          	vsrl.vi	v12,v12,4
   9ccce:	f6c6e757          	vwmacc.vx	v14,a3,v12
   9ccd2:	2737b657          	vand.vi	v12,v19,15
   9ccd6:	f6c767d7          	vwmacc.vx	v15,a4,v12
   9ccda:	a3323657          	vsrl.vi	v12,v19,4
   9ccde:	f6c6e857          	vwmacc.vx	v16,a3,v12
   9cce2:	5b050613          	addi	a2,a0,1456
   9cce6:	02060607          	vle8.v	v12,(a2)
   9ccea:	08f5c703          	lbu	a4,143(a1)
   9ccee:	38e13423          	sd	a4,904(sp)
   9ccf2:	0af5c683          	lbu	a3,175(a1)
   9ccf6:	36d13c23          	sd	a3,888(sp)
   9ccfa:	5b850613          	addi	a2,a0,1464
   9ccfe:	26c7b957          	vand.vi	v18,v12,15
   9cd02:	02060987          	vle8.v	v19,(a2)
   9cd06:	f72768d7          	vwmacc.vx	v17,a4,v18
   9cd0a:	a2c23657          	vsrl.vi	v12,v12,4
   9cd0e:	f6c6e757          	vwmacc.vx	v14,a3,v12
   9cd12:	2737b657          	vand.vi	v12,v19,15
   9cd16:	f6c767d7          	vwmacc.vx	v15,a4,v12
   9cd1a:	a3323657          	vsrl.vi	v12,v19,4
   9cd1e:	f6c6e857          	vwmacc.vx	v16,a3,v12
   9cd22:	5c050613          	addi	a2,a0,1472
   9cd26:	02060607          	vle8.v	v12,(a2)
   9cd2a:	0905c703          	lbu	a4,144(a1)
   9cd2e:	36e13823          	sd	a4,880(sp)
   9cd32:	0b05c683          	lbu	a3,176(a1)
   9cd36:	36d13423          	sd	a3,872(sp)
   9cd3a:	5c850613          	addi	a2,a0,1480
   9cd3e:	26c7b957          	vand.vi	v18,v12,15
   9cd42:	02060987          	vle8.v	v19,(a2)
   9cd46:	f72768d7          	vwmacc.vx	v17,a4,v18
   9cd4a:	a2c23657          	vsrl.vi	v12,v12,4
   9cd4e:	f6c6e757          	vwmacc.vx	v14,a3,v12
   9cd52:	2737b657          	vand.vi	v12,v19,15
   9cd56:	f6c767d7          	vwmacc.vx	v15,a4,v12
   9cd5a:	a3323657          	vsrl.vi	v12,v19,4
   9cd5e:	f6c6e857          	vwmacc.vx	v16,a3,v12
   9cd62:	5d050613          	addi	a2,a0,1488
   9cd66:	02060607          	vle8.v	v12,(a2)
   9cd6a:	0915c703          	lbu	a4,145(a1)
   9cd6e:	36e13023          	sd	a4,864(sp)
   9cd72:	0b15c683          	lbu	a3,177(a1)
   9cd76:	34d13c23          	sd	a3,856(sp)
   9cd7a:	5d850613          	addi	a2,a0,1496
   9cd7e:	26c7b957          	vand.vi	v18,v12,15
   9cd82:	02060987          	vle8.v	v19,(a2)
   9cd86:	f72768d7          	vwmacc.vx	v17,a4,v18
   9cd8a:	a2c23657          	vsrl.vi	v12,v12,4
   9cd8e:	f6c6e757          	vwmacc.vx	v14,a3,v12
   9cd92:	2737b657          	vand.vi	v12,v19,15
   9cd96:	f6c767d7          	vwmacc.vx	v15,a4,v12
   9cd9a:	a3323657          	vsrl.vi	v12,v19,4
   9cd9e:	f6c6e857          	vwmacc.vx	v16,a3,v12
   9cda2:	5e050613          	addi	a2,a0,1504
   9cda6:	02060607          	vle8.v	v12,(a2)
   9cdaa:	0925c703          	lbu	a4,146(a1)
   9cdae:	34e13823          	sd	a4,848(sp)
   9cdb2:	0b25c683          	lbu	a3,178(a1)
   9cdb6:	34d13423          	sd	a3,840(sp)
   9cdba:	5e850613          	addi	a2,a0,1512
   9cdbe:	26c7b957          	vand.vi	v18,v12,15
   9cdc2:	02060987          	vle8.v	v19,(a2)
   9cdc6:	f72768d7          	vwmacc.vx	v17,a4,v18
   9cdca:	a2c23657          	vsrl.vi	v12,v12,4
   9cdce:	f6c6e757          	vwmacc.vx	v14,a3,v12
   9cdd2:	2737b657          	vand.vi	v12,v19,15
   9cdd6:	f6c767d7          	vwmacc.vx	v15,a4,v12
   9cdda:	a3323657          	vsrl.vi	v12,v19,4
   9cdde:	f6c6e857          	vwmacc.vx	v16,a3,v12
   9cde2:	5f050613          	addi	a2,a0,1520
   9cde6:	02060607          	vle8.v	v12,(a2)
   9cdea:	0935c703          	lbu	a4,147(a1)
   9cdee:	34e13023          	sd	a4,832(sp)
   9cdf2:	0b35c683          	lbu	a3,179(a1)
   9cdf6:	38d13023          	sd	a3,896(sp)
   9cdfa:	5f850613          	addi	a2,a0,1528
   9cdfe:	26c7b957          	vand.vi	v18,v12,15
   9ce02:	02060987          	vle8.v	v19,(a2)
   9ce06:	f72768d7          	vwmacc.vx	v17,a4,v18
   9ce0a:	a2c23657          	vsrl.vi	v12,v12,4
   9ce0e:	f6c6e757          	vwmacc.vx	v14,a3,v12
   9ce12:	2737b657          	vand.vi	v12,v19,15
   9ce16:	f6c767d7          	vwmacc.vx	v15,a4,v12
   9ce1a:	a3323657          	vsrl.vi	v12,v19,4
   9ce1e:	f6c6e857          	vwmacc.vx	v16,a3,v12
   9ce22:	0c807057          	vsetvli	zero,zero,e16,m1,ta,ma
   9ce26:	f714a057          	vwmacc.vv	v0,v9,v17
   9ce2a:	60050613          	addi	a2,a0,1536
   9ce2e:	02060607          	vle8.v	v12,(a2)
   9ce32:	f6e42057          	vwmacc.vv	v0,v8,v14
   9ce36:	f6f52f57          	vwmacc.vv	v30,v10,v15
   9ce3a:	f705af57          	vwmacc.vv	v30,v11,v16
   9ce3e:	0c707057          	vsetvli	zero,zero,e8,mf2,ta,ma
   9ce42:	60850613          	addi	a2,a0,1544
   9ce46:	02060807          	vle8.v	v16,(a2)
   9ce4a:	0945c683          	lbu	a3,148(a1)
   9ce4e:	32d13823          	sd	a3,816(sp)
   9ce52:	0b45c603          	lbu	a2,180(a1)
   9ce56:	32c13423          	sd	a2,808(sp)
   9ce5a:	26c7b757          	vand.vi	v14,v12,15
   9ce5e:	a2c23657          	vsrl.vi	v12,v12,4
   9ce62:	9f4038d7          	vmv1r.v	v17,v20
   9ce66:	f6e6e8d7          	vwmacc.vx	v17,a3,v14
   9ce6a:	9f403757          	vmv1r.v	v14,v20
   9ce6e:	f6c66757          	vwmacc.vx	v14,a2,v12
   9ce72:	2707b657          	vand.vi	v12,v16,15
   9ce76:	9f4037d7          	vmv1r.v	v15,v20
   9ce7a:	f6c6e7d7          	vwmacc.vx	v15,a3,v12
   9ce7e:	a3023657          	vsrl.vi	v12,v16,4
   9ce82:	9f403857          	vmv1r.v	v16,v20
   9ce86:	f6c66857          	vwmacc.vx	v16,a2,v12
   9ce8a:	61050613          	addi	a2,a0,1552
   9ce8e:	02060607          	vle8.v	v12,(a2)
   9ce92:	0955c703          	lbu	a4,149(a1)
   9ce96:	32e13c23          	sd	a4,824(sp)
   9ce9a:	0b55c683          	lbu	a3,181(a1)
   9ce9e:	32d13023          	sd	a3,800(sp)
   9cea2:	61850613          	addi	a2,a0,1560
   9cea6:	26c7b957          	vand.vi	v18,v12,15
   9ceaa:	02060987          	vle8.v	v19,(a2)
   9ceae:	f72768d7          	vwmacc.vx	v17,a4,v18
   9ceb2:	a2c23657          	vsrl.vi	v12,v12,4
   9ceb6:	f6c6e757          	vwmacc.vx	v14,a3,v12
   9ceba:	2737b657          	vand.vi	v12,v19,15
   9cebe:	f6c767d7          	vwmacc.vx	v15,a4,v12
   9cec2:	a3323657          	vsrl.vi	v12,v19,4
   9cec6:	f6c6e857          	vwmacc.vx	v16,a3,v12
   9ceca:	62050613          	addi	a2,a0,1568
   9cece:	02060607          	vle8.v	v12,(a2)
   9ced2:	0965c703          	lbu	a4,150(a1)
   9ced6:	30e13c23          	sd	a4,792(sp)
   9ceda:	0b65c683          	lbu	a3,182(a1)
   9cede:	30d13823          	sd	a3,784(sp)
   9cee2:	62850613          	addi	a2,a0,1576
   9cee6:	26c7b957          	vand.vi	v18,v12,15
   9ceea:	02060987          	vle8.v	v19,(a2)
   9ceee:	f72768d7          	vwmacc.vx	v17,a4,v18
   9cef2:	a2c23657          	vsrl.vi	v12,v12,4
   9cef6:	f6c6e757          	vwmacc.vx	v14,a3,v12
   9cefa:	2737b657          	vand.vi	v12,v19,15
   9cefe:	f6c767d7          	vwmacc.vx	v15,a4,v12
   9cf02:	a3323657          	vsrl.vi	v12,v19,4
   9cf06:	f6c6e857          	vwmacc.vx	v16,a3,v12
   9cf0a:	63050613          	addi	a2,a0,1584
   9cf0e:	02060607          	vle8.v	v12,(a2)
   9cf12:	0975c703          	lbu	a4,151(a1)
   9cf16:	30e13423          	sd	a4,776(sp)
   9cf1a:	0b75c683          	lbu	a3,183(a1)
   9cf1e:	30d13023          	sd	a3,768(sp)
   9cf22:	63850613          	addi	a2,a0,1592
   9cf26:	26c7b957          	vand.vi	v18,v12,15
   9cf2a:	02060987          	vle8.v	v19,(a2)
   9cf2e:	f72768d7          	vwmacc.vx	v17,a4,v18
   9cf32:	a2c23657          	vsrl.vi	v12,v12,4
   9cf36:	f6c6e757          	vwmacc.vx	v14,a3,v12
   9cf3a:	2737b657          	vand.vi	v12,v19,15
   9cf3e:	f6c767d7          	vwmacc.vx	v15,a4,v12
   9cf42:	a3323657          	vsrl.vi	v12,v19,4
   9cf46:	f6c6e857          	vwmacc.vx	v16,a3,v12
   9cf4a:	64050613          	addi	a2,a0,1600
   9cf4e:	02060607          	vle8.v	v12,(a2)
   9cf52:	0985c703          	lbu	a4,152(a1)
   9cf56:	2ee13c23          	sd	a4,760(sp)
   9cf5a:	0b85c683          	lbu	a3,184(a1)
   9cf5e:	2ed13823          	sd	a3,752(sp)
   9cf62:	64850613          	addi	a2,a0,1608
   9cf66:	26c7b957          	vand.vi	v18,v12,15
   9cf6a:	02060987          	vle8.v	v19,(a2)
   9cf6e:	f72768d7          	vwmacc.vx	v17,a4,v18
   9cf72:	a2c23657          	vsrl.vi	v12,v12,4
   9cf76:	f6c6e757          	vwmacc.vx	v14,a3,v12
   9cf7a:	2737b657          	vand.vi	v12,v19,15
   9cf7e:	f6c767d7          	vwmacc.vx	v15,a4,v12
   9cf82:	a3323657          	vsrl.vi	v12,v19,4
   9cf86:	f6c6e857          	vwmacc.vx	v16,a3,v12
   9cf8a:	65050613          	addi	a2,a0,1616
   9cf8e:	02060607          	vle8.v	v12,(a2)
   9cf92:	0995c703          	lbu	a4,153(a1)
   9cf96:	2ee13423          	sd	a4,744(sp)
   9cf9a:	0b95c683          	lbu	a3,185(a1)
   9cf9e:	2ed13023          	sd	a3,736(sp)
   9cfa2:	65850613          	addi	a2,a0,1624
   9cfa6:	26c7b957          	vand.vi	v18,v12,15
   9cfaa:	02060987          	vle8.v	v19,(a2)
   9cfae:	f72768d7          	vwmacc.vx	v17,a4,v18
   9cfb2:	a2c23657          	vsrl.vi	v12,v12,4
   9cfb6:	f6c6e757          	vwmacc.vx	v14,a3,v12
   9cfba:	2737b657          	vand.vi	v12,v19,15
   9cfbe:	f6c767d7          	vwmacc.vx	v15,a4,v12
   9cfc2:	a3323657          	vsrl.vi	v12,v19,4
   9cfc6:	f6c6e857          	vwmacc.vx	v16,a3,v12
   9cfca:	66050613          	addi	a2,a0,1632
   9cfce:	02060607          	vle8.v	v12,(a2)
   9cfd2:	09a5c703          	lbu	a4,154(a1)
   9cfd6:	2ce13c23          	sd	a4,728(sp)
   9cfda:	0ba5c683          	lbu	a3,186(a1)
   9cfde:	2cd13823          	sd	a3,720(sp)
   9cfe2:	66850613          	addi	a2,a0,1640
   9cfe6:	26c7b957          	vand.vi	v18,v12,15
   9cfea:	02060987          	vle8.v	v19,(a2)
   9cfee:	f72768d7          	vwmacc.vx	v17,a4,v18
   9cff2:	a2c23657          	vsrl.vi	v12,v12,4
   9cff6:	f6c6e757          	vwmacc.vx	v14,a3,v12
   9cffa:	2737b657          	vand.vi	v12,v19,15
   9cffe:	f6c767d7          	vwmacc.vx	v15,a4,v12
   9d002:	a3323657          	vsrl.vi	v12,v19,4
   9d006:	f6c6e857          	vwmacc.vx	v16,a3,v12
   9d00a:	67050613          	addi	a2,a0,1648
   9d00e:	02060607          	vle8.v	v12,(a2)
   9d012:	09b5c703          	lbu	a4,155(a1)
   9d016:	2ce13423          	sd	a4,712(sp)
   9d01a:	0bb5c683          	lbu	a3,187(a1)
   9d01e:	2cd13023          	sd	a3,704(sp)
   9d022:	67850613          	addi	a2,a0,1656
   9d026:	26c7b957          	vand.vi	v18,v12,15
   9d02a:	02060987          	vle8.v	v19,(a2)
   9d02e:	f72768d7          	vwmacc.vx	v17,a4,v18
   9d032:	a2c23657          	vsrl.vi	v12,v12,4
   9d036:	f6c6e757          	vwmacc.vx	v14,a3,v12
   9d03a:	2737b657          	vand.vi	v12,v19,15
   9d03e:	f6c767d7          	vwmacc.vx	v15,a4,v12
   9d042:	a3323657          	vsrl.vi	v12,v19,4
   9d046:	f6c6e857          	vwmacc.vx	v16,a3,v12
   9d04a:	68050613          	addi	a2,a0,1664
   9d04e:	02060607          	vle8.v	v12,(a2)
   9d052:	09c5c703          	lbu	a4,156(a1)
   9d056:	2ae13c23          	sd	a4,696(sp)
   9d05a:	0bc5c683          	lbu	a3,188(a1)
   9d05e:	2ad13823          	sd	a3,688(sp)
   9d062:	68850613          	addi	a2,a0,1672
   9d066:	26c7b957          	vand.vi	v18,v12,15
   9d06a:	02060987          	vle8.v	v19,(a2)
   9d06e:	f72768d7          	vwmacc.vx	v17,a4,v18
   9d072:	a2c23657          	vsrl.vi	v12,v12,4
   9d076:	f6c6e757          	vwmacc.vx	v14,a3,v12
   9d07a:	2737b657          	vand.vi	v12,v19,15
   9d07e:	f6c767d7          	vwmacc.vx	v15,a4,v12
   9d082:	a3323657          	vsrl.vi	v12,v19,4
   9d086:	f6c6e857          	vwmacc.vx	v16,a3,v12
   9d08a:	69050613          	addi	a2,a0,1680
   9d08e:	02060607          	vle8.v	v12,(a2)
   9d092:	09d5c703          	lbu	a4,157(a1)
   9d096:	2ae13423          	sd	a4,680(sp)
   9d09a:	0bd5c683          	lbu	a3,189(a1)
   9d09e:	2ad13023          	sd	a3,672(sp)
   9d0a2:	69850613          	addi	a2,a0,1688
   9d0a6:	26c7b957          	vand.vi	v18,v12,15
   9d0aa:	02060987          	vle8.v	v19,(a2)
   9d0ae:	f72768d7          	vwmacc.vx	v17,a4,v18
   9d0b2:	a2c23657          	vsrl.vi	v12,v12,4
   9d0b6:	f6c6e757          	vwmacc.vx	v14,a3,v12
   9d0ba:	2737b657          	vand.vi	v12,v19,15
   9d0be:	f6c767d7          	vwmacc.vx	v15,a4,v12
   9d0c2:	a3323657          	vsrl.vi	v12,v19,4
   9d0c6:	f6c6e857          	vwmacc.vx	v16,a3,v12
   9d0ca:	6a050613          	addi	a2,a0,1696
   9d0ce:	02060607          	vle8.v	v12,(a2)
   9d0d2:	09e5c703          	lbu	a4,158(a1)
   9d0d6:	28e13c23          	sd	a4,664(sp)
   9d0da:	0be5c683          	lbu	a3,190(a1)
   9d0de:	28d13823          	sd	a3,656(sp)
   9d0e2:	6a850613          	addi	a2,a0,1704
   9d0e6:	26c7b957          	vand.vi	v18,v12,15
   9d0ea:	02060987          	vle8.v	v19,(a2)
   9d0ee:	f72768d7          	vwmacc.vx	v17,a4,v18
   9d0f2:	a2c23657          	vsrl.vi	v12,v12,4
   9d0f6:	f6c6e757          	vwmacc.vx	v14,a3,v12
   9d0fa:	2737b657          	vand.vi	v12,v19,15
   9d0fe:	f6c767d7          	vwmacc.vx	v15,a4,v12
   9d102:	a3323657          	vsrl.vi	v12,v19,4
   9d106:	f6c6e857          	vwmacc.vx	v16,a3,v12
   9d10a:	6b050613          	addi	a2,a0,1712
   9d10e:	02060607          	vle8.v	v12,(a2)
   9d112:	09f5c703          	lbu	a4,159(a1)
   9d116:	28e13423          	sd	a4,648(sp)
   9d11a:	0bf5c683          	lbu	a3,191(a1)
   9d11e:	28d13023          	sd	a3,640(sp)
   9d122:	6b850613          	addi	a2,a0,1720
   9d126:	26c7b957          	vand.vi	v18,v12,15
   9d12a:	02060987          	vle8.v	v19,(a2)
   9d12e:	f72768d7          	vwmacc.vx	v17,a4,v18
   9d132:	a2c23657          	vsrl.vi	v12,v12,4
   9d136:	f6c6e757          	vwmacc.vx	v14,a3,v12
   9d13a:	2737b657          	vand.vi	v12,v19,15
   9d13e:	f6c767d7          	vwmacc.vx	v15,a4,v12
   9d142:	a3323657          	vsrl.vi	v12,v19,4
   9d146:	f6c6e857          	vwmacc.vx	v16,a3,v12
   9d14a:	6c050613          	addi	a2,a0,1728
   9d14e:	02060607          	vle8.v	v12,(a2)
   9d152:	0a05c703          	lbu	a4,160(a1)
   9d156:	26e13c23          	sd	a4,632(sp)
   9d15a:	0c05c683          	lbu	a3,192(a1)
   9d15e:	26d13823          	sd	a3,624(sp)
   9d162:	6c850613          	addi	a2,a0,1736
   9d166:	26c7b957          	vand.vi	v18,v12,15
   9d16a:	02060987          	vle8.v	v19,(a2)
   9d16e:	f72768d7          	vwmacc.vx	v17,a4,v18
   9d172:	a2c23657          	vsrl.vi	v12,v12,4
   9d176:	f6c6e757          	vwmacc.vx	v14,a3,v12
   9d17a:	2737b657          	vand.vi	v12,v19,15
   9d17e:	f6c767d7          	vwmacc.vx	v15,a4,v12
   9d182:	a3323657          	vsrl.vi	v12,v19,4
   9d186:	f6c6e857          	vwmacc.vx	v16,a3,v12
   9d18a:	6d050613          	addi	a2,a0,1744
   9d18e:	02060607          	vle8.v	v12,(a2)
   9d192:	0a15c703          	lbu	a4,161(a1)
   9d196:	26e13423          	sd	a4,616(sp)
   9d19a:	0c15c683          	lbu	a3,193(a1)
   9d19e:	26d13023          	sd	a3,608(sp)
   9d1a2:	6d850613          	addi	a2,a0,1752
   9d1a6:	26c7b957          	vand.vi	v18,v12,15
   9d1aa:	02060987          	vle8.v	v19,(a2)
   9d1ae:	f72768d7          	vwmacc.vx	v17,a4,v18
   9d1b2:	a2c23657          	vsrl.vi	v12,v12,4
   9d1b6:	f6c6e757          	vwmacc.vx	v14,a3,v12
   9d1ba:	2737b657          	vand.vi	v12,v19,15
   9d1be:	f6c767d7          	vwmacc.vx	v15,a4,v12
   9d1c2:	a3323657          	vsrl.vi	v12,v19,4
   9d1c6:	f6c6e857          	vwmacc.vx	v16,a3,v12
   9d1ca:	6e050613          	addi	a2,a0,1760
   9d1ce:	02060607          	vle8.v	v12,(a2)
   9d1d2:	0a25c703          	lbu	a4,162(a1)
   9d1d6:	24e13c23          	sd	a4,600(sp)
   9d1da:	0c25c683          	lbu	a3,194(a1)
   9d1de:	24d13823          	sd	a3,592(sp)
   9d1e2:	6e850613          	addi	a2,a0,1768
   9d1e6:	26c7b957          	vand.vi	v18,v12,15
   9d1ea:	02060987          	vle8.v	v19,(a2)
   9d1ee:	f72768d7          	vwmacc.vx	v17,a4,v18
   9d1f2:	a2c23657          	vsrl.vi	v12,v12,4
   9d1f6:	f6c6e757          	vwmacc.vx	v14,a3,v12
   9d1fa:	2737b657          	vand.vi	v12,v19,15
   9d1fe:	f6c767d7          	vwmacc.vx	v15,a4,v12
   9d202:	a3323657          	vsrl.vi	v12,v19,4
   9d206:	f6c6e857          	vwmacc.vx	v16,a3,v12
   9d20a:	6f050613          	addi	a2,a0,1776
   9d20e:	02060607          	vle8.v	v12,(a2)
   9d212:	0a35c703          	lbu	a4,163(a1)
   9d216:	24e13423          	sd	a4,584(sp)
   9d21a:	0c35c683          	lbu	a3,195(a1)
   9d21e:	24d13023          	sd	a3,576(sp)
   9d222:	6f850613          	addi	a2,a0,1784
   9d226:	26c7b957          	vand.vi	v18,v12,15
   9d22a:	02060987          	vle8.v	v19,(a2)
   9d22e:	f72768d7          	vwmacc.vx	v17,a4,v18
   9d232:	a2c23657          	vsrl.vi	v12,v12,4
   9d236:	f6c6e757          	vwmacc.vx	v14,a3,v12
   9d23a:	2737b657          	vand.vi	v12,v19,15
   9d23e:	f6c767d7          	vwmacc.vx	v15,a4,v12
   9d242:	a3323657          	vsrl.vi	v12,v19,4
   9d246:	f6c6e857          	vwmacc.vx	v16,a3,v12
   9d24a:	0c807057          	vsetvli	zero,zero,e16,m1,ta,ma
   9d24e:	f714a057          	vwmacc.vv	v0,v9,v17
   9d252:	70050613          	addi	a2,a0,1792
   9d256:	02060487          	vle8.v	v9,(a2)
   9d25a:	f6e42057          	vwmacc.vv	v0,v8,v14
   9d25e:	f6f52f57          	vwmacc.vv	v30,v10,v15
   9d262:	f705af57          	vwmacc.vv	v30,v11,v16
   9d266:	0c707057          	vsetvli	zero,zero,e8,mf2,ta,ma
   9d26a:	70850613          	addi	a2,a0,1800
   9d26e:	02060507          	vle8.v	v10,(a2)
   9d272:	71050613          	addi	a2,a0,1808
   9d276:	02060607          	vle8.v	v12,(a2)
   9d27a:	71850613          	addi	a2,a0,1816
   9d27e:	02060707          	vle8.v	v14,(a2)
   9d282:	72050613          	addi	a2,a0,1824
   9d286:	02060787          	vle8.v	v15,(a2)
   9d28a:	0c45c703          	lbu	a4,196(a1)
   9d28e:	20e13823          	sd	a4,528(sp)
   9d292:	0e45c603          	lbu	a2,228(a1)
   9d296:	22c13c23          	sd	a2,568(sp)
   9d29a:	2697b5d7          	vand.vi	v11,v9,15
   9d29e:	a2923857          	vsrl.vi	v16,v9,4
   9d2a2:	9f403457          	vmv1r.v	v8,v20
   9d2a6:	f6b76457          	vwmacc.vx	v8,a4,v11
   9d2aa:	9f4034d7          	vmv1r.v	v9,v20
   9d2ae:	f70664d7          	vwmacc.vx	v9,a2,v16
   9d2b2:	26a7b5d7          	vand.vi	v11,v10,15
   9d2b6:	a2a23857          	vsrl.vi	v16,v10,4
   9d2ba:	9f403557          	vmv1r.v	v10,v20
   9d2be:	0c55c683          	lbu	a3,197(a1)
   9d2c2:	f6b76557          	vwmacc.vx	v10,a4,v11
   9d2c6:	9f4035d7          	vmv1r.v	v11,v20
   9d2ca:	f70665d7          	vwmacc.vx	v11,a2,v16
   9d2ce:	26c7b857          	vand.vi	v16,v12,15
   9d2d2:	f706e457          	vwmacc.vx	v8,a3,v16
   9d2d6:	8736                	mv	a4,a3
   9d2d8:	22d13023          	sd	a3,544(sp)
   9d2dc:	0e55c683          	lbu	a3,229(a1)
   9d2e0:	22d13823          	sd	a3,560(sp)
   9d2e4:	72850613          	addi	a2,a0,1832
   9d2e8:	02060807          	vle8.v	v16,(a2)
   9d2ec:	a2c23657          	vsrl.vi	v12,v12,4
   9d2f0:	f6c6e4d7          	vwmacc.vx	v9,a3,v12
   9d2f4:	26e7b657          	vand.vi	v12,v14,15
   9d2f8:	f6c76557          	vwmacc.vx	v10,a4,v12
   9d2fc:	73050613          	addi	a2,a0,1840
   9d300:	02060607          	vle8.v	v12,(a2)
   9d304:	0c65c603          	lbu	a2,198(a1)
   9d308:	a2e23757          	vsrl.vi	v14,v14,4
   9d30c:	f6e6e5d7          	vwmacc.vx	v11,a3,v14
   9d310:	26f7b757          	vand.vi	v14,v15,15
   9d314:	f6e66457          	vwmacc.vx	v8,a2,v14
   9d318:	8732                	mv	a4,a2
   9d31a:	20c13423          	sd	a2,520(sp)
   9d31e:	0e65c683          	lbu	a3,230(a1)
   9d322:	22d13423          	sd	a3,552(sp)
   9d326:	73850613          	addi	a2,a0,1848
   9d32a:	02060707          	vle8.v	v14,(a2)
   9d32e:	a2f237d7          	vsrl.vi	v15,v15,4
   9d332:	f6f6e4d7          	vwmacc.vx	v9,a3,v15
   9d336:	2707b7d7          	vand.vi	v15,v16,15
   9d33a:	f6f76557          	vwmacc.vx	v10,a4,v15
   9d33e:	74050613          	addi	a2,a0,1856
   9d342:	02060787          	vle8.v	v15,(a2)
   9d346:	0c75c603          	lbu	a2,199(a1)
   9d34a:	a3023857          	vsrl.vi	v16,v16,4
   9d34e:	f706e5d7          	vwmacc.vx	v11,a3,v16
   9d352:	26c7b857          	vand.vi	v16,v12,15
   9d356:	f7066457          	vwmacc.vx	v8,a2,v16
   9d35a:	8732                	mv	a4,a2
   9d35c:	ffb2                	sd	a2,504(sp)
   9d35e:	0e75c683          	lbu	a3,231(a1)
   9d362:	20d13c23          	sd	a3,536(sp)
   9d366:	74850613          	addi	a2,a0,1864
   9d36a:	02060807          	vle8.v	v16,(a2)
   9d36e:	a2c23657          	vsrl.vi	v12,v12,4
   9d372:	f6c6e4d7          	vwmacc.vx	v9,a3,v12
   9d376:	26e7b657          	vand.vi	v12,v14,15
   9d37a:	f6c76557          	vwmacc.vx	v10,a4,v12
   9d37e:	75050613          	addi	a2,a0,1872
   9d382:	02060607          	vle8.v	v12,(a2)
   9d386:	0c85c603          	lbu	a2,200(a1)
   9d38a:	a2e23757          	vsrl.vi	v14,v14,4
   9d38e:	f6e6e5d7          	vwmacc.vx	v11,a3,v14
   9d392:	26f7b757          	vand.vi	v14,v15,15
   9d396:	f6e66457          	vwmacc.vx	v8,a2,v14
   9d39a:	8732                	mv	a4,a2
   9d39c:	f7b2                	sd	a2,488(sp)
   9d39e:	0e85c683          	lbu	a3,232(a1)
   9d3a2:	20d13023          	sd	a3,512(sp)
   9d3a6:	75850613          	addi	a2,a0,1880
   9d3aa:	02060707          	vle8.v	v14,(a2)
   9d3ae:	a2f237d7          	vsrl.vi	v15,v15,4
   9d3b2:	f6f6e4d7          	vwmacc.vx	v9,a3,v15
   9d3b6:	2707b7d7          	vand.vi	v15,v16,15
   9d3ba:	f6f76557          	vwmacc.vx	v10,a4,v15
   9d3be:	76050613          	addi	a2,a0,1888
   9d3c2:	02060787          	vle8.v	v15,(a2)
   9d3c6:	0c95c603          	lbu	a2,201(a1)
   9d3ca:	a3023857          	vsrl.vi	v16,v16,4
   9d3ce:	f706e5d7          	vwmacc.vx	v11,a3,v16
   9d3d2:	26c7b857          	vand.vi	v16,v12,15
   9d3d6:	f7066457          	vwmacc.vx	v8,a2,v16
   9d3da:	8732                	mv	a4,a2
   9d3dc:	efb2                	sd	a2,472(sp)
   9d3de:	0e95c683          	lbu	a3,233(a1)
   9d3e2:	fbb6                	sd	a3,496(sp)
   9d3e4:	76850613          	addi	a2,a0,1896
   9d3e8:	02060807          	vle8.v	v16,(a2)
   9d3ec:	a2c23657          	vsrl.vi	v12,v12,4
   9d3f0:	f6c6e4d7          	vwmacc.vx	v9,a3,v12
   9d3f4:	26e7b657          	vand.vi	v12,v14,15
   9d3f8:	f6c76557          	vwmacc.vx	v10,a4,v12
   9d3fc:	77050613          	addi	a2,a0,1904
   9d400:	02060607          	vle8.v	v12,(a2)
   9d404:	0ca5c603          	lbu	a2,202(a1)
   9d408:	a2e23757          	vsrl.vi	v14,v14,4
   9d40c:	f6e6e5d7          	vwmacc.vx	v11,a3,v14
   9d410:	26f7b757          	vand.vi	v14,v15,15
   9d414:	f6e66457          	vwmacc.vx	v8,a2,v14
   9d418:	8732                	mv	a4,a2
   9d41a:	e7b2                	sd	a2,456(sp)
   9d41c:	0ea5c683          	lbu	a3,234(a1)
   9d420:	f3b6                	sd	a3,480(sp)
   9d422:	77850613          	addi	a2,a0,1912
   9d426:	02060707          	vle8.v	v14,(a2)
   9d42a:	a2f237d7          	vsrl.vi	v15,v15,4
   9d42e:	f6f6e4d7          	vwmacc.vx	v9,a3,v15
   9d432:	2707b7d7          	vand.vi	v15,v16,15
   9d436:	f6f76557          	vwmacc.vx	v10,a4,v15
   9d43a:	78050613          	addi	a2,a0,1920
   9d43e:	02060787          	vle8.v	v15,(a2)
   9d442:	0cb5c603          	lbu	a2,203(a1)
   9d446:	a3023857          	vsrl.vi	v16,v16,4
   9d44a:	f706e5d7          	vwmacc.vx	v11,a3,v16
   9d44e:	26c7b857          	vand.vi	v16,v12,15
   9d452:	f7066457          	vwmacc.vx	v8,a2,v16
   9d456:	8732                	mv	a4,a2
   9d458:	ff32                	sd	a2,440(sp)
   9d45a:	0eb5c683          	lbu	a3,235(a1)
   9d45e:	ebb6                	sd	a3,464(sp)
   9d460:	78850613          	addi	a2,a0,1928
   9d464:	02060807          	vle8.v	v16,(a2)
   9d468:	a2c23657          	vsrl.vi	v12,v12,4
   9d46c:	f6c6e4d7          	vwmacc.vx	v9,a3,v12
   9d470:	26e7b657          	vand.vi	v12,v14,15
   9d474:	f6c76557          	vwmacc.vx	v10,a4,v12
   9d478:	79050613          	addi	a2,a0,1936
   9d47c:	02060607          	vle8.v	v12,(a2)
   9d480:	0cc5c603          	lbu	a2,204(a1)
   9d484:	a2e23757          	vsrl.vi	v14,v14,4
   9d488:	f6e6e5d7          	vwmacc.vx	v11,a3,v14
   9d48c:	26f7b757          	vand.vi	v14,v15,15
   9d490:	f6e66457          	vwmacc.vx	v8,a2,v14
   9d494:	8732                	mv	a4,a2
   9d496:	f732                	sd	a2,424(sp)
   9d498:	0ec5c683          	lbu	a3,236(a1)
   9d49c:	e3b6                	sd	a3,448(sp)
   9d49e:	79850613          	addi	a2,a0,1944
   9d4a2:	02060707          	vle8.v	v14,(a2)
   9d4a6:	a2f237d7          	vsrl.vi	v15,v15,4
   9d4aa:	f6f6e4d7          	vwmacc.vx	v9,a3,v15
   9d4ae:	2707b7d7          	vand.vi	v15,v16,15
   9d4b2:	f6f76557          	vwmacc.vx	v10,a4,v15
   9d4b6:	7a050613          	addi	a2,a0,1952
   9d4ba:	02060787          	vle8.v	v15,(a2)
   9d4be:	0cd5c603          	lbu	a2,205(a1)
   9d4c2:	a3023857          	vsrl.vi	v16,v16,4
   9d4c6:	f706e5d7          	vwmacc.vx	v11,a3,v16
   9d4ca:	26c7b857          	vand.vi	v16,v12,15
   9d4ce:	f7066457          	vwmacc.vx	v8,a2,v16
   9d4d2:	8732                	mv	a4,a2
   9d4d4:	ef32                	sd	a2,408(sp)
   9d4d6:	0ed5c683          	lbu	a3,237(a1)
   9d4da:	fb36                	sd	a3,432(sp)
   9d4dc:	7a850613          	addi	a2,a0,1960
   9d4e0:	02060807          	vle8.v	v16,(a2)
   9d4e4:	a2c23657          	vsrl.vi	v12,v12,4
   9d4e8:	f6c6e4d7          	vwmacc.vx	v9,a3,v12
   9d4ec:	26e7b657          	vand.vi	v12,v14,15
   9d4f0:	f6c76557          	vwmacc.vx	v10,a4,v12
   9d4f4:	7b050613          	addi	a2,a0,1968
   9d4f8:	02060607          	vle8.v	v12,(a2)
   9d4fc:	0ce5c603          	lbu	a2,206(a1)
   9d500:	a2e23757          	vsrl.vi	v14,v14,4
   9d504:	f6e6e5d7          	vwmacc.vx	v11,a3,v14
   9d508:	26f7b757          	vand.vi	v14,v15,15
   9d50c:	f6e66457          	vwmacc.vx	v8,a2,v14
   9d510:	8732                	mv	a4,a2
   9d512:	e732                	sd	a2,392(sp)
   9d514:	0ee5c683          	lbu	a3,238(a1)
   9d518:	f336                	sd	a3,416(sp)
   9d51a:	7b850613          	addi	a2,a0,1976
   9d51e:	02060707          	vle8.v	v14,(a2)
   9d522:	a2f237d7          	vsrl.vi	v15,v15,4
   9d526:	f6f6e4d7          	vwmacc.vx	v9,a3,v15
   9d52a:	2707b7d7          	vand.vi	v15,v16,15
   9d52e:	f6f76557          	vwmacc.vx	v10,a4,v15
   9d532:	7c050613          	addi	a2,a0,1984
   9d536:	02060787          	vle8.v	v15,(a2)
   9d53a:	0cf5c603          	lbu	a2,207(a1)
   9d53e:	a3023857          	vsrl.vi	v16,v16,4
   9d542:	f706e5d7          	vwmacc.vx	v11,a3,v16
   9d546:	26c7b857          	vand.vi	v16,v12,15
   9d54a:	f7066457          	vwmacc.vx	v8,a2,v16
   9d54e:	8732                	mv	a4,a2
   9d550:	feb2                	sd	a2,376(sp)
   9d552:	0ef5c683          	lbu	a3,239(a1)
   9d556:	eb36                	sd	a3,400(sp)
   9d558:	7c850613          	addi	a2,a0,1992
   9d55c:	02060807          	vle8.v	v16,(a2)
   9d560:	a2c23657          	vsrl.vi	v12,v12,4
   9d564:	f6c6e4d7          	vwmacc.vx	v9,a3,v12
   9d568:	26e7b657          	vand.vi	v12,v14,15
   9d56c:	f6c76557          	vwmacc.vx	v10,a4,v12
   9d570:	7d050613          	addi	a2,a0,2000
   9d574:	02060607          	vle8.v	v12,(a2)
   9d578:	0d05c603          	lbu	a2,208(a1)
   9d57c:	a2e23757          	vsrl.vi	v14,v14,4
   9d580:	f6e6e5d7          	vwmacc.vx	v11,a3,v14
   9d584:	26f7b757          	vand.vi	v14,v15,15
   9d588:	f6e66457          	vwmacc.vx	v8,a2,v14
   9d58c:	8732                	mv	a4,a2
   9d58e:	eeb2                	sd	a2,344(sp)
   9d590:	0f05c683          	lbu	a3,240(a1)
   9d594:	e336                	sd	a3,384(sp)
   9d596:	7d850613          	addi	a2,a0,2008
   9d59a:	02060707          	vle8.v	v14,(a2)
   9d59e:	a2f237d7          	vsrl.vi	v15,v15,4
   9d5a2:	f6f6e4d7          	vwmacc.vx	v9,a3,v15
   9d5a6:	2707b7d7          	vand.vi	v15,v16,15
   9d5aa:	f6f76557          	vwmacc.vx	v10,a4,v15
   9d5ae:	7e050613          	addi	a2,a0,2016
   9d5b2:	02060787          	vle8.v	v15,(a2)
   9d5b6:	0d15c603          	lbu	a2,209(a1)
   9d5ba:	a3023857          	vsrl.vi	v16,v16,4
   9d5be:	f706e5d7          	vwmacc.vx	v11,a3,v16
   9d5c2:	26c7b857          	vand.vi	v16,v12,15
   9d5c6:	f7066457          	vwmacc.vx	v8,a2,v16
   9d5ca:	8732                	mv	a4,a2
   9d5cc:	e6b2                	sd	a2,328(sp)
   9d5ce:	0f15c683          	lbu	a3,241(a1)
   9d5d2:	f2b6                	sd	a3,352(sp)
   9d5d4:	7e850613          	addi	a2,a0,2024
   9d5d8:	02060807          	vle8.v	v16,(a2)
   9d5dc:	a2c23657          	vsrl.vi	v12,v12,4
   9d5e0:	f6c6e4d7          	vwmacc.vx	v9,a3,v12
   9d5e4:	26e7b657          	vand.vi	v12,v14,15
   9d5e8:	f6c76557          	vwmacc.vx	v10,a4,v12
   9d5ec:	7f050613          	addi	a2,a0,2032
   9d5f0:	02060607          	vle8.v	v12,(a2)
   9d5f4:	0d25c603          	lbu	a2,210(a1)
   9d5f8:	a2e23757          	vsrl.vi	v14,v14,4
   9d5fc:	f6e6e5d7          	vwmacc.vx	v11,a3,v14
   9d600:	26f7b757          	vand.vi	v14,v15,15
   9d604:	f6e66457          	vwmacc.vx	v8,a2,v14
   9d608:	8732                	mv	a4,a2
   9d60a:	e2b2                	sd	a2,320(sp)
   9d60c:	0f25c683          	lbu	a3,242(a1)
   9d610:	7f850613          	addi	a2,a0,2040
   9d614:	02060707          	vle8.v	v14,(a2)
   9d618:	a2f237d7          	vsrl.vi	v15,v15,4
   9d61c:	fab6                	sd	a3,368(sp)
   9d61e:	f6f6e4d7          	vwmacc.vx	v9,a3,v15
   9d622:	2707b7d7          	vand.vi	v15,v16,15
   9d626:	a3023857          	vsrl.vi	v16,v16,4
   9d62a:	f6f76557          	vwmacc.vx	v10,a4,v15
   9d62e:	f706e5d7          	vwmacc.vx	v11,a3,v16
   9d632:	0d35c683          	lbu	a3,211(a1)
   9d636:	eab6                	sd	a3,336(sp)
   9d638:	0f35c603          	lbu	a2,243(a1)
   9d63c:	f6b2                	sd	a2,360(sp)
   9d63e:	26c7b7d7          	vand.vi	v15,v12,15
   9d642:	a2c23657          	vsrl.vi	v12,v12,4
   9d646:	f6f6e457          	vwmacc.vx	v8,a3,v15
   9d64a:	f6c664d7          	vwmacc.vx	v9,a2,v12
   9d64e:	26e7b657          	vand.vi	v12,v14,15
   9d652:	a2e23757          	vsrl.vi	v14,v14,4
   9d656:	f6c6e557          	vwmacc.vx	v10,a3,v12
   9d65a:	f6e665d7          	vwmacc.vx	v11,a2,v14
   9d65e:	0c807057          	vsetvli	zero,zero,e16,m1,ta,ma
   9d662:	00550633          	add	a2,a0,t0
   9d666:	02060607          	vle8.v	v12,(a2)
   9d66a:	f686a057          	vwmacc.vv	v0,v13,v8
   9d66e:	f6912057          	vwmacc.vv	v0,v2,v9
   9d672:	f6a1af57          	vwmacc.vv	v30,v3,v10
   9d676:	f6b22f57          	vwmacc.vv	v30,v4,v11
   9d67a:	0c707057          	vsetvli	zero,zero,e8,mf2,ta,ma
   9d67e:	00750633          	add	a2,a0,t2
   9d682:	02060487          	vle8.v	v9,(a2)
   9d686:	01c50633          	add	a2,a0,t3
   9d68a:	02060707          	vle8.v	v14,(a2)
   9d68e:	01d50633          	add	a2,a0,t4
   9d692:	02060787          	vle8.v	v15,(a2)
   9d696:	01e50633          	add	a2,a0,t5
   9d69a:	02060807          	vle8.v	v16,(a2)
   9d69e:	0d45c703          	lbu	a4,212(a1)
   9d6a2:	ea3a                	sd	a4,272(sp)
   9d6a4:	0f45c603          	lbu	a2,244(a1)
   9d6a8:	fe32                	sd	a2,312(sp)
   9d6aa:	26c7b457          	vand.vi	v8,v12,15
   9d6ae:	a2c23557          	vsrl.vi	v10,v12,4
   9d6b2:	9f4035d7          	vmv1r.v	v11,v20
   9d6b6:	f68765d7          	vwmacc.vx	v11,a4,v8
   9d6ba:	9f403457          	vmv1r.v	v8,v20
   9d6be:	f6a66457          	vwmacc.vx	v8,a2,v10
   9d6c2:	2697b557          	vand.vi	v10,v9,15
   9d6c6:	a2923657          	vsrl.vi	v12,v9,4
   9d6ca:	9f4034d7          	vmv1r.v	v9,v20
   9d6ce:	0d55c683          	lbu	a3,213(a1)
   9d6d2:	f6a764d7          	vwmacc.vx	v9,a4,v10
   9d6d6:	9f403557          	vmv1r.v	v10,v20
   9d6da:	f6c66557          	vwmacc.vx	v10,a2,v12
   9d6de:	26e7b657          	vand.vi	v12,v14,15
   9d6e2:	f6c6e5d7          	vwmacc.vx	v11,a3,v12
   9d6e6:	8736                	mv	a4,a3
   9d6e8:	f236                	sd	a3,288(sp)
   9d6ea:	0f55c683          	lbu	a3,245(a1)
   9d6ee:	fa36                	sd	a3,304(sp)
   9d6f0:	01f50633          	add	a2,a0,t6
   9d6f4:	02060607          	vle8.v	v12,(a2)
   9d6f8:	a2e23757          	vsrl.vi	v14,v14,4
   9d6fc:	f6e6e457          	vwmacc.vx	v8,a3,v14
   9d700:	26f7b757          	vand.vi	v14,v15,15
   9d704:	f6e764d7          	vwmacc.vx	v9,a4,v14
   9d708:	01250633          	add	a2,a0,s2
   9d70c:	02060707          	vle8.v	v14,(a2)
   9d710:	0d65c603          	lbu	a2,214(a1)
   9d714:	a2f237d7          	vsrl.vi	v15,v15,4
   9d718:	f6f6e557          	vwmacc.vx	v10,a3,v15
   9d71c:	2707b7d7          	vand.vi	v15,v16,15
   9d720:	f6f665d7          	vwmacc.vx	v11,a2,v15
   9d724:	8732                	mv	a4,a2
   9d726:	e632                	sd	a2,264(sp)
   9d728:	0f65c683          	lbu	a3,246(a1)
   9d72c:	f636                	sd	a3,296(sp)
   9d72e:	01350633          	add	a2,a0,s3
   9d732:	02060787          	vle8.v	v15,(a2)
   9d736:	a3023857          	vsrl.vi	v16,v16,4
   9d73a:	f706e457          	vwmacc.vx	v8,a3,v16
   9d73e:	26c7b857          	vand.vi	v16,v12,15
   9d742:	f70764d7          	vwmacc.vx	v9,a4,v16
   9d746:	01450633          	add	a2,a0,s4
   9d74a:	02060807          	vle8.v	v16,(a2)
   9d74e:	0d75c603          	lbu	a2,215(a1)
   9d752:	a2c23657          	vsrl.vi	v12,v12,4
   9d756:	f6c6e557          	vwmacc.vx	v10,a3,v12
   9d75a:	26e7b657          	vand.vi	v12,v14,15
   9d75e:	f6c665d7          	vwmacc.vx	v11,a2,v12
   9d762:	8732                	mv	a4,a2
   9d764:	fdb2                	sd	a2,248(sp)
   9d766:	0f75c683          	lbu	a3,247(a1)
   9d76a:	ee36                	sd	a3,280(sp)
   9d76c:	01550633          	add	a2,a0,s5
   9d770:	02060607          	vle8.v	v12,(a2)
   9d774:	a2e23757          	vsrl.vi	v14,v14,4
   9d778:	f6e6e457          	vwmacc.vx	v8,a3,v14
   9d77c:	26f7b757          	vand.vi	v14,v15,15
   9d780:	f6e764d7          	vwmacc.vx	v9,a4,v14
   9d784:	01a50633          	add	a2,a0,s10
   9d788:	02060707          	vle8.v	v14,(a2)
   9d78c:	0d85cd03          	lbu	s10,216(a1)
   9d790:	a2f237d7          	vsrl.vi	v15,v15,4
   9d794:	f6f6e557          	vwmacc.vx	v10,a3,v15
   9d798:	2707b7d7          	vand.vi	v15,v16,15
   9d79c:	f6fd65d7          	vwmacc.vx	v11,s10,v15
   9d7a0:	0f85c683          	lbu	a3,248(a1)
   9d7a4:	e236                	sd	a3,256(sp)
   9d7a6:	01650633          	add	a2,a0,s6
   9d7aa:	02060787          	vle8.v	v15,(a2)
   9d7ae:	a3023857          	vsrl.vi	v16,v16,4
   9d7b2:	f706e457          	vwmacc.vx	v8,a3,v16
   9d7b6:	26c7b857          	vand.vi	v16,v12,15
   9d7ba:	f70d64d7          	vwmacc.vx	v9,s10,v16
   9d7be:	01850633          	add	a2,a0,s8
   9d7c2:	02060807          	vle8.v	v16,(a2)
   9d7c6:	0d95cc03          	lbu	s8,217(a1)
   9d7ca:	a2c23657          	vsrl.vi	v12,v12,4
   9d7ce:	f6c6e557          	vwmacc.vx	v10,a3,v12
   9d7d2:	26e7b657          	vand.vi	v12,v14,15
   9d7d6:	f6cc65d7          	vwmacc.vx	v11,s8,v12
   9d7da:	0f95cd83          	lbu	s11,249(a1)
   9d7de:	01750633          	add	a2,a0,s7
   9d7e2:	02060607          	vle8.v	v12,(a2)
   9d7e6:	a2e23757          	vsrl.vi	v14,v14,4
   9d7ea:	f6ede457          	vwmacc.vx	v8,s11,v14
   9d7ee:	26f7b757          	vand.vi	v14,v15,15
   9d7f2:	f6ec64d7          	vwmacc.vx	v9,s8,v14
   9d7f6:	01950633          	add	a2,a0,s9
   9d7fa:	02060707          	vle8.v	v14,(a2)
   9d7fe:	0da5cb03          	lbu	s6,218(a1)
   9d802:	a2f237d7          	vsrl.vi	v15,v15,4
   9d806:	f6fde557          	vwmacc.vx	v10,s11,v15
   9d80a:	2707b7d7          	vand.vi	v15,v16,15
   9d80e:	f6fb65d7          	vwmacc.vx	v11,s6,v15
   9d812:	0fa5cc83          	lbu	s9,250(a1)
   9d816:	6605                	lui	a2,0x1
   9d818:	960a                	add	a2,a2,sp
   9d81a:	89863603          	ld	a2,-1896(a2) # 898 <$d.227+0x4fe>
   9d81e:	962a                	add	a2,a2,a0
   9d820:	02060787          	vle8.v	v15,(a2)
   9d824:	a3023857          	vsrl.vi	v16,v16,4
   9d828:	f70ce457          	vwmacc.vx	v8,s9,v16
   9d82c:	26c7b857          	vand.vi	v16,v12,15
   9d830:	f70b64d7          	vwmacc.vx	v9,s6,v16
   9d834:	6605                	lui	a2,0x1
   9d836:	960a                	add	a2,a2,sp
   9d838:	89063603          	ld	a2,-1904(a2) # 890 <$d.227+0x4f6>
   9d83c:	962a                	add	a2,a2,a0
   9d83e:	02060807          	vle8.v	v16,(a2)
   9d842:	0db5ca03          	lbu	s4,219(a1)
   9d846:	a2c23657          	vsrl.vi	v12,v12,4
   9d84a:	f6cce557          	vwmacc.vx	v10,s9,v12
   9d84e:	26e7b657          	vand.vi	v12,v14,15
   9d852:	f6ca65d7          	vwmacc.vx	v11,s4,v12
   9d856:	0fb5cb83          	lbu	s7,251(a1)
   9d85a:	8883061b          	addiw	a2,t1,-1912
   9d85e:	f5b2                	sd	a2,232(sp)
   9d860:	962a                	add	a2,a2,a0
   9d862:	02060607          	vle8.v	v12,(a2)
   9d866:	a2e23757          	vsrl.vi	v14,v14,4
   9d86a:	f6ebe457          	vwmacc.vx	v8,s7,v14
   9d86e:	26f7b757          	vand.vi	v14,v15,15
   9d872:	f6ea64d7          	vwmacc.vx	v9,s4,v14
   9d876:	8903061b          	addiw	a2,t1,-1904
   9d87a:	f9b2                	sd	a2,240(sp)
   9d87c:	962a                	add	a2,a2,a0
   9d87e:	02060707          	vle8.v	v14,(a2)
   9d882:	0dc5c903          	lbu	s2,220(a1)
   9d886:	a2f237d7          	vsrl.vi	v15,v15,4
   9d88a:	f6fbe557          	vwmacc.vx	v10,s7,v15
   9d88e:	2707b7d7          	vand.vi	v15,v16,15
   9d892:	f6f965d7          	vwmacc.vx	v11,s2,v15
   9d896:	0fc5ca83          	lbu	s5,252(a1)
   9d89a:	8983061b          	addiw	a2,t1,-1896
   9d89e:	edb2                	sd	a2,216(sp)
   9d8a0:	962a                	add	a2,a2,a0
   9d8a2:	02060787          	vle8.v	v15,(a2)
   9d8a6:	a3023857          	vsrl.vi	v16,v16,4
   9d8aa:	f70ae457          	vwmacc.vx	v8,s5,v16
   9d8ae:	26c7b857          	vand.vi	v16,v12,15
   9d8b2:	f70964d7          	vwmacc.vx	v9,s2,v16
   9d8b6:	8a03061b          	addiw	a2,t1,-1888
   9d8ba:	f1b2                	sd	a2,224(sp)
   9d8bc:	962a                	add	a2,a2,a0
   9d8be:	02060807          	vle8.v	v16,(a2)
   9d8c2:	0dd5cf03          	lbu	t5,221(a1)
   9d8c6:	a2c23657          	vsrl.vi	v12,v12,4
   9d8ca:	f6cae557          	vwmacc.vx	v10,s5,v12
   9d8ce:	26e7b657          	vand.vi	v12,v14,15
   9d8d2:	f6cf65d7          	vwmacc.vx	v11,t5,v12
   9d8d6:	0fd5c983          	lbu	s3,253(a1)
   9d8da:	8a83061b          	addiw	a2,t1,-1880
   9d8de:	e9b2                	sd	a2,208(sp)
   9d8e0:	962a                	add	a2,a2,a0
   9d8e2:	02060607          	vle8.v	v12,(a2)
   9d8e6:	a2e23757          	vsrl.vi	v14,v14,4
   9d8ea:	f6e9e457          	vwmacc.vx	v8,s3,v14
   9d8ee:	26f7b757          	vand.vi	v14,v15,15
   9d8f2:	f6ef64d7          	vwmacc.vx	v9,t5,v14
   9d8f6:	8b03061b          	addiw	a2,t1,-1872
   9d8fa:	e5b2                	sd	a2,200(sp)
   9d8fc:	962a                	add	a2,a2,a0
   9d8fe:	02060707          	vle8.v	v14,(a2)
   9d902:	0de5ce03          	lbu	t3,222(a1)
   9d906:	a2f237d7          	vsrl.vi	v15,v15,4
   9d90a:	f6f9e557          	vwmacc.vx	v10,s3,v15
   9d90e:	2707b7d7          	vand.vi	v15,v16,15
   9d912:	f6fe65d7          	vwmacc.vx	v11,t3,v15
   9d916:	0fe5cf83          	lbu	t6,254(a1)
   9d91a:	8b83061b          	addiw	a2,t1,-1864
   9d91e:	e1b2                	sd	a2,192(sp)
   9d920:	962a                	add	a2,a2,a0
   9d922:	02060787          	vle8.v	v15,(a2)
   9d926:	a3023857          	vsrl.vi	v16,v16,4
   9d92a:	f70fe457          	vwmacc.vx	v8,t6,v16
   9d92e:	26c7b857          	vand.vi	v16,v12,15
   9d932:	f70e64d7          	vwmacc.vx	v9,t3,v16
   9d936:	8c03061b          	addiw	a2,t1,-1856
   9d93a:	fd32                	sd	a2,184(sp)
   9d93c:	962a                	add	a2,a2,a0
   9d93e:	02060807          	vle8.v	v16,(a2)
   9d942:	6685                	lui	a3,0x1
   9d944:	0df5c303          	lbu	t1,223(a1)
   9d948:	a2c23657          	vsrl.vi	v12,v12,4
   9d94c:	f6cfe557          	vwmacc.vx	v10,t6,v12
   9d950:	26e7b657          	vand.vi	v12,v14,15
   9d954:	f6c365d7          	vwmacc.vx	v11,t1,v12
   9d958:	0ff5ce83          	lbu	t4,255(a1)
   9d95c:	8c86861b          	addiw	a2,a3,-1848 # 8c8 <$d.227+0x52e>
   9d960:	f932                	sd	a2,176(sp)
   9d962:	962a                	add	a2,a2,a0
   9d964:	02060607          	vle8.v	v12,(a2)
   9d968:	a2e23757          	vsrl.vi	v14,v14,4
   9d96c:	f6eee457          	vwmacc.vx	v8,t4,v14
   9d970:	26f7b757          	vand.vi	v14,v15,15
   9d974:	f6e364d7          	vwmacc.vx	v9,t1,v14
   9d978:	8d06861b          	addiw	a2,a3,-1840
   9d97c:	f532                	sd	a2,168(sp)
   9d97e:	962a                	add	a2,a2,a0
   9d980:	02060707          	vle8.v	v14,(a2)
   9d984:	0e05c883          	lbu	a7,224(a1)
   9d988:	a2f237d7          	vsrl.vi	v15,v15,4
   9d98c:	f6fee557          	vwmacc.vx	v10,t4,v15
   9d990:	2707b7d7          	vand.vi	v15,v16,15
   9d994:	f6f8e5d7          	vwmacc.vx	v11,a7,v15
   9d998:	1005c383          	lbu	t2,256(a1)
   9d99c:	8d86861b          	addiw	a2,a3,-1832
   9d9a0:	f132                	sd	a2,160(sp)
   9d9a2:	962a                	add	a2,a2,a0
   9d9a4:	02060787          	vle8.v	v15,(a2)
   9d9a8:	a3023857          	vsrl.vi	v16,v16,4
   9d9ac:	f703e457          	vwmacc.vx	v8,t2,v16
   9d9b0:	26c7b857          	vand.vi	v16,v12,15
   9d9b4:	f708e4d7          	vwmacc.vx	v9,a7,v16
   9d9b8:	8e06861b          	addiw	a2,a3,-1824
   9d9bc:	ed32                	sd	a2,152(sp)
   9d9be:	962a                	add	a2,a2,a0
   9d9c0:	02060807          	vle8.v	v16,(a2)
   9d9c4:	0e15c803          	lbu	a6,225(a1)
   9d9c8:	a2c23657          	vsrl.vi	v12,v12,4
   9d9cc:	f6c3e557          	vwmacc.vx	v10,t2,v12
   9d9d0:	26e7b657          	vand.vi	v12,v14,15
   9d9d4:	f6c865d7          	vwmacc.vx	v11,a6,v12
   9d9d8:	1015c283          	lbu	t0,257(a1)
   9d9dc:	8e86861b          	addiw	a2,a3,-1816
   9d9e0:	e932                	sd	a2,144(sp)
   9d9e2:	962a                	add	a2,a2,a0
   9d9e4:	02060607          	vle8.v	v12,(a2)
   9d9e8:	a2e23757          	vsrl.vi	v14,v14,4
   9d9ec:	f6e2e457          	vwmacc.vx	v8,t0,v14
   9d9f0:	26f7b757          	vand.vi	v14,v15,15
   9d9f4:	f6e864d7          	vwmacc.vx	v9,a6,v14
   9d9f8:	8f06861b          	addiw	a2,a3,-1808
   9d9fc:	e532                	sd	a2,136(sp)
   9d9fe:	962a                	add	a2,a2,a0
   9da00:	02060707          	vle8.v	v14,(a2)
   9da04:	0e25c603          	lbu	a2,226(a1)
   9da08:	a2f237d7          	vsrl.vi	v15,v15,4
   9da0c:	f6f2e557          	vwmacc.vx	v10,t0,v15
   9da10:	2707b7d7          	vand.vi	v15,v16,15
   9da14:	f6f665d7          	vwmacc.vx	v11,a2,v15
   9da18:	1025c703          	lbu	a4,258(a1)
   9da1c:	8f86869b          	addiw	a3,a3,-1800
   9da20:	e136                	sd	a3,128(sp)
   9da22:	96aa                	add	a3,a3,a0
   9da24:	02068787          	vle8.v	v15,(a3)
   9da28:	a3023857          	vsrl.vi	v16,v16,4
   9da2c:	f7076457          	vwmacc.vx	v8,a4,v16
   9da30:	26c7b857          	vand.vi	v16,v12,15
   9da34:	a2c23657          	vsrl.vi	v12,v12,4
   9da38:	f70664d7          	vwmacc.vx	v9,a2,v16
   9da3c:	f6c76557          	vwmacc.vx	v10,a4,v12
   9da40:	0e35c683          	lbu	a3,227(a1)
   9da44:	1035c783          	lbu	a5,259(a1)
   9da48:	26e7b657          	vand.vi	v12,v14,15
   9da4c:	a2e23757          	vsrl.vi	v14,v14,4
   9da50:	f6c6e5d7          	vwmacc.vx	v11,a3,v12
   9da54:	f6e7e457          	vwmacc.vx	v8,a5,v14
   9da58:	26f7b657          	vand.vi	v12,v15,15
   9da5c:	a2f23757          	vsrl.vi	v14,v15,4
   9da60:	f6c6e4d7          	vwmacc.vx	v9,a3,v12
   9da64:	f6e7e557          	vwmacc.vx	v10,a5,v14
   9da68:	0c807057          	vsetvli	zero,zero,e16,m1,ta,ma
   9da6c:	f6b6a057          	vwmacc.vv	v0,v13,v11
   9da70:	02055587          	vle16.v	v11,(a0)
   9da74:	f6812057          	vwmacc.vv	v0,v2,v8
   9da78:	f691af57          	vwmacc.vv	v30,v3,v9
   9da7c:	f6a22f57          	vwmacc.vv	v30,v4,v10
   9da80:	4ab61457          	vfwcvt.f.f.v	v8,v11
   9da84:	0d107057          	vsetvli	zero,zero,e32,m2,ta,ma
   9da88:	0541                	addi	a0,a0,16
   9da8a:	02055507          	vle16.v	v10,(a0)
   9da8e:	9287d457          	vfmul.vf	v8,v8,fa5
   9da92:	4a019657          	vfcvt.f.x.v	v12,v0
   9da96:	c2202573          	csrr	a0,vlenb
   9da9a:	0506                	slli	a0,a0,0x1
   9da9c:	20a54533          	sh2add	a0,a0,a0
   9daa0:	950a                	add	a0,a0,sp
   9daa2:	7ff50513          	addi	a0,a0,2047
   9daa6:	11150513          	addi	a0,a0,273
   9daaa:	22850707          	vl2r.v	v14,(a0)
   9daae:	a2e41657          	vfmadd.vv	v12,v8,v14
   9dab2:	4bc19457          	vfcvt.f.x.v	v8,v28
   9dab6:	c2202573          	csrr	a0,vlenb
   9daba:	0506                	slli	a0,a0,0x1
   9dabc:	950a                	add	a0,a0,sp
   9dabe:	7ff50513          	addi	a0,a0,2047
   9dac2:	11150513          	addi	a0,a0,273
   9dac6:	22850707          	vl2r.v	v14,(a0)
   9daca:	bee41657          	vfnmsac.vv	v12,v8,v14
   9dace:	c2202573          	csrr	a0,vlenb
   9dad2:	0506                	slli	a0,a0,0x1
   9dad4:	20a54533          	sh2add	a0,a0,a0
   9dad8:	950a                	add	a0,a0,sp
   9dada:	7ff50513          	addi	a0,a0,2047
   9dade:	11150513          	addi	a0,a0,273
   9dae2:	22850627          	vs2r.v	v12,(a0)
   9dae6:	0c807057          	vsetvli	zero,zero,e16,m1,ta,ma
   9daea:	4aa61457          	vfwcvt.f.f.v	v8,v10
   9daee:	0d107057          	vsetvli	zero,zero,e32,m2,ta,ma
   9daf2:	6505                	lui	a0,0x1
   9daf4:	950a                	add	a0,a0,sp
   9daf6:	87053583          	ld	a1,-1936(a0) # 870 <$d.227+0x4d6>
   9dafa:	95a6                	add	a1,a1,s1
   9dafc:	02058093          	addi	ra,a1,32
   9db00:	0200d507          	vle16.v	v10,(ra)
   9db04:	fc000093          	li	ra,-64
   9db08:	03000413          	li	s0,48
   9db0c:	9287d457          	vfmul.vf	v8,v8,fa5
   9db10:	4be19657          	vfcvt.f.x.v	v12,v30
   9db14:	c2202573          	csrr	a0,vlenb
   9db18:	050a                	slli	a0,a0,0x2
   9db1a:	20a52533          	sh1add	a0,a0,a0
   9db1e:	950a                	add	a0,a0,sp
   9db20:	7ff50513          	addi	a0,a0,2047
   9db24:	11150513          	addi	a0,a0,273
   9db28:	22850707          	vl2r.v	v14,(a0)
   9db2c:	a2e41657          	vfmadd.vv	v12,v8,v14
   9db30:	4ba19457          	vfcvt.f.x.v	v8,v26
   9db34:	c2202573          	csrr	a0,vlenb
   9db38:	050a                	slli	a0,a0,0x2
   9db3a:	950a                	add	a0,a0,sp
   9db3c:	7ff50513          	addi	a0,a0,2047
   9db40:	11150513          	addi	a0,a0,273
   9db44:	22850707          	vl2r.v	v14,(a0)
   9db48:	bee41657          	vfnmsac.vv	v12,v8,v14
   9db4c:	c2202573          	csrr	a0,vlenb
   9db50:	050a                	slli	a0,a0,0x2
   9db52:	20a52533          	sh1add	a0,a0,a0
   9db56:	950a                	add	a0,a0,sp
   9db58:	7ff50513          	addi	a0,a0,2047
   9db5c:	11150513          	addi	a0,a0,273
   9db60:	22850627          	vs2r.v	v12,(a0)
   9db64:	0c807057          	vsetvli	zero,zero,e16,m1,ta,ma
   9db68:	4aa61457          	vfwcvt.f.f.v	v8,v10
   9db6c:	0d107057          	vsetvli	zero,zero,e32,m2,ta,ma
   9db70:	03058493          	addi	s1,a1,48
   9db74:	0204d507          	vle16.v	v10,(s1)
   9db78:	9287d457          	vfmul.vf	v8,v8,fa5
   9db7c:	c2202573          	csrr	a0,vlenb
   9db80:	0506                	slli	a0,a0,0x1
   9db82:	950a                	add	a0,a0,sp
   9db84:	7ff50513          	addi	a0,a0,2047
   9db88:	11150513          	addi	a0,a0,273
   9db8c:	22850427          	vs2r.v	v8,(a0)
   9db90:	0c807057          	vsetvli	zero,zero,e16,m1,ta,ma
   9db94:	4aa61457          	vfwcvt.f.f.v	v8,v10
   9db98:	0d107057          	vsetvli	zero,zero,e32,m2,ta,ma
   9db9c:	04058493          	addi	s1,a1,64
   9dba0:	02048587          	vle8.v	v11,(s1)
   9dba4:	0c058493          	addi	s1,a1,192
   9dba8:	02048507          	vle8.v	v10,(s1)
   9dbac:	9287d457          	vfmul.vf	v8,v8,fa5
   9dbb0:	c2202573          	csrr	a0,vlenb
   9dbb4:	050a                	slli	a0,a0,0x2
   9dbb6:	950a                	add	a0,a0,sp
   9dbb8:	7ff50513          	addi	a0,a0,2047
   9dbbc:	11150513          	addi	a0,a0,273
   9dbc0:	22850427          	vs2r.v	v8,(a0)
   9dbc4:	0c707057          	vsetvli	zero,zero,e8,mf2,ta,ma
   9dbc8:	26b7b457          	vand.vi	v8,v11,15
   9dbcc:	a2b234d7          	vsrl.vi	v9,v11,4
   9dbd0:	26a1b5d7          	vand.vi	v11,v10,3
   9dbd4:	96b235d7          	vsll.vi	v11,v11,4
   9dbd8:	26a63657          	vand.vi	v12,v10,12
   9dbdc:	96c13657          	vsll.vi	v12,v12,2
   9dbe0:	2ab40457          	vor.vv	v8,v11,v8
   9dbe4:	2ac484d7          	vor.vv	v9,v12,v9
   9dbe8:	0c807057          	vsetvli	zero,zero,e16,m1,ta,ma
   9dbec:	05058493          	addi	s1,a1,80
   9dbf0:	02048587          	vle8.v	v11,(s1)
   9dbf4:	0d058493          	addi	s1,a1,208
   9dbf8:	02048287          	vle8.v	v5,(s1)
   9dbfc:	4a832cd7          	vzext.vf2	v25,v8
   9dc00:	4a932657          	vzext.vf2	v12,v9
   9dc04:	0c707057          	vsetvli	zero,zero,e8,mf2,ta,ma
   9dc08:	26b7b457          	vand.vi	v8,v11,15
   9dc0c:	a2b234d7          	vsrl.vi	v9,v11,4
   9dc10:	2651b5d7          	vand.vi	v11,v5,3
   9dc14:	96b235d7          	vsll.vi	v11,v11,4
   9dc18:	265636d7          	vand.vi	v13,v5,12
   9dc1c:	96d136d7          	vsll.vi	v13,v13,2
   9dc20:	2ab40457          	vor.vv	v8,v11,v8
   9dc24:	2ad484d7          	vor.vv	v9,v13,v9
   9dc28:	0c807057          	vsetvli	zero,zero,e16,m1,ta,ma
   9dc2c:	06058493          	addi	s1,a1,96
   9dc30:	02048687          	vle8.v	v13,(s1)
   9dc34:	0e058493          	addi	s1,a1,224
   9dc38:	02048587          	vle8.v	v11,(s1)
   9dc3c:	4a832757          	vzext.vf2	v14,v8
   9dc40:	4a9328d7          	vzext.vf2	v17,v9
   9dc44:	0c707057          	vsetvli	zero,zero,e8,mf2,ta,ma
   9dc48:	26d7b457          	vand.vi	v8,v13,15
   9dc4c:	a2d234d7          	vsrl.vi	v9,v13,4
   9dc50:	26b1b6d7          	vand.vi	v13,v11,3
   9dc54:	96d236d7          	vsll.vi	v13,v13,4
   9dc58:	26b637d7          	vand.vi	v15,v11,12
   9dc5c:	96f137d7          	vsll.vi	v15,v15,2
   9dc60:	2ad40457          	vor.vv	v8,v13,v8
   9dc64:	2af484d7          	vor.vv	v9,v15,v9
   9dc68:	0c807057          	vsetvli	zero,zero,e16,m1,ta,ma
   9dc6c:	07058493          	addi	s1,a1,112
   9dc70:	02048787          	vle8.v	v15,(s1)
   9dc74:	0f058493          	addi	s1,a1,240
   9dc78:	02048687          	vle8.v	v13,(s1)
   9dc7c:	4a8323d7          	vzext.vf2	v7,v8
   9dc80:	4a932957          	vzext.vf2	v18,v9
   9dc84:	0c707057          	vsetvli	zero,zero,e8,mf2,ta,ma
   9dc88:	26f7b457          	vand.vi	v8,v15,15
   9dc8c:	a2f234d7          	vsrl.vi	v9,v15,4
   9dc90:	26d1b7d7          	vand.vi	v15,v13,3
   9dc94:	96f237d7          	vsll.vi	v15,v15,4
   9dc98:	26d63857          	vand.vi	v16,v13,12
   9dc9c:	97013857          	vsll.vi	v16,v16,2
   9dca0:	2af407d7          	vor.vv	v15,v15,v8
   9dca4:	2b0484d7          	vor.vv	v9,v16,v9
   9dca8:	0c807057          	vsetvli	zero,zero,e16,m1,ta,ma
   9dcac:	04858493          	addi	s1,a1,72
   9dcb0:	02048807          	vle8.v	v16,(s1)
   9dcb4:	0c858493          	addi	s1,a1,200
   9dcb8:	02048107          	vle8.v	v2,(s1)
   9dcbc:	4af32b57          	vzext.vf2	v22,v15
   9dcc0:	4a9329d7          	vzext.vf2	v19,v9
   9dcc4:	0c707057          	vsetvli	zero,zero,e8,mf2,ta,ma
   9dcc8:	2707b4d7          	vand.vi	v9,v16,15
   9dccc:	a30237d7          	vsrl.vi	v15,v16,4
   9dcd0:	2621b857          	vand.vi	v16,v2,3
   9dcd4:	97023857          	vsll.vi	v16,v16,4
   9dcd8:	26263ad7          	vand.vi	v21,v2,12
   9dcdc:	97513ad7          	vsll.vi	v21,v21,2
   9dce0:	2b0484d7          	vor.vv	v9,v16,v9
   9dce4:	2b578857          	vor.vv	v16,v21,v15
   9dce8:	0c807057          	vsetvli	zero,zero,e16,m1,ta,ma
   9dcec:	05858493          	addi	s1,a1,88
   9dcf0:	02048a87          	vle8.v	v21,(s1)
   9dcf4:	0d858493          	addi	s1,a1,216
   9dcf8:	02048187          	vle8.v	v3,(s1)
   9dcfc:	4a9327d7          	vzext.vf2	v15,v9
   9dd00:	4b032c57          	vzext.vf2	v24,v16
   9dd04:	0c707057          	vsetvli	zero,zero,e8,mf2,ta,ma
   9dd08:	2757b4d7          	vand.vi	v9,v21,15
   9dd0c:	a3523857          	vsrl.vi	v16,v21,4
   9dd10:	2631bad7          	vand.vi	v21,v3,3
   9dd14:	97523ad7          	vsll.vi	v21,v21,4
   9dd18:	26363d57          	vand.vi	v26,v3,12
   9dd1c:	97a13d57          	vsll.vi	v26,v26,2
   9dd20:	2b5484d7          	vor.vv	v9,v21,v9
   9dd24:	2ba80ad7          	vor.vv	v21,v26,v16
   9dd28:	0c807057          	vsetvli	zero,zero,e16,m1,ta,ma
   9dd2c:	06858493          	addi	s1,a1,104
   9dd30:	02048d07          	vle8.v	v26,(s1)
   9dd34:	0e858493          	addi	s1,a1,232
   9dd38:	02048207          	vle8.v	v4,(s1)
   9dd3c:	4a932857          	vzext.vf2	v16,v9
   9dd40:	4b532f57          	vzext.vf2	v30,v21
   9dd44:	0c707057          	vsetvli	zero,zero,e8,mf2,ta,ma
   9dd48:	2641b4d7          	vand.vi	v9,v4,3
   9dd4c:	969234d7          	vsll.vi	v9,v9,4
   9dd50:	27a7bad7          	vand.vi	v21,v26,15
   9dd54:	2a9a8ad7          	vor.vv	v21,v9,v21
   9dd58:	a3a234d7          	vsrl.vi	v9,v26,4
   9dd5c:	26463d57          	vand.vi	v26,v4,12
   9dd60:	97a13d57          	vsll.vi	v26,v26,2
   9dd64:	2ba48d57          	vor.vv	v26,v26,v9
   9dd68:	0c807057          	vsetvli	zero,zero,e16,m1,ta,ma
   9dd6c:	4b5324d7          	vzext.vf2	v9,v21
   9dd70:	4ba32ad7          	vzext.vf2	v21,v26
   9dd74:	0f858493          	addi	s1,a1,248
   9dd78:	02048307          	vle8.v	v6,(s1)
   9dd7c:	07858493          	addi	s1,a1,120
   9dd80:	02048d07          	vle8.v	v26,(s1)
   9dd84:	0c707057          	vsetvli	zero,zero,e8,mf2,ta,ma
   9dd88:	2661bdd7          	vand.vi	v27,v6,3
   9dd8c:	97b23dd7          	vsll.vi	v27,v27,4
   9dd90:	27a7be57          	vand.vi	v28,v26,15
   9dd94:	2bbe0fd7          	vor.vv	v31,v27,v28
   9dd98:	a3a23d57          	vsrl.vi	v26,v26,4
   9dd9c:	26663dd7          	vand.vi	v27,v6,12
   9dda0:	97b13dd7          	vsll.vi	v27,v27,2
   9dda4:	2bbd0057          	vor.vv	v0,v27,v26
   9dda8:	0c807057          	vsetvli	zero,zero,e16,m1,ta,ma
   9ddac:	e432                	sd	a2,8(sp)
   9ddae:	c2202573          	csrr	a0,vlenb
   9ddb2:	4639                	li	a2,14
   9ddb4:	02c50533          	mul	a0,a0,a2
   9ddb8:	950a                	add	a0,a0,sp
   9ddba:	7ff50513          	addi	a0,a0,2047
   9ddbe:	11150513          	addi	a0,a0,273
   9ddc2:	22850e07          	vl2r.v	v28,(a0)
   9ddc6:	6505                	lui	a0,0x1
   9ddc8:	950a                	add	a0,a0,sp
   9ddca:	88053503          	ld	a0,-1920(a0) # 880 <$d.227+0x4e6>
   9ddce:	f6c56e57          	vwmacc.vx	v28,a0,v12
   9ddd2:	c22024f3          	csrr	s1,vlenb
   9ddd6:	4639                	li	a2,14
   9ddd8:	02c484b3          	mul	s1,s1,a2
   9dddc:	6622                	ld	a2,8(sp)
   9ddde:	948a                	add	s1,s1,sp
   9dde0:	7ff48493          	addi	s1,s1,2047
   9dde4:	11148493          	addi	s1,s1,273
   9dde8:	22848d07          	vl2r.v	v26,(s1)
   9ddec:	f7856d57          	vwmacc.vx	v26,a0,v24
   9ddf0:	6505                	lui	a0,0x1
   9ddf2:	950a                	add	a0,a0,sp
   9ddf4:	87853503          	ld	a0,-1928(a0) # 878 <$d.227+0x4de>
   9ddf8:	f7156e57          	vwmacc.vx	v28,a0,v17
   9ddfc:	f7e56d57          	vwmacc.vx	v26,a0,v30
   9de00:	6505                	lui	a0,0x1
   9de02:	950a                	add	a0,a0,sp
   9de04:	86853503          	ld	a0,-1944(a0) # 868 <$d.227+0x4ce>
   9de08:	f7256e57          	vwmacc.vx	v28,a0,v18
   9de0c:	f7556d57          	vwmacc.vx	v26,a0,v21
   9de10:	6505                	lui	a0,0x1
   9de12:	950a                	add	a0,a0,sp
   9de14:	86053503          	ld	a0,-1952(a0) # 860 <$d.227+0x4c6>
   9de18:	f7356e57          	vwmacc.vx	v28,a0,v19
   9de1c:	4a032657          	vzext.vf2	v12,v0
   9de20:	f6c56d57          	vwmacc.vx	v26,a0,v12
   9de24:	4bf32c57          	vzext.vf2	v24,v31
   9de28:	10058493          	addi	s1,a1,256
   9de2c:	02048887          	vle8.v	v17,(s1)
   9de30:	0c707057          	vsetvli	zero,zero,e8,mf2,ta,ma
   9de34:	10858493          	addi	s1,a1,264
   9de38:	02048907          	vle8.v	v18,(s1)
   9de3c:	2717b9d7          	vand.vi	v19,v17,15
   9de40:	9f403657          	vmv1r.v	v12,v20
   9de44:	6505                	lui	a0,0x1
   9de46:	950a                	add	a0,a0,sp
   9de48:	84053483          	ld	s1,-1984(a0) # 840 <$d.227+0x4a6>
   9de4c:	f734e657          	vwmacc.vx	v12,s1,v19
   9de50:	a31239d7          	vsrl.vi	v19,v17,4
   9de54:	9f4038d7          	vmv1r.v	v17,v20
   9de58:	6505                	lui	a0,0x1
   9de5a:	950a                	add	a0,a0,sp
   9de5c:	85053503          	ld	a0,-1968(a0) # 850 <$d.227+0x4b6>
   9de60:	f73568d7          	vwmacc.vx	v17,a0,v19
   9de64:	2727bad7          	vand.vi	v21,v18,15
   9de68:	9f4039d7          	vmv1r.v	v19,v20
   9de6c:	f754e9d7          	vwmacc.vx	v19,s1,v21
   9de70:	a3223ad7          	vsrl.vi	v21,v18,4
   9de74:	11058493          	addi	s1,a1,272
   9de78:	02048f07          	vle8.v	v30,(s1)
   9de7c:	9f403957          	vmv1r.v	v18,v20
   9de80:	f7556957          	vwmacc.vx	v18,a0,v21
   9de84:	11858493          	addi	s1,a1,280
   9de88:	02048a87          	vle8.v	v21,(s1)
   9de8c:	27e7bfd7          	vand.vi	v31,v30,15
   9de90:	6505                	lui	a0,0x1
   9de92:	950a                	add	a0,a0,sp
   9de94:	85853483          	ld	s1,-1960(a0) # 858 <$d.227+0x4be>
   9de98:	f7f4e657          	vwmacc.vx	v12,s1,v31
   9de9c:	a3e23f57          	vsrl.vi	v30,v30,4
   9dea0:	6505                	lui	a0,0x1
   9dea2:	950a                	add	a0,a0,sp
   9dea4:	84853503          	ld	a0,-1976(a0) # 848 <$d.227+0x4ae>
   9dea8:	f7e568d7          	vwmacc.vx	v17,a0,v30
   9deac:	2757bf57          	vand.vi	v30,v21,15
   9deb0:	f7e4e9d7          	vwmacc.vx	v19,s1,v30
   9deb4:	a3523ad7          	vsrl.vi	v21,v21,4
   9deb8:	12058493          	addi	s1,a1,288
   9debc:	02048f07          	vle8.v	v30,(s1)
   9dec0:	f7556957          	vwmacc.vx	v18,a0,v21
   9dec4:	12858493          	addi	s1,a1,296
   9dec8:	02048a87          	vle8.v	v21,(s1)
   9decc:	27e7bfd7          	vand.vi	v31,v30,15
   9ded0:	6505                	lui	a0,0x1
   9ded2:	950a                	add	a0,a0,sp
   9ded4:	83853483          	ld	s1,-1992(a0) # 838 <$d.227+0x49e>
   9ded8:	f7f4e657          	vwmacc.vx	v12,s1,v31
   9dedc:	a3e23f57          	vsrl.vi	v30,v30,4
   9dee0:	6505                	lui	a0,0x1
   9dee2:	950a                	add	a0,a0,sp
   9dee4:	83053503          	ld	a0,-2000(a0) # 830 <$d.227+0x496>
   9dee8:	f7e568d7          	vwmacc.vx	v17,a0,v30
   9deec:	2757bf57          	vand.vi	v30,v21,15
   9def0:	f7e4e9d7          	vwmacc.vx	v19,s1,v30
   9def4:	a3523ad7          	vsrl.vi	v21,v21,4
   9def8:	13058493          	addi	s1,a1,304
   9defc:	02048f07          	vle8.v	v30,(s1)
   9df00:	f7556957          	vwmacc.vx	v18,a0,v21
   9df04:	13858493          	addi	s1,a1,312
   9df08:	02048a87          	vle8.v	v21,(s1)
   9df0c:	27e7bfd7          	vand.vi	v31,v30,15
   9df10:	6505                	lui	a0,0x1
   9df12:	950a                	add	a0,a0,sp
   9df14:	82853483          	ld	s1,-2008(a0) # 828 <$d.227+0x48e>
   9df18:	f7f4e657          	vwmacc.vx	v12,s1,v31
   9df1c:	a3e23f57          	vsrl.vi	v30,v30,4
   9df20:	6505                	lui	a0,0x1
   9df22:	950a                	add	a0,a0,sp
   9df24:	82053503          	ld	a0,-2016(a0) # 820 <$d.227+0x486>
   9df28:	f7e568d7          	vwmacc.vx	v17,a0,v30
   9df2c:	2757bf57          	vand.vi	v30,v21,15
   9df30:	f7e4e9d7          	vwmacc.vx	v19,s1,v30
   9df34:	a3523ad7          	vsrl.vi	v21,v21,4
   9df38:	14058493          	addi	s1,a1,320
   9df3c:	02048f07          	vle8.v	v30,(s1)
   9df40:	f7556957          	vwmacc.vx	v18,a0,v21
   9df44:	14858493          	addi	s1,a1,328
   9df48:	02048a87          	vle8.v	v21,(s1)
   9df4c:	27e7bfd7          	vand.vi	v31,v30,15
   9df50:	6505                	lui	a0,0x1
   9df52:	950a                	add	a0,a0,sp
   9df54:	81853483          	ld	s1,-2024(a0) # 818 <$d.227+0x47e>
   9df58:	f7f4e657          	vwmacc.vx	v12,s1,v31
   9df5c:	a3e23f57          	vsrl.vi	v30,v30,4
   9df60:	6505                	lui	a0,0x1
   9df62:	950a                	add	a0,a0,sp
   9df64:	81053503          	ld	a0,-2032(a0) # 810 <$d.227+0x476>
   9df68:	f7e568d7          	vwmacc.vx	v17,a0,v30
   9df6c:	2757bf57          	vand.vi	v30,v21,15
   9df70:	f7e4e9d7          	vwmacc.vx	v19,s1,v30
   9df74:	a3523ad7          	vsrl.vi	v21,v21,4
   9df78:	15058493          	addi	s1,a1,336
   9df7c:	02048f07          	vle8.v	v30,(s1)
   9df80:	f7556957          	vwmacc.vx	v18,a0,v21
   9df84:	15858493          	addi	s1,a1,344
   9df88:	02048a87          	vle8.v	v21,(s1)
   9df8c:	27e7bfd7          	vand.vi	v31,v30,15
   9df90:	6505                	lui	a0,0x1
   9df92:	950a                	add	a0,a0,sp
   9df94:	80853483          	ld	s1,-2040(a0) # 808 <$d.227+0x46e>
   9df98:	f7f4e657          	vwmacc.vx	v12,s1,v31
   9df9c:	a3e23f57          	vsrl.vi	v30,v30,4
   9dfa0:	6505                	lui	a0,0x1
   9dfa2:	950a                	add	a0,a0,sp
   9dfa4:	80053503          	ld	a0,-2048(a0) # 800 <$d.227+0x466>
   9dfa8:	f7e568d7          	vwmacc.vx	v17,a0,v30
   9dfac:	2757bf57          	vand.vi	v30,v21,15
   9dfb0:	f7e4e9d7          	vwmacc.vx	v19,s1,v30
   9dfb4:	a3523ad7          	vsrl.vi	v21,v21,4
   9dfb8:	16058493          	addi	s1,a1,352
   9dfbc:	02048f07          	vle8.v	v30,(s1)
   9dfc0:	f7556957          	vwmacc.vx	v18,a0,v21
   9dfc4:	16858493          	addi	s1,a1,360
   9dfc8:	02048a87          	vle8.v	v21,(s1)
   9dfcc:	27e7bfd7          	vand.vi	v31,v30,15
   9dfd0:	7f813483          	ld	s1,2040(sp)
   9dfd4:	f7f4e657          	vwmacc.vx	v12,s1,v31
   9dfd8:	a3e23f57          	vsrl.vi	v30,v30,4
   9dfdc:	7f013503          	ld	a0,2032(sp)
   9dfe0:	f7e568d7          	vwmacc.vx	v17,a0,v30
   9dfe4:	2757bf57          	vand.vi	v30,v21,15
   9dfe8:	f7e4e9d7          	vwmacc.vx	v19,s1,v30
   9dfec:	a3523ad7          	vsrl.vi	v21,v21,4
   9dff0:	17058493          	addi	s1,a1,368
   9dff4:	02048f07          	vle8.v	v30,(s1)
   9dff8:	f7556957          	vwmacc.vx	v18,a0,v21
   9dffc:	17858493          	addi	s1,a1,376
   9e000:	02048a87          	vle8.v	v21,(s1)
   9e004:	27e7bfd7          	vand.vi	v31,v30,15
   9e008:	7e813483          	ld	s1,2024(sp)
   9e00c:	f7f4e657          	vwmacc.vx	v12,s1,v31
   9e010:	a3e23f57          	vsrl.vi	v30,v30,4
   9e014:	7e013503          	ld	a0,2016(sp)
   9e018:	f7e568d7          	vwmacc.vx	v17,a0,v30
   9e01c:	2757bf57          	vand.vi	v30,v21,15
   9e020:	f7e4e9d7          	vwmacc.vx	v19,s1,v30
   9e024:	a3523ad7          	vsrl.vi	v21,v21,4
   9e028:	18058493          	addi	s1,a1,384
   9e02c:	02048f07          	vle8.v	v30,(s1)
   9e030:	f7556957          	vwmacc.vx	v18,a0,v21
   9e034:	18858493          	addi	s1,a1,392
   9e038:	02048a87          	vle8.v	v21,(s1)
   9e03c:	27e7bfd7          	vand.vi	v31,v30,15
   9e040:	7d813483          	ld	s1,2008(sp)
   9e044:	f7f4e657          	vwmacc.vx	v12,s1,v31
   9e048:	a3e23f57          	vsrl.vi	v30,v30,4
   9e04c:	7d013503          	ld	a0,2000(sp)
   9e050:	f7e568d7          	vwmacc.vx	v17,a0,v30
   9e054:	2757bf57          	vand.vi	v30,v21,15
   9e058:	f7e4e9d7          	vwmacc.vx	v19,s1,v30
   9e05c:	a3523ad7          	vsrl.vi	v21,v21,4
   9e060:	19058493          	addi	s1,a1,400
   9e064:	02048f07          	vle8.v	v30,(s1)
   9e068:	f7556957          	vwmacc.vx	v18,a0,v21
   9e06c:	19858493          	addi	s1,a1,408
   9e070:	02048a87          	vle8.v	v21,(s1)
   9e074:	27e7bfd7          	vand.vi	v31,v30,15
   9e078:	7c813483          	ld	s1,1992(sp)
   9e07c:	f7f4e657          	vwmacc.vx	v12,s1,v31
   9e080:	a3e23f57          	vsrl.vi	v30,v30,4
   9e084:	7c013503          	ld	a0,1984(sp)
   9e088:	f7e568d7          	vwmacc.vx	v17,a0,v30
   9e08c:	2757bf57          	vand.vi	v30,v21,15
   9e090:	f7e4e9d7          	vwmacc.vx	v19,s1,v30
   9e094:	a3523ad7          	vsrl.vi	v21,v21,4
   9e098:	1a058493          	addi	s1,a1,416
   9e09c:	02048f07          	vle8.v	v30,(s1)
   9e0a0:	f7556957          	vwmacc.vx	v18,a0,v21
   9e0a4:	1a858493          	addi	s1,a1,424
   9e0a8:	02048a87          	vle8.v	v21,(s1)
   9e0ac:	27e7bfd7          	vand.vi	v31,v30,15
   9e0b0:	7b813483          	ld	s1,1976(sp)
   9e0b4:	f7f4e657          	vwmacc.vx	v12,s1,v31
   9e0b8:	a3e23f57          	vsrl.vi	v30,v30,4
   9e0bc:	7b013503          	ld	a0,1968(sp)
   9e0c0:	f7e568d7          	vwmacc.vx	v17,a0,v30
   9e0c4:	2757bf57          	vand.vi	v30,v21,15
   9e0c8:	f7e4e9d7          	vwmacc.vx	v19,s1,v30
   9e0cc:	a3523ad7          	vsrl.vi	v21,v21,4
   9e0d0:	1b058493          	addi	s1,a1,432
   9e0d4:	02048f07          	vle8.v	v30,(s1)
   9e0d8:	f7556957          	vwmacc.vx	v18,a0,v21
   9e0dc:	1b858493          	addi	s1,a1,440
   9e0e0:	02048a87          	vle8.v	v21,(s1)
   9e0e4:	27e7bfd7          	vand.vi	v31,v30,15
   9e0e8:	7a813483          	ld	s1,1960(sp)
   9e0ec:	f7f4e657          	vwmacc.vx	v12,s1,v31
   9e0f0:	a3e23f57          	vsrl.vi	v30,v30,4
   9e0f4:	79813503          	ld	a0,1944(sp)
   9e0f8:	f7e568d7          	vwmacc.vx	v17,a0,v30
   9e0fc:	2757bf57          	vand.vi	v30,v21,15
   9e100:	f7e4e9d7          	vwmacc.vx	v19,s1,v30
   9e104:	a3523ad7          	vsrl.vi	v21,v21,4
   9e108:	1c058493          	addi	s1,a1,448
   9e10c:	02048f07          	vle8.v	v30,(s1)
   9e110:	f7556957          	vwmacc.vx	v18,a0,v21
   9e114:	1c858493          	addi	s1,a1,456
   9e118:	02048a87          	vle8.v	v21,(s1)
   9e11c:	27e7bfd7          	vand.vi	v31,v30,15
   9e120:	79013483          	ld	s1,1936(sp)
   9e124:	f7f4e657          	vwmacc.vx	v12,s1,v31
   9e128:	a3e23f57          	vsrl.vi	v30,v30,4
   9e12c:	78813503          	ld	a0,1928(sp)
   9e130:	f7e568d7          	vwmacc.vx	v17,a0,v30
   9e134:	2757bf57          	vand.vi	v30,v21,15
   9e138:	f7e4e9d7          	vwmacc.vx	v19,s1,v30
   9e13c:	a3523ad7          	vsrl.vi	v21,v21,4
   9e140:	1d058493          	addi	s1,a1,464
   9e144:	02048f07          	vle8.v	v30,(s1)
   9e148:	f7556957          	vwmacc.vx	v18,a0,v21
   9e14c:	1d858493          	addi	s1,a1,472
   9e150:	02048a87          	vle8.v	v21,(s1)
   9e154:	27e7bfd7          	vand.vi	v31,v30,15
   9e158:	78013483          	ld	s1,1920(sp)
   9e15c:	f7f4e657          	vwmacc.vx	v12,s1,v31
   9e160:	a3e23f57          	vsrl.vi	v30,v30,4
   9e164:	77813503          	ld	a0,1912(sp)
   9e168:	f7e568d7          	vwmacc.vx	v17,a0,v30
   9e16c:	2757bf57          	vand.vi	v30,v21,15
   9e170:	f7e4e9d7          	vwmacc.vx	v19,s1,v30
   9e174:	a3523ad7          	vsrl.vi	v21,v21,4
   9e178:	1e058493          	addi	s1,a1,480
   9e17c:	02048f07          	vle8.v	v30,(s1)
   9e180:	f7556957          	vwmacc.vx	v18,a0,v21
   9e184:	1e858493          	addi	s1,a1,488
   9e188:	02048a87          	vle8.v	v21,(s1)
   9e18c:	27e7bfd7          	vand.vi	v31,v30,15
   9e190:	77013483          	ld	s1,1904(sp)
   9e194:	f7f4e657          	vwmacc.vx	v12,s1,v31
   9e198:	a3e23f57          	vsrl.vi	v30,v30,4
   9e19c:	76813503          	ld	a0,1896(sp)
   9e1a0:	f7e568d7          	vwmacc.vx	v17,a0,v30
   9e1a4:	2757bf57          	vand.vi	v30,v21,15
   9e1a8:	f7e4e9d7          	vwmacc.vx	v19,s1,v30
   9e1ac:	a3523ad7          	vsrl.vi	v21,v21,4
   9e1b0:	1f058493          	addi	s1,a1,496
   9e1b4:	02048f07          	vle8.v	v30,(s1)
   9e1b8:	1f858493          	addi	s1,a1,504
   9e1bc:	02048f87          	vle8.v	v31,(s1)
   9e1c0:	f7556957          	vwmacc.vx	v18,a0,v21
   9e1c4:	27e7bad7          	vand.vi	v21,v30,15
   9e1c8:	76013503          	ld	a0,1888(sp)
   9e1cc:	f7556657          	vwmacc.vx	v12,a0,v21
   9e1d0:	27f7bad7          	vand.vi	v21,v31,15
   9e1d4:	f75569d7          	vwmacc.vx	v19,a0,v21
   9e1d8:	a3e23ad7          	vsrl.vi	v21,v30,4
   9e1dc:	7a013503          	ld	a0,1952(sp)
   9e1e0:	f75568d7          	vwmacc.vx	v17,a0,v21
   9e1e4:	a3f23ad7          	vsrl.vi	v21,v31,4
   9e1e8:	f7556957          	vwmacc.vx	v18,a0,v21
   9e1ec:	0c807057          	vsetvli	zero,zero,e16,m1,ta,ma
   9e1f0:	c2202573          	csrr	a0,vlenb
   9e1f4:	44b9                	li	s1,14
   9e1f6:	02950533          	mul	a0,a0,s1
   9e1fa:	950a                	add	a0,a0,sp
   9e1fc:	7ff50513          	addi	a0,a0,2047
   9e200:	11150513          	addi	a0,a0,273
   9e204:	22850007          	vl2r.v	v0,(a0)
   9e208:	f6cca057          	vwmacc.vv	v0,v25,v12
   9e20c:	f7172057          	vwmacc.vv	v0,v14,v17
   9e210:	c2202573          	csrr	a0,vlenb
   9e214:	44b9                	li	s1,14
   9e216:	02950533          	mul	a0,a0,s1
   9e21a:	950a                	add	a0,a0,sp
   9e21c:	7ff50513          	addi	a0,a0,2047
   9e220:	11150513          	addi	a0,a0,273
   9e224:	22850f07          	vl2r.v	v30,(a0)
   9e228:	f737af57          	vwmacc.vv	v30,v15,v19
   9e22c:	f7282f57          	vwmacc.vv	v30,v16,v18
   9e230:	20058493          	addi	s1,a1,512
   9e234:	02048887          	vle8.v	v17,(s1)
   9e238:	0c707057          	vsetvli	zero,zero,e8,mf2,ta,ma
   9e23c:	20858493          	addi	s1,a1,520
   9e240:	02048907          	vle8.v	v18,(s1)
   9e244:	2717b9d7          	vand.vi	v19,v17,15
   9e248:	9f403657          	vmv1r.v	v12,v20
   9e24c:	74013483          	ld	s1,1856(sp)
   9e250:	f734e657          	vwmacc.vx	v12,s1,v19
   9e254:	a31239d7          	vsrl.vi	v19,v17,4
   9e258:	9f4038d7          	vmv1r.v	v17,v20
   9e25c:	75013503          	ld	a0,1872(sp)
   9e260:	f73568d7          	vwmacc.vx	v17,a0,v19
   9e264:	2727bad7          	vand.vi	v21,v18,15
   9e268:	9f4039d7          	vmv1r.v	v19,v20
   9e26c:	f754e9d7          	vwmacc.vx	v19,s1,v21
   9e270:	a3223ad7          	vsrl.vi	v21,v18,4
   9e274:	21058493          	addi	s1,a1,528
   9e278:	02048407          	vle8.v	v8,(s1)
   9e27c:	9f403957          	vmv1r.v	v18,v20
   9e280:	f7556957          	vwmacc.vx	v18,a0,v21
   9e284:	21858493          	addi	s1,a1,536
   9e288:	02048a87          	vle8.v	v21,(s1)
   9e28c:	2687bbd7          	vand.vi	v23,v8,15
   9e290:	75813483          	ld	s1,1880(sp)
   9e294:	f774e657          	vwmacc.vx	v12,s1,v23
   9e298:	a2823457          	vsrl.vi	v8,v8,4
   9e29c:	74813503          	ld	a0,1864(sp)
   9e2a0:	f68568d7          	vwmacc.vx	v17,a0,v8
   9e2a4:	2757b457          	vand.vi	v8,v21,15
   9e2a8:	f684e9d7          	vwmacc.vx	v19,s1,v8
   9e2ac:	a3523457          	vsrl.vi	v8,v21,4
   9e2b0:	22058493          	addi	s1,a1,544
   9e2b4:	02048a87          	vle8.v	v21,(s1)
   9e2b8:	f6856957          	vwmacc.vx	v18,a0,v8
   9e2bc:	22858493          	addi	s1,a1,552
   9e2c0:	02048407          	vle8.v	v8,(s1)
   9e2c4:	2757bbd7          	vand.vi	v23,v21,15
   9e2c8:	73813483          	ld	s1,1848(sp)
   9e2cc:	f774e657          	vwmacc.vx	v12,s1,v23
   9e2d0:	a3523ad7          	vsrl.vi	v21,v21,4
   9e2d4:	73013503          	ld	a0,1840(sp)
   9e2d8:	f75568d7          	vwmacc.vx	v17,a0,v21
   9e2dc:	2687bad7          	vand.vi	v21,v8,15
   9e2e0:	f754e9d7          	vwmacc.vx	v19,s1,v21
   9e2e4:	a2823457          	vsrl.vi	v8,v8,4
   9e2e8:	23058493          	addi	s1,a1,560
   9e2ec:	02048a87          	vle8.v	v21,(s1)
   9e2f0:	f6856957          	vwmacc.vx	v18,a0,v8
   9e2f4:	23858493          	addi	s1,a1,568
   9e2f8:	02048407          	vle8.v	v8,(s1)
   9e2fc:	2757bbd7          	vand.vi	v23,v21,15
   9e300:	72813483          	ld	s1,1832(sp)
   9e304:	f774e657          	vwmacc.vx	v12,s1,v23
   9e308:	a3523ad7          	vsrl.vi	v21,v21,4
   9e30c:	72013503          	ld	a0,1824(sp)
   9e310:	f75568d7          	vwmacc.vx	v17,a0,v21
   9e314:	2687bad7          	vand.vi	v21,v8,15
   9e318:	f754e9d7          	vwmacc.vx	v19,s1,v21
   9e31c:	a2823457          	vsrl.vi	v8,v8,4
   9e320:	24058493          	addi	s1,a1,576
   9e324:	02048a87          	vle8.v	v21,(s1)
   9e328:	f6856957          	vwmacc.vx	v18,a0,v8
   9e32c:	24858493          	addi	s1,a1,584
   9e330:	02048407          	vle8.v	v8,(s1)
   9e334:	2757bbd7          	vand.vi	v23,v21,15
   9e338:	71813483          	ld	s1,1816(sp)
   9e33c:	f774e657          	vwmacc.vx	v12,s1,v23
   9e340:	a3523ad7          	vsrl.vi	v21,v21,4
   9e344:	71013503          	ld	a0,1808(sp)
   9e348:	f75568d7          	vwmacc.vx	v17,a0,v21
   9e34c:	2687bad7          	vand.vi	v21,v8,15
   9e350:	f754e9d7          	vwmacc.vx	v19,s1,v21
   9e354:	a2823457          	vsrl.vi	v8,v8,4
   9e358:	25058493          	addi	s1,a1,592
   9e35c:	02048a87          	vle8.v	v21,(s1)
   9e360:	f6856957          	vwmacc.vx	v18,a0,v8
   9e364:	25858493          	addi	s1,a1,600
   9e368:	02048407          	vle8.v	v8,(s1)
   9e36c:	2757bbd7          	vand.vi	v23,v21,15
   9e370:	70813483          	ld	s1,1800(sp)
   9e374:	f774e657          	vwmacc.vx	v12,s1,v23
   9e378:	a3523ad7          	vsrl.vi	v21,v21,4
   9e37c:	70013503          	ld	a0,1792(sp)
   9e380:	f75568d7          	vwmacc.vx	v17,a0,v21
   9e384:	2687bad7          	vand.vi	v21,v8,15
   9e388:	f754e9d7          	vwmacc.vx	v19,s1,v21
   9e38c:	a2823457          	vsrl.vi	v8,v8,4
   9e390:	26058493          	addi	s1,a1,608
   9e394:	02048a87          	vle8.v	v21,(s1)
   9e398:	f6856957          	vwmacc.vx	v18,a0,v8
   9e39c:	26858493          	addi	s1,a1,616
   9e3a0:	02048407          	vle8.v	v8,(s1)
   9e3a4:	2757bbd7          	vand.vi	v23,v21,15
   9e3a8:	6f813483          	ld	s1,1784(sp)
   9e3ac:	f774e657          	vwmacc.vx	v12,s1,v23
   9e3b0:	a3523ad7          	vsrl.vi	v21,v21,4
   9e3b4:	6f013503          	ld	a0,1776(sp)
   9e3b8:	f75568d7          	vwmacc.vx	v17,a0,v21
   9e3bc:	2687bad7          	vand.vi	v21,v8,15
   9e3c0:	f754e9d7          	vwmacc.vx	v19,s1,v21
   9e3c4:	a2823457          	vsrl.vi	v8,v8,4
   9e3c8:	27058493          	addi	s1,a1,624
   9e3cc:	02048a87          	vle8.v	v21,(s1)
   9e3d0:	f6856957          	vwmacc.vx	v18,a0,v8
   9e3d4:	27858493          	addi	s1,a1,632
   9e3d8:	02048407          	vle8.v	v8,(s1)
   9e3dc:	2757bbd7          	vand.vi	v23,v21,15
   9e3e0:	6e813483          	ld	s1,1768(sp)
   9e3e4:	f774e657          	vwmacc.vx	v12,s1,v23
   9e3e8:	a3523ad7          	vsrl.vi	v21,v21,4
   9e3ec:	6e013503          	ld	a0,1760(sp)
   9e3f0:	f75568d7          	vwmacc.vx	v17,a0,v21
   9e3f4:	2687bad7          	vand.vi	v21,v8,15
   9e3f8:	f754e9d7          	vwmacc.vx	v19,s1,v21
   9e3fc:	a2823457          	vsrl.vi	v8,v8,4
   9e400:	28058493          	addi	s1,a1,640
   9e404:	02048a87          	vle8.v	v21,(s1)
   9e408:	f6856957          	vwmacc.vx	v18,a0,v8
   9e40c:	28858493          	addi	s1,a1,648
   9e410:	02048407          	vle8.v	v8,(s1)
   9e414:	2757bbd7          	vand.vi	v23,v21,15
   9e418:	6d813483          	ld	s1,1752(sp)
   9e41c:	f774e657          	vwmacc.vx	v12,s1,v23
   9e420:	a3523ad7          	vsrl.vi	v21,v21,4
   9e424:	6d013503          	ld	a0,1744(sp)
   9e428:	f75568d7          	vwmacc.vx	v17,a0,v21
   9e42c:	2687bad7          	vand.vi	v21,v8,15
   9e430:	f754e9d7          	vwmacc.vx	v19,s1,v21
   9e434:	a2823457          	vsrl.vi	v8,v8,4
   9e438:	29058493          	addi	s1,a1,656
   9e43c:	02048a87          	vle8.v	v21,(s1)
   9e440:	f6856957          	vwmacc.vx	v18,a0,v8
   9e444:	29858493          	addi	s1,a1,664
   9e448:	02048407          	vle8.v	v8,(s1)
   9e44c:	2757bbd7          	vand.vi	v23,v21,15
   9e450:	6c813483          	ld	s1,1736(sp)
   9e454:	f774e657          	vwmacc.vx	v12,s1,v23
   9e458:	a3523ad7          	vsrl.vi	v21,v21,4
   9e45c:	6c013503          	ld	a0,1728(sp)
   9e460:	f75568d7          	vwmacc.vx	v17,a0,v21
   9e464:	2687bad7          	vand.vi	v21,v8,15
   9e468:	f754e9d7          	vwmacc.vx	v19,s1,v21
   9e46c:	a2823457          	vsrl.vi	v8,v8,4
   9e470:	2a058493          	addi	s1,a1,672
   9e474:	02048a87          	vle8.v	v21,(s1)
   9e478:	f6856957          	vwmacc.vx	v18,a0,v8
   9e47c:	2a858493          	addi	s1,a1,680
   9e480:	02048407          	vle8.v	v8,(s1)
   9e484:	2757bbd7          	vand.vi	v23,v21,15
   9e488:	6b813483          	ld	s1,1720(sp)
   9e48c:	f774e657          	vwmacc.vx	v12,s1,v23
   9e490:	a3523ad7          	vsrl.vi	v21,v21,4
   9e494:	6b013503          	ld	a0,1712(sp)
   9e498:	f75568d7          	vwmacc.vx	v17,a0,v21
   9e49c:	2687bad7          	vand.vi	v21,v8,15
   9e4a0:	f754e9d7          	vwmacc.vx	v19,s1,v21
   9e4a4:	a2823457          	vsrl.vi	v8,v8,4
   9e4a8:	2b058493          	addi	s1,a1,688
   9e4ac:	02048a87          	vle8.v	v21,(s1)
   9e4b0:	f6856957          	vwmacc.vx	v18,a0,v8
   9e4b4:	2b858493          	addi	s1,a1,696
   9e4b8:	02048407          	vle8.v	v8,(s1)
   9e4bc:	2757bbd7          	vand.vi	v23,v21,15
   9e4c0:	6a813483          	ld	s1,1704(sp)
   9e4c4:	f774e657          	vwmacc.vx	v12,s1,v23
   9e4c8:	a3523ad7          	vsrl.vi	v21,v21,4
   9e4cc:	6a013503          	ld	a0,1696(sp)
   9e4d0:	f75568d7          	vwmacc.vx	v17,a0,v21
   9e4d4:	2687bad7          	vand.vi	v21,v8,15
   9e4d8:	f754e9d7          	vwmacc.vx	v19,s1,v21
   9e4dc:	a2823457          	vsrl.vi	v8,v8,4
   9e4e0:	2c058493          	addi	s1,a1,704
   9e4e4:	02048a87          	vle8.v	v21,(s1)
   9e4e8:	f6856957          	vwmacc.vx	v18,a0,v8
   9e4ec:	2c858493          	addi	s1,a1,712
   9e4f0:	02048407          	vle8.v	v8,(s1)
   9e4f4:	2757bbd7          	vand.vi	v23,v21,15
   9e4f8:	69813483          	ld	s1,1688(sp)
   9e4fc:	f774e657          	vwmacc.vx	v12,s1,v23
   9e500:	a3523ad7          	vsrl.vi	v21,v21,4
   9e504:	69013503          	ld	a0,1680(sp)
   9e508:	f75568d7          	vwmacc.vx	v17,a0,v21
   9e50c:	2687bad7          	vand.vi	v21,v8,15
   9e510:	f754e9d7          	vwmacc.vx	v19,s1,v21
   9e514:	a2823457          	vsrl.vi	v8,v8,4
   9e518:	2d058493          	addi	s1,a1,720
   9e51c:	02048a87          	vle8.v	v21,(s1)
   9e520:	f6856957          	vwmacc.vx	v18,a0,v8
   9e524:	2d858493          	addi	s1,a1,728
   9e528:	02048407          	vle8.v	v8,(s1)
   9e52c:	2757bbd7          	vand.vi	v23,v21,15
   9e530:	68813483          	ld	s1,1672(sp)
   9e534:	f774e657          	vwmacc.vx	v12,s1,v23
   9e538:	a3523ad7          	vsrl.vi	v21,v21,4
   9e53c:	68013503          	ld	a0,1664(sp)
   9e540:	f75568d7          	vwmacc.vx	v17,a0,v21
   9e544:	2687bad7          	vand.vi	v21,v8,15
   9e548:	f754e9d7          	vwmacc.vx	v19,s1,v21
   9e54c:	a2823457          	vsrl.vi	v8,v8,4
   9e550:	2e058493          	addi	s1,a1,736
   9e554:	02048a87          	vle8.v	v21,(s1)
   9e558:	f6856957          	vwmacc.vx	v18,a0,v8
   9e55c:	2e858493          	addi	s1,a1,744
   9e560:	02048407          	vle8.v	v8,(s1)
   9e564:	2757bbd7          	vand.vi	v23,v21,15
   9e568:	67813483          	ld	s1,1656(sp)
   9e56c:	f774e657          	vwmacc.vx	v12,s1,v23
   9e570:	a3523ad7          	vsrl.vi	v21,v21,4
   9e574:	67013503          	ld	a0,1648(sp)
   9e578:	f75568d7          	vwmacc.vx	v17,a0,v21
   9e57c:	2687bad7          	vand.vi	v21,v8,15
   9e580:	f754e9d7          	vwmacc.vx	v19,s1,v21
   9e584:	a2823457          	vsrl.vi	v8,v8,4
   9e588:	2f058493          	addi	s1,a1,752
   9e58c:	02048a87          	vle8.v	v21,(s1)
   9e590:	f6856957          	vwmacc.vx	v18,a0,v8
   9e594:	2f858493          	addi	s1,a1,760
   9e598:	02048407          	vle8.v	v8,(s1)
   9e59c:	2757bbd7          	vand.vi	v23,v21,15
   9e5a0:	66813483          	ld	s1,1640(sp)
   9e5a4:	f774e657          	vwmacc.vx	v12,s1,v23
   9e5a8:	a3523ad7          	vsrl.vi	v21,v21,4
   9e5ac:	66013503          	ld	a0,1632(sp)
   9e5b0:	f75568d7          	vwmacc.vx	v17,a0,v21
   9e5b4:	2687bad7          	vand.vi	v21,v8,15
   9e5b8:	f754e9d7          	vwmacc.vx	v19,s1,v21
   9e5bc:	a2823457          	vsrl.vi	v8,v8,4
   9e5c0:	f6856957          	vwmacc.vx	v18,a0,v8
   9e5c4:	0c807057          	vsetvli	zero,zero,e16,m1,ta,ma
   9e5c8:	f6cca057          	vwmacc.vv	v0,v25,v12
   9e5cc:	f7172057          	vwmacc.vv	v0,v14,v17
   9e5d0:	f737af57          	vwmacc.vv	v30,v15,v19
   9e5d4:	f7282f57          	vwmacc.vv	v30,v16,v18
   9e5d8:	30058493          	addi	s1,a1,768
   9e5dc:	02048407          	vle8.v	v8,(s1)
   9e5e0:	0c707057          	vsetvli	zero,zero,e8,mf2,ta,ma
   9e5e4:	30858493          	addi	s1,a1,776
   9e5e8:	02048807          	vle8.v	v16,(s1)
   9e5ec:	2687b757          	vand.vi	v14,v8,15
   9e5f0:	9f403657          	vmv1r.v	v12,v20
   9e5f4:	64013483          	ld	s1,1600(sp)
   9e5f8:	f6e4e657          	vwmacc.vx	v12,s1,v14
   9e5fc:	a2823457          	vsrl.vi	v8,v8,4
   9e600:	9f403757          	vmv1r.v	v14,v20
   9e604:	65013503          	ld	a0,1616(sp)
   9e608:	f6856757          	vwmacc.vx	v14,a0,v8
   9e60c:	2707b457          	vand.vi	v8,v16,15
   9e610:	9f4037d7          	vmv1r.v	v15,v20
   9e614:	f684e7d7          	vwmacc.vx	v15,s1,v8
   9e618:	a3023457          	vsrl.vi	v8,v16,4
   9e61c:	31058493          	addi	s1,a1,784
   9e620:	02048887          	vle8.v	v17,(s1)
   9e624:	9f403857          	vmv1r.v	v16,v20
   9e628:	f6856857          	vwmacc.vx	v16,a0,v8
   9e62c:	31858493          	addi	s1,a1,792
   9e630:	02048407          	vle8.v	v8,(s1)
   9e634:	2717b957          	vand.vi	v18,v17,15
   9e638:	65813483          	ld	s1,1624(sp)
   9e63c:	f724e657          	vwmacc.vx	v12,s1,v18
   9e640:	a31238d7          	vsrl.vi	v17,v17,4
   9e644:	64813503          	ld	a0,1608(sp)
   9e648:	f7156757          	vwmacc.vx	v14,a0,v17
   9e64c:	2687b8d7          	vand.vi	v17,v8,15
   9e650:	f714e7d7          	vwmacc.vx	v15,s1,v17
   9e654:	a2823457          	vsrl.vi	v8,v8,4
   9e658:	32058493          	addi	s1,a1,800
   9e65c:	02048887          	vle8.v	v17,(s1)
   9e660:	f6856857          	vwmacc.vx	v16,a0,v8
   9e664:	32858493          	addi	s1,a1,808
   9e668:	02048407          	vle8.v	v8,(s1)
   9e66c:	2717b957          	vand.vi	v18,v17,15
   9e670:	63813483          	ld	s1,1592(sp)
   9e674:	f724e657          	vwmacc.vx	v12,s1,v18
   9e678:	a31238d7          	vsrl.vi	v17,v17,4
   9e67c:	63013503          	ld	a0,1584(sp)
   9e680:	f7156757          	vwmacc.vx	v14,a0,v17
   9e684:	2687b8d7          	vand.vi	v17,v8,15
   9e688:	f714e7d7          	vwmacc.vx	v15,s1,v17
   9e68c:	a2823457          	vsrl.vi	v8,v8,4
   9e690:	33058493          	addi	s1,a1,816
   9e694:	02048887          	vle8.v	v17,(s1)
   9e698:	f6856857          	vwmacc.vx	v16,a0,v8
   9e69c:	33858493          	addi	s1,a1,824
   9e6a0:	02048407          	vle8.v	v8,(s1)
   9e6a4:	2717b957          	vand.vi	v18,v17,15
   9e6a8:	62813483          	ld	s1,1576(sp)
   9e6ac:	f724e657          	vwmacc.vx	v12,s1,v18
   9e6b0:	a31238d7          	vsrl.vi	v17,v17,4
   9e6b4:	62013503          	ld	a0,1568(sp)
   9e6b8:	f7156757          	vwmacc.vx	v14,a0,v17
   9e6bc:	2687b8d7          	vand.vi	v17,v8,15
   9e6c0:	f714e7d7          	vwmacc.vx	v15,s1,v17
   9e6c4:	a2823457          	vsrl.vi	v8,v8,4
   9e6c8:	34058493          	addi	s1,a1,832
   9e6cc:	02048887          	vle8.v	v17,(s1)
   9e6d0:	f6856857          	vwmacc.vx	v16,a0,v8
   9e6d4:	34858493          	addi	s1,a1,840
   9e6d8:	02048407          	vle8.v	v8,(s1)
   9e6dc:	2717b957          	vand.vi	v18,v17,15
   9e6e0:	61813483          	ld	s1,1560(sp)
   9e6e4:	f724e657          	vwmacc.vx	v12,s1,v18
   9e6e8:	a31238d7          	vsrl.vi	v17,v17,4
   9e6ec:	61013503          	ld	a0,1552(sp)
   9e6f0:	f7156757          	vwmacc.vx	v14,a0,v17
   9e6f4:	2687b8d7          	vand.vi	v17,v8,15
   9e6f8:	f714e7d7          	vwmacc.vx	v15,s1,v17
   9e6fc:	a2823457          	vsrl.vi	v8,v8,4
   9e700:	35058493          	addi	s1,a1,848
   9e704:	02048887          	vle8.v	v17,(s1)
   9e708:	f6856857          	vwmacc.vx	v16,a0,v8
   9e70c:	35858493          	addi	s1,a1,856
   9e710:	02048407          	vle8.v	v8,(s1)
   9e714:	2717b957          	vand.vi	v18,v17,15
   9e718:	60813483          	ld	s1,1544(sp)
   9e71c:	f724e657          	vwmacc.vx	v12,s1,v18
   9e720:	a31238d7          	vsrl.vi	v17,v17,4
   9e724:	60013503          	ld	a0,1536(sp)
   9e728:	f7156757          	vwmacc.vx	v14,a0,v17
   9e72c:	2687b8d7          	vand.vi	v17,v8,15
   9e730:	f714e7d7          	vwmacc.vx	v15,s1,v17
   9e734:	a2823457          	vsrl.vi	v8,v8,4
   9e738:	36058493          	addi	s1,a1,864
   9e73c:	02048887          	vle8.v	v17,(s1)
   9e740:	f6856857          	vwmacc.vx	v16,a0,v8
   9e744:	36858493          	addi	s1,a1,872
   9e748:	02048407          	vle8.v	v8,(s1)
   9e74c:	2717b957          	vand.vi	v18,v17,15
   9e750:	5f813483          	ld	s1,1528(sp)
   9e754:	f724e657          	vwmacc.vx	v12,s1,v18
   9e758:	a31238d7          	vsrl.vi	v17,v17,4
   9e75c:	5f013503          	ld	a0,1520(sp)
   9e760:	f7156757          	vwmacc.vx	v14,a0,v17
   9e764:	2687b8d7          	vand.vi	v17,v8,15
   9e768:	f714e7d7          	vwmacc.vx	v15,s1,v17
   9e76c:	a2823457          	vsrl.vi	v8,v8,4
   9e770:	37058493          	addi	s1,a1,880
   9e774:	02048887          	vle8.v	v17,(s1)
   9e778:	f6856857          	vwmacc.vx	v16,a0,v8
   9e77c:	37858493          	addi	s1,a1,888
   9e780:	02048407          	vle8.v	v8,(s1)
   9e784:	2717b957          	vand.vi	v18,v17,15
   9e788:	5e813483          	ld	s1,1512(sp)
   9e78c:	f724e657          	vwmacc.vx	v12,s1,v18
   9e790:	a31238d7          	vsrl.vi	v17,v17,4
   9e794:	5e013503          	ld	a0,1504(sp)
   9e798:	f7156757          	vwmacc.vx	v14,a0,v17
   9e79c:	2687b8d7          	vand.vi	v17,v8,15
   9e7a0:	f714e7d7          	vwmacc.vx	v15,s1,v17
   9e7a4:	a2823457          	vsrl.vi	v8,v8,4
   9e7a8:	38058493          	addi	s1,a1,896
   9e7ac:	02048887          	vle8.v	v17,(s1)
   9e7b0:	f6856857          	vwmacc.vx	v16,a0,v8
   9e7b4:	38858493          	addi	s1,a1,904
   9e7b8:	02048407          	vle8.v	v8,(s1)
   9e7bc:	2717b957          	vand.vi	v18,v17,15
   9e7c0:	5d813483          	ld	s1,1496(sp)
   9e7c4:	f724e657          	vwmacc.vx	v12,s1,v18
   9e7c8:	a31238d7          	vsrl.vi	v17,v17,4
   9e7cc:	5d013503          	ld	a0,1488(sp)
   9e7d0:	f7156757          	vwmacc.vx	v14,a0,v17
   9e7d4:	2687b8d7          	vand.vi	v17,v8,15
   9e7d8:	f714e7d7          	vwmacc.vx	v15,s1,v17
   9e7dc:	a2823457          	vsrl.vi	v8,v8,4
   9e7e0:	39058493          	addi	s1,a1,912
   9e7e4:	02048887          	vle8.v	v17,(s1)
   9e7e8:	f6856857          	vwmacc.vx	v16,a0,v8
   9e7ec:	39858493          	addi	s1,a1,920
   9e7f0:	02048407          	vle8.v	v8,(s1)
   9e7f4:	2717b957          	vand.vi	v18,v17,15
   9e7f8:	5c813483          	ld	s1,1480(sp)
   9e7fc:	f724e657          	vwmacc.vx	v12,s1,v18
   9e800:	a31238d7          	vsrl.vi	v17,v17,4
   9e804:	5c013503          	ld	a0,1472(sp)
   9e808:	f7156757          	vwmacc.vx	v14,a0,v17
   9e80c:	2687b8d7          	vand.vi	v17,v8,15
   9e810:	f714e7d7          	vwmacc.vx	v15,s1,v17
   9e814:	a2823457          	vsrl.vi	v8,v8,4
   9e818:	3a058493          	addi	s1,a1,928
   9e81c:	02048887          	vle8.v	v17,(s1)
   9e820:	f6856857          	vwmacc.vx	v16,a0,v8
   9e824:	3a858493          	addi	s1,a1,936
   9e828:	02048407          	vle8.v	v8,(s1)
   9e82c:	2717b957          	vand.vi	v18,v17,15
   9e830:	5b813483          	ld	s1,1464(sp)
   9e834:	f724e657          	vwmacc.vx	v12,s1,v18
   9e838:	a31238d7          	vsrl.vi	v17,v17,4
   9e83c:	5b013503          	ld	a0,1456(sp)
   9e840:	f7156757          	vwmacc.vx	v14,a0,v17
   9e844:	2687b8d7          	vand.vi	v17,v8,15
   9e848:	f714e7d7          	vwmacc.vx	v15,s1,v17
   9e84c:	a2823457          	vsrl.vi	v8,v8,4
   9e850:	3b058493          	addi	s1,a1,944
   9e854:	02048887          	vle8.v	v17,(s1)
   9e858:	f6856857          	vwmacc.vx	v16,a0,v8
   9e85c:	3b858493          	addi	s1,a1,952
   9e860:	02048407          	vle8.v	v8,(s1)
   9e864:	2717b957          	vand.vi	v18,v17,15
   9e868:	5a813483          	ld	s1,1448(sp)
   9e86c:	f724e657          	vwmacc.vx	v12,s1,v18
   9e870:	a31238d7          	vsrl.vi	v17,v17,4
   9e874:	59813503          	ld	a0,1432(sp)
   9e878:	f7156757          	vwmacc.vx	v14,a0,v17
   9e87c:	2687b8d7          	vand.vi	v17,v8,15
   9e880:	f714e7d7          	vwmacc.vx	v15,s1,v17
   9e884:	a2823457          	vsrl.vi	v8,v8,4
   9e888:	3c058493          	addi	s1,a1,960
   9e88c:	02048887          	vle8.v	v17,(s1)
   9e890:	f6856857          	vwmacc.vx	v16,a0,v8
   9e894:	3c858493          	addi	s1,a1,968
   9e898:	02048407          	vle8.v	v8,(s1)
   9e89c:	2717b957          	vand.vi	v18,v17,15
   9e8a0:	59013483          	ld	s1,1424(sp)
   9e8a4:	f724e657          	vwmacc.vx	v12,s1,v18
   9e8a8:	a31238d7          	vsrl.vi	v17,v17,4
   9e8ac:	58813503          	ld	a0,1416(sp)
   9e8b0:	f7156757          	vwmacc.vx	v14,a0,v17
   9e8b4:	2687b8d7          	vand.vi	v17,v8,15
   9e8b8:	f714e7d7          	vwmacc.vx	v15,s1,v17
   9e8bc:	a2823457          	vsrl.vi	v8,v8,4
   9e8c0:	3d058493          	addi	s1,a1,976
   9e8c4:	02048887          	vle8.v	v17,(s1)
   9e8c8:	f6856857          	vwmacc.vx	v16,a0,v8
   9e8cc:	3d858493          	addi	s1,a1,984
   9e8d0:	02048407          	vle8.v	v8,(s1)
   9e8d4:	2717b957          	vand.vi	v18,v17,15
   9e8d8:	58013483          	ld	s1,1408(sp)
   9e8dc:	f724e657          	vwmacc.vx	v12,s1,v18
   9e8e0:	a31238d7          	vsrl.vi	v17,v17,4
   9e8e4:	57813503          	ld	a0,1400(sp)
   9e8e8:	f7156757          	vwmacc.vx	v14,a0,v17
   9e8ec:	2687b8d7          	vand.vi	v17,v8,15
   9e8f0:	f714e7d7          	vwmacc.vx	v15,s1,v17
   9e8f4:	a2823457          	vsrl.vi	v8,v8,4
   9e8f8:	3e058493          	addi	s1,a1,992
   9e8fc:	02048887          	vle8.v	v17,(s1)
   9e900:	f6856857          	vwmacc.vx	v16,a0,v8
   9e904:	3e858493          	addi	s1,a1,1000
   9e908:	02048407          	vle8.v	v8,(s1)
   9e90c:	2717b957          	vand.vi	v18,v17,15
   9e910:	57013483          	ld	s1,1392(sp)
   9e914:	f724e657          	vwmacc.vx	v12,s1,v18
   9e918:	a31238d7          	vsrl.vi	v17,v17,4
   9e91c:	56813503          	ld	a0,1384(sp)
   9e920:	f7156757          	vwmacc.vx	v14,a0,v17
   9e924:	2687b8d7          	vand.vi	v17,v8,15
   9e928:	f714e7d7          	vwmacc.vx	v15,s1,v17
   9e92c:	a2823457          	vsrl.vi	v8,v8,4
   9e930:	3f058493          	addi	s1,a1,1008
   9e934:	02048887          	vle8.v	v17,(s1)
   9e938:	3f858493          	addi	s1,a1,1016
   9e93c:	02048907          	vle8.v	v18,(s1)
   9e940:	f6856857          	vwmacc.vx	v16,a0,v8
   9e944:	2717b457          	vand.vi	v8,v17,15
   9e948:	56013503          	ld	a0,1376(sp)
   9e94c:	f6856657          	vwmacc.vx	v12,a0,v8
   9e950:	2727b457          	vand.vi	v8,v18,15
   9e954:	f68567d7          	vwmacc.vx	v15,a0,v8
   9e958:	a3123457          	vsrl.vi	v8,v17,4
   9e95c:	5a013503          	ld	a0,1440(sp)
   9e960:	f6856757          	vwmacc.vx	v14,a0,v8
   9e964:	a3223457          	vsrl.vi	v8,v18,4
   9e968:	f6856857          	vwmacc.vx	v16,a0,v8
   9e96c:	0c807057          	vsetvli	zero,zero,e16,m1,ta,ma
   9e970:	f6c3a057          	vwmacc.vv	v0,v7,v12
   9e974:	f6eb2057          	vwmacc.vv	v0,v22,v14
   9e978:	f6f4af57          	vwmacc.vv	v30,v9,v15
   9e97c:	f70c2f57          	vwmacc.vv	v30,v24,v16
   9e980:	40058493          	addi	s1,a1,1024
   9e984:	02048407          	vle8.v	v8,(s1)
   9e988:	0c707057          	vsetvli	zero,zero,e8,mf2,ta,ma
   9e98c:	40858493          	addi	s1,a1,1032
   9e990:	02048807          	vle8.v	v16,(s1)
   9e994:	2687b657          	vand.vi	v12,v8,15
   9e998:	9f403757          	vmv1r.v	v14,v20
   9e99c:	54013483          	ld	s1,1344(sp)
   9e9a0:	f6c4e757          	vwmacc.vx	v14,s1,v12
   9e9a4:	a2823457          	vsrl.vi	v8,v8,4
   9e9a8:	9f4037d7          	vmv1r.v	v15,v20
   9e9ac:	55013503          	ld	a0,1360(sp)
   9e9b0:	f68567d7          	vwmacc.vx	v15,a0,v8
   9e9b4:	2707b457          	vand.vi	v8,v16,15
   9e9b8:	9f403657          	vmv1r.v	v12,v20
   9e9bc:	f684e657          	vwmacc.vx	v12,s1,v8
   9e9c0:	a3023457          	vsrl.vi	v8,v16,4
   9e9c4:	41058493          	addi	s1,a1,1040
   9e9c8:	02048887          	vle8.v	v17,(s1)
   9e9cc:	9f403857          	vmv1r.v	v16,v20
   9e9d0:	f6856857          	vwmacc.vx	v16,a0,v8
   9e9d4:	41858493          	addi	s1,a1,1048
   9e9d8:	02048407          	vle8.v	v8,(s1)
   9e9dc:	2717b957          	vand.vi	v18,v17,15
   9e9e0:	55813483          	ld	s1,1368(sp)
   9e9e4:	f724e757          	vwmacc.vx	v14,s1,v18
   9e9e8:	a31238d7          	vsrl.vi	v17,v17,4
   9e9ec:	54813503          	ld	a0,1352(sp)
   9e9f0:	f71567d7          	vwmacc.vx	v15,a0,v17
   9e9f4:	2687b8d7          	vand.vi	v17,v8,15
   9e9f8:	f714e657          	vwmacc.vx	v12,s1,v17
   9e9fc:	a2823457          	vsrl.vi	v8,v8,4
   9ea00:	42058493          	addi	s1,a1,1056
   9ea04:	02048887          	vle8.v	v17,(s1)
   9ea08:	f6856857          	vwmacc.vx	v16,a0,v8
   9ea0c:	42858493          	addi	s1,a1,1064
   9ea10:	02048407          	vle8.v	v8,(s1)
   9ea14:	2717b957          	vand.vi	v18,v17,15
   9ea18:	53813483          	ld	s1,1336(sp)
   9ea1c:	f724e757          	vwmacc.vx	v14,s1,v18
   9ea20:	a31238d7          	vsrl.vi	v17,v17,4
   9ea24:	53013503          	ld	a0,1328(sp)
   9ea28:	f71567d7          	vwmacc.vx	v15,a0,v17
   9ea2c:	2687b8d7          	vand.vi	v17,v8,15
   9ea30:	f714e657          	vwmacc.vx	v12,s1,v17
   9ea34:	a2823457          	vsrl.vi	v8,v8,4
   9ea38:	43058493          	addi	s1,a1,1072
   9ea3c:	02048887          	vle8.v	v17,(s1)
   9ea40:	f6856857          	vwmacc.vx	v16,a0,v8
   9ea44:	43858493          	addi	s1,a1,1080
   9ea48:	02048407          	vle8.v	v8,(s1)
   9ea4c:	2717b957          	vand.vi	v18,v17,15
   9ea50:	52813483          	ld	s1,1320(sp)
   9ea54:	f724e757          	vwmacc.vx	v14,s1,v18
   9ea58:	a31238d7          	vsrl.vi	v17,v17,4
   9ea5c:	52013503          	ld	a0,1312(sp)
   9ea60:	f71567d7          	vwmacc.vx	v15,a0,v17
   9ea64:	2687b8d7          	vand.vi	v17,v8,15
   9ea68:	f714e657          	vwmacc.vx	v12,s1,v17
   9ea6c:	a2823457          	vsrl.vi	v8,v8,4
   9ea70:	44058493          	addi	s1,a1,1088
   9ea74:	02048887          	vle8.v	v17,(s1)
   9ea78:	f6856857          	vwmacc.vx	v16,a0,v8
   9ea7c:	44858493          	addi	s1,a1,1096
   9ea80:	02048407          	vle8.v	v8,(s1)
   9ea84:	2717b957          	vand.vi	v18,v17,15
   9ea88:	51813483          	ld	s1,1304(sp)
   9ea8c:	f724e757          	vwmacc.vx	v14,s1,v18
   9ea90:	a31238d7          	vsrl.vi	v17,v17,4
   9ea94:	51013503          	ld	a0,1296(sp)
   9ea98:	f71567d7          	vwmacc.vx	v15,a0,v17
   9ea9c:	2687b8d7          	vand.vi	v17,v8,15
   9eaa0:	f714e657          	vwmacc.vx	v12,s1,v17
   9eaa4:	a2823457          	vsrl.vi	v8,v8,4
   9eaa8:	45058493          	addi	s1,a1,1104
   9eaac:	02048887          	vle8.v	v17,(s1)
   9eab0:	f6856857          	vwmacc.vx	v16,a0,v8
   9eab4:	45858493          	addi	s1,a1,1112
   9eab8:	02048407          	vle8.v	v8,(s1)
   9eabc:	2717b957          	vand.vi	v18,v17,15
   9eac0:	50813483          	ld	s1,1288(sp)
   9eac4:	f724e757          	vwmacc.vx	v14,s1,v18
   9eac8:	a31238d7          	vsrl.vi	v17,v17,4
   9eacc:	50013503          	ld	a0,1280(sp)
   9ead0:	f71567d7          	vwmacc.vx	v15,a0,v17
   9ead4:	2687b8d7          	vand.vi	v17,v8,15
   9ead8:	f714e657          	vwmacc.vx	v12,s1,v17
   9eadc:	a2823457          	vsrl.vi	v8,v8,4
   9eae0:	46058493          	addi	s1,a1,1120
   9eae4:	02048887          	vle8.v	v17,(s1)
   9eae8:	f6856857          	vwmacc.vx	v16,a0,v8
   9eaec:	46858493          	addi	s1,a1,1128
   9eaf0:	02048407          	vle8.v	v8,(s1)
   9eaf4:	2717b957          	vand.vi	v18,v17,15
   9eaf8:	4f813483          	ld	s1,1272(sp)
   9eafc:	f724e757          	vwmacc.vx	v14,s1,v18
   9eb00:	a31238d7          	vsrl.vi	v17,v17,4
   9eb04:	4f013503          	ld	a0,1264(sp)
   9eb08:	f71567d7          	vwmacc.vx	v15,a0,v17
   9eb0c:	2687b8d7          	vand.vi	v17,v8,15
   9eb10:	f714e657          	vwmacc.vx	v12,s1,v17
   9eb14:	a2823457          	vsrl.vi	v8,v8,4
   9eb18:	47058493          	addi	s1,a1,1136
   9eb1c:	02048887          	vle8.v	v17,(s1)
   9eb20:	f6856857          	vwmacc.vx	v16,a0,v8
   9eb24:	47858493          	addi	s1,a1,1144
   9eb28:	02048407          	vle8.v	v8,(s1)
   9eb2c:	2717b957          	vand.vi	v18,v17,15
   9eb30:	4e813483          	ld	s1,1256(sp)
   9eb34:	f724e757          	vwmacc.vx	v14,s1,v18
   9eb38:	a31238d7          	vsrl.vi	v17,v17,4
   9eb3c:	4e013503          	ld	a0,1248(sp)
   9eb40:	f71567d7          	vwmacc.vx	v15,a0,v17
   9eb44:	2687b8d7          	vand.vi	v17,v8,15
   9eb48:	f714e657          	vwmacc.vx	v12,s1,v17
   9eb4c:	a2823457          	vsrl.vi	v8,v8,4
   9eb50:	48058493          	addi	s1,a1,1152
   9eb54:	02048887          	vle8.v	v17,(s1)
   9eb58:	f6856857          	vwmacc.vx	v16,a0,v8
   9eb5c:	48858493          	addi	s1,a1,1160
   9eb60:	02048407          	vle8.v	v8,(s1)
   9eb64:	2717b957          	vand.vi	v18,v17,15
   9eb68:	4d813483          	ld	s1,1240(sp)
   9eb6c:	f724e757          	vwmacc.vx	v14,s1,v18
   9eb70:	a31238d7          	vsrl.vi	v17,v17,4
   9eb74:	4d013503          	ld	a0,1232(sp)
   9eb78:	f71567d7          	vwmacc.vx	v15,a0,v17
   9eb7c:	2687b8d7          	vand.vi	v17,v8,15
   9eb80:	f714e657          	vwmacc.vx	v12,s1,v17
   9eb84:	a2823457          	vsrl.vi	v8,v8,4
   9eb88:	49058493          	addi	s1,a1,1168
   9eb8c:	02048887          	vle8.v	v17,(s1)
   9eb90:	f6856857          	vwmacc.vx	v16,a0,v8
   9eb94:	49858493          	addi	s1,a1,1176
   9eb98:	02048407          	vle8.v	v8,(s1)
   9eb9c:	2717b957          	vand.vi	v18,v17,15
   9eba0:	4c813483          	ld	s1,1224(sp)
   9eba4:	f724e757          	vwmacc.vx	v14,s1,v18
   9eba8:	a31238d7          	vsrl.vi	v17,v17,4
   9ebac:	4c013503          	ld	a0,1216(sp)
   9ebb0:	f71567d7          	vwmacc.vx	v15,a0,v17
   9ebb4:	2687b8d7          	vand.vi	v17,v8,15
   9ebb8:	f714e657          	vwmacc.vx	v12,s1,v17
   9ebbc:	a2823457          	vsrl.vi	v8,v8,4
   9ebc0:	4a058493          	addi	s1,a1,1184
   9ebc4:	02048887          	vle8.v	v17,(s1)
   9ebc8:	f6856857          	vwmacc.vx	v16,a0,v8
   9ebcc:	4a858493          	addi	s1,a1,1192
   9ebd0:	02048407          	vle8.v	v8,(s1)
   9ebd4:	2717b957          	vand.vi	v18,v17,15
   9ebd8:	4b813483          	ld	s1,1208(sp)
   9ebdc:	f724e757          	vwmacc.vx	v14,s1,v18
   9ebe0:	a31238d7          	vsrl.vi	v17,v17,4
   9ebe4:	4b013503          	ld	a0,1200(sp)
   9ebe8:	f71567d7          	vwmacc.vx	v15,a0,v17
   9ebec:	2687b8d7          	vand.vi	v17,v8,15
   9ebf0:	f714e657          	vwmacc.vx	v12,s1,v17
   9ebf4:	a2823457          	vsrl.vi	v8,v8,4
   9ebf8:	4b058493          	addi	s1,a1,1200
   9ebfc:	02048887          	vle8.v	v17,(s1)
   9ec00:	f6856857          	vwmacc.vx	v16,a0,v8
   9ec04:	4b858493          	addi	s1,a1,1208
   9ec08:	02048407          	vle8.v	v8,(s1)
   9ec0c:	2717b957          	vand.vi	v18,v17,15
   9ec10:	4a813483          	ld	s1,1192(sp)
   9ec14:	f724e757          	vwmacc.vx	v14,s1,v18
   9ec18:	a31238d7          	vsrl.vi	v17,v17,4
   9ec1c:	49813503          	ld	a0,1176(sp)
   9ec20:	f71567d7          	vwmacc.vx	v15,a0,v17
   9ec24:	2687b8d7          	vand.vi	v17,v8,15
   9ec28:	f714e657          	vwmacc.vx	v12,s1,v17
   9ec2c:	a2823457          	vsrl.vi	v8,v8,4
   9ec30:	4c058493          	addi	s1,a1,1216
   9ec34:	02048887          	vle8.v	v17,(s1)
   9ec38:	f6856857          	vwmacc.vx	v16,a0,v8
   9ec3c:	4c858493          	addi	s1,a1,1224
   9ec40:	02048407          	vle8.v	v8,(s1)
   9ec44:	2717b957          	vand.vi	v18,v17,15
   9ec48:	49013483          	ld	s1,1168(sp)
   9ec4c:	f724e757          	vwmacc.vx	v14,s1,v18
   9ec50:	a31238d7          	vsrl.vi	v17,v17,4
   9ec54:	48813503          	ld	a0,1160(sp)
   9ec58:	f71567d7          	vwmacc.vx	v15,a0,v17
   9ec5c:	2687b8d7          	vand.vi	v17,v8,15
   9ec60:	f714e657          	vwmacc.vx	v12,s1,v17
   9ec64:	a2823457          	vsrl.vi	v8,v8,4
   9ec68:	4d058493          	addi	s1,a1,1232
   9ec6c:	02048887          	vle8.v	v17,(s1)
   9ec70:	f6856857          	vwmacc.vx	v16,a0,v8
   9ec74:	4d858493          	addi	s1,a1,1240
   9ec78:	02048407          	vle8.v	v8,(s1)
   9ec7c:	2717b957          	vand.vi	v18,v17,15
   9ec80:	48013483          	ld	s1,1152(sp)
   9ec84:	f724e757          	vwmacc.vx	v14,s1,v18
   9ec88:	a31238d7          	vsrl.vi	v17,v17,4
   9ec8c:	47813503          	ld	a0,1144(sp)
   9ec90:	f71567d7          	vwmacc.vx	v15,a0,v17
   9ec94:	2687b8d7          	vand.vi	v17,v8,15
   9ec98:	f714e657          	vwmacc.vx	v12,s1,v17
   9ec9c:	a2823457          	vsrl.vi	v8,v8,4
   9eca0:	4e058493          	addi	s1,a1,1248
   9eca4:	02048887          	vle8.v	v17,(s1)
   9eca8:	f6856857          	vwmacc.vx	v16,a0,v8
   9ecac:	4e858493          	addi	s1,a1,1256
   9ecb0:	02048407          	vle8.v	v8,(s1)
   9ecb4:	2717b957          	vand.vi	v18,v17,15
   9ecb8:	47013483          	ld	s1,1136(sp)
   9ecbc:	f724e757          	vwmacc.vx	v14,s1,v18
   9ecc0:	a31238d7          	vsrl.vi	v17,v17,4
   9ecc4:	46813503          	ld	a0,1128(sp)
   9ecc8:	f71567d7          	vwmacc.vx	v15,a0,v17
   9eccc:	2687b8d7          	vand.vi	v17,v8,15
   9ecd0:	f714e657          	vwmacc.vx	v12,s1,v17
   9ecd4:	a2823457          	vsrl.vi	v8,v8,4
   9ecd8:	4f058493          	addi	s1,a1,1264
   9ecdc:	02048887          	vle8.v	v17,(s1)
   9ece0:	4f858493          	addi	s1,a1,1272
   9ece4:	02048907          	vle8.v	v18,(s1)
   9ece8:	f6856857          	vwmacc.vx	v16,a0,v8
   9ecec:	2717b457          	vand.vi	v8,v17,15
   9ecf0:	46013503          	ld	a0,1120(sp)
   9ecf4:	f6856757          	vwmacc.vx	v14,a0,v8
   9ecf8:	2727b457          	vand.vi	v8,v18,15
   9ecfc:	f6856657          	vwmacc.vx	v12,a0,v8
   9ed00:	a3123457          	vsrl.vi	v8,v17,4
   9ed04:	4a013503          	ld	a0,1184(sp)
   9ed08:	f68567d7          	vwmacc.vx	v15,a0,v8
   9ed0c:	a3223457          	vsrl.vi	v8,v18,4
   9ed10:	f6856857          	vwmacc.vx	v16,a0,v8
   9ed14:	0c807057          	vsetvli	zero,zero,e16,m1,ta,ma
   9ed18:	f6e3a057          	vwmacc.vv	v0,v7,v14
   9ed1c:	f6fb2057          	vwmacc.vv	v0,v22,v15
   9ed20:	08058493          	addi	s1,a1,128
   9ed24:	02048407          	vle8.v	v8,(s1)
   9ed28:	f6c4af57          	vwmacc.vv	v30,v9,v12
   9ed2c:	f70c2f57          	vwmacc.vv	v30,v24,v16
   9ed30:	0c707057          	vsetvli	zero,zero,e8,mf2,ta,ma
   9ed34:	2687b4d7          	vand.vi	v9,v8,15
   9ed38:	a2823457          	vsrl.vi	v8,v8,4
   9ed3c:	26a44657          	vand.vx	v12,v10,s0
   9ed40:	26a0c557          	vand.vx	v10,v10,ra
   9ed44:	a2a13557          	vsrl.vi	v10,v10,2
   9ed48:	2ac484d7          	vor.vv	v9,v12,v9
   9ed4c:	2aa40457          	vor.vv	v8,v10,v8
   9ed50:	0c807057          	vsetvli	zero,zero,e16,m1,ta,ma
   9ed54:	09058493          	addi	s1,a1,144
   9ed58:	02048507          	vle8.v	v10,(s1)
   9ed5c:	4a932c57          	vzext.vf2	v24,v9
   9ed60:	4a8324d7          	vzext.vf2	v9,v8
   9ed64:	0c707057          	vsetvli	zero,zero,e8,mf2,ta,ma
   9ed68:	26a7b457          	vand.vi	v8,v10,15
   9ed6c:	a2a23557          	vsrl.vi	v10,v10,4
   9ed70:	26544657          	vand.vx	v12,v5,s0
   9ed74:	2650c757          	vand.vx	v14,v5,ra
   9ed78:	a2e13757          	vsrl.vi	v14,v14,2
   9ed7c:	2ac40457          	vor.vv	v8,v12,v8
   9ed80:	2ae50557          	vor.vv	v10,v14,v10
   9ed84:	0c807057          	vsetvli	zero,zero,e16,m1,ta,ma
   9ed88:	0a058493          	addi	s1,a1,160
   9ed8c:	02048707          	vle8.v	v14,(s1)
   9ed90:	4a832cd7          	vzext.vf2	v25,v8
   9ed94:	4aa32657          	vzext.vf2	v12,v10
   9ed98:	0c707057          	vsetvli	zero,zero,e8,mf2,ta,ma
   9ed9c:	26e7b457          	vand.vi	v8,v14,15
   9eda0:	26b44557          	vand.vx	v10,v11,s0
   9eda4:	2aa40457          	vor.vv	v8,v10,v8
   9eda8:	a2e23557          	vsrl.vi	v10,v14,4
   9edac:	26b0c5d7          	vand.vx	v11,v11,ra
   9edb0:	a2b135d7          	vsrl.vi	v11,v11,2
   9edb4:	2ab505d7          	vor.vv	v11,v11,v10
   9edb8:	0c807057          	vsetvli	zero,zero,e16,m1,ta,ma
   9edbc:	0b058493          	addi	s1,a1,176
   9edc0:	02048707          	vle8.v	v14,(s1)
   9edc4:	4a832557          	vzext.vf2	v10,v8
   9edc8:	4ab327d7          	vzext.vf2	v15,v11
   9edcc:	0c707057          	vsetvli	zero,zero,e8,mf2,ta,ma
   9edd0:	26e7b457          	vand.vi	v8,v14,15
   9edd4:	26d445d7          	vand.vx	v11,v13,s0
   9edd8:	2ab40457          	vor.vv	v8,v11,v8
   9eddc:	a2e235d7          	vsrl.vi	v11,v14,4
   9ede0:	26d0c6d7          	vand.vx	v13,v13,ra
   9ede4:	a2d136d7          	vsrl.vi	v13,v13,2
   9ede8:	2ad586d7          	vor.vv	v13,v13,v11
   9edec:	0c807057          	vsetvli	zero,zero,e16,m1,ta,ma
   9edf0:	08858493          	addi	s1,a1,136
   9edf4:	02048707          	vle8.v	v14,(s1)
   9edf8:	4a8325d7          	vzext.vf2	v11,v8
   9edfc:	4ad32857          	vzext.vf2	v16,v13
   9ee00:	0c707057          	vsetvli	zero,zero,e8,mf2,ta,ma
   9ee04:	26e7b457          	vand.vi	v8,v14,15
   9ee08:	262446d7          	vand.vx	v13,v2,s0
   9ee0c:	2ad40457          	vor.vv	v8,v13,v8
   9ee10:	a2e236d7          	vsrl.vi	v13,v14,4
   9ee14:	2620c757          	vand.vx	v14,v2,ra
   9ee18:	a2e13757          	vsrl.vi	v14,v14,2
   9ee1c:	2ae68757          	vor.vv	v14,v14,v13
   9ee20:	0c807057          	vsetvli	zero,zero,e16,m1,ta,ma
   9ee24:	09858493          	addi	s1,a1,152
   9ee28:	02048887          	vle8.v	v17,(s1)
   9ee2c:	4a8326d7          	vzext.vf2	v13,v8
   9ee30:	4ae32957          	vzext.vf2	v18,v14
   9ee34:	0c707057          	vsetvli	zero,zero,e8,mf2,ta,ma
   9ee38:	2717b457          	vand.vi	v8,v17,15
   9ee3c:	26344757          	vand.vx	v14,v3,s0
   9ee40:	2ae40457          	vor.vv	v8,v14,v8
   9ee44:	a3123757          	vsrl.vi	v14,v17,4
   9ee48:	2630c8d7          	vand.vx	v17,v3,ra
   9ee4c:	a31138d7          	vsrl.vi	v17,v17,2
   9ee50:	2b1708d7          	vor.vv	v17,v17,v14
   9ee54:	0c807057          	vsetvli	zero,zero,e16,m1,ta,ma
   9ee58:	0a858493          	addi	s1,a1,168
   9ee5c:	02048987          	vle8.v	v19,(s1)
   9ee60:	4a832757          	vzext.vf2	v14,v8
   9ee64:	4b132ad7          	vzext.vf2	v21,v17
   9ee68:	0c707057          	vsetvli	zero,zero,e8,mf2,ta,ma
   9ee6c:	2737b457          	vand.vi	v8,v19,15
   9ee70:	264448d7          	vand.vx	v17,v4,s0
   9ee74:	2b1408d7          	vor.vv	v17,v17,v8
   9ee78:	a3323457          	vsrl.vi	v8,v19,4
   9ee7c:	2640c9d7          	vand.vx	v19,v4,ra
   9ee80:	a33139d7          	vsrl.vi	v19,v19,2
   9ee84:	2b3409d7          	vor.vv	v19,v19,v8
   9ee88:	0c807057          	vsetvli	zero,zero,e16,m1,ta,ma
   9ee8c:	0b858493          	addi	s1,a1,184
   9ee90:	02048b07          	vle8.v	v22,(s1)
   9ee94:	4b132457          	vzext.vf2	v8,v17
   9ee98:	4b3328d7          	vzext.vf2	v17,v19
   9ee9c:	0c707057          	vsetvli	zero,zero,e8,mf2,ta,ma
   9eea0:	2767b9d7          	vand.vi	v19,v22,15
   9eea4:	26644bd7          	vand.vx	v23,v6,s0
   9eea8:	2b7989d7          	vor.vv	v19,v23,v19
   9eeac:	a3623b57          	vsrl.vi	v22,v22,4
   9eeb0:	2660cbd7          	vand.vx	v23,v6,ra
   9eeb4:	a3713bd7          	vsrl.vi	v23,v23,2
   9eeb8:	2b7b0b57          	vor.vv	v22,v23,v22
   9eebc:	0c807057          	vsetvli	zero,zero,e16,m1,ta,ma
   9eec0:	45813503          	ld	a0,1112(sp)
   9eec4:	f6956e57          	vwmacc.vx	v28,a0,v9
   9eec8:	f7256d57          	vwmacc.vx	v26,a0,v18
   9eecc:	45013503          	ld	a0,1104(sp)
   9eed0:	f6c56e57          	vwmacc.vx	v28,a0,v12
   9eed4:	f7556d57          	vwmacc.vx	v26,a0,v21
   9eed8:	44013503          	ld	a0,1088(sp)
   9eedc:	f6f56e57          	vwmacc.vx	v28,a0,v15
   9eee0:	f7156d57          	vwmacc.vx	v26,a0,v17
   9eee4:	4b6324d7          	vzext.vf2	v9,v22
   9eee8:	44813503          	ld	a0,1096(sp)
   9eeec:	f7056e57          	vwmacc.vx	v28,a0,v16
   9eef0:	f6956d57          	vwmacc.vx	v26,a0,v9
   9eef4:	50058493          	addi	s1,a1,1280
   9eef8:	02048607          	vle8.v	v12,(s1)
   9eefc:	4b3324d7          	vzext.vf2	v9,v19
   9ef00:	0c707057          	vsetvli	zero,zero,e8,mf2,ta,ma
   9ef04:	50858493          	addi	s1,a1,1288
   9ef08:	02048887          	vle8.v	v17,(s1)
   9ef0c:	26c7b7d7          	vand.vi	v15,v12,15
   9ef10:	a2c23957          	vsrl.vi	v18,v12,4
   9ef14:	9f403857          	vmv1r.v	v16,v20
   9ef18:	43013483          	ld	s1,1072(sp)
   9ef1c:	f6f4e857          	vwmacc.vx	v16,s1,v15
   9ef20:	9f403657          	vmv1r.v	v12,v20
   9ef24:	42813503          	ld	a0,1064(sp)
   9ef28:	f7256657          	vwmacc.vx	v12,a0,v18
   9ef2c:	2717b957          	vand.vi	v18,v17,15
   9ef30:	9f4037d7          	vmv1r.v	v15,v20
   9ef34:	f724e7d7          	vwmacc.vx	v15,s1,v18
   9ef38:	a3123957          	vsrl.vi	v18,v17,4
   9ef3c:	51058493          	addi	s1,a1,1296
   9ef40:	02048987          	vle8.v	v19,(s1)
   9ef44:	9f4038d7          	vmv1r.v	v17,v20
   9ef48:	f72568d7          	vwmacc.vx	v17,a0,v18
   9ef4c:	51858493          	addi	s1,a1,1304
   9ef50:	02048907          	vle8.v	v18,(s1)
   9ef54:	2737bad7          	vand.vi	v21,v19,15
   9ef58:	43813483          	ld	s1,1080(sp)
   9ef5c:	f754e857          	vwmacc.vx	v16,s1,v21
   9ef60:	a33239d7          	vsrl.vi	v19,v19,4
   9ef64:	42013503          	ld	a0,1056(sp)
   9ef68:	f7356657          	vwmacc.vx	v12,a0,v19
   9ef6c:	2727b9d7          	vand.vi	v19,v18,15
   9ef70:	f734e7d7          	vwmacc.vx	v15,s1,v19
   9ef74:	a3223957          	vsrl.vi	v18,v18,4
   9ef78:	52058493          	addi	s1,a1,1312
   9ef7c:	02048987          	vle8.v	v19,(s1)
   9ef80:	f72568d7          	vwmacc.vx	v17,a0,v18
   9ef84:	52858493          	addi	s1,a1,1320
   9ef88:	02048907          	vle8.v	v18,(s1)
   9ef8c:	2737bad7          	vand.vi	v21,v19,15
   9ef90:	41813483          	ld	s1,1048(sp)
   9ef94:	f754e857          	vwmacc.vx	v16,s1,v21
   9ef98:	a33239d7          	vsrl.vi	v19,v19,4
   9ef9c:	41013503          	ld	a0,1040(sp)
   9efa0:	f7356657          	vwmacc.vx	v12,a0,v19
   9efa4:	2727b9d7          	vand.vi	v19,v18,15
   9efa8:	f734e7d7          	vwmacc.vx	v15,s1,v19
   9efac:	a3223957          	vsrl.vi	v18,v18,4
   9efb0:	53058493          	addi	s1,a1,1328
   9efb4:	02048987          	vle8.v	v19,(s1)
   9efb8:	f72568d7          	vwmacc.vx	v17,a0,v18
   9efbc:	53858493          	addi	s1,a1,1336
   9efc0:	02048907          	vle8.v	v18,(s1)
   9efc4:	2737bad7          	vand.vi	v21,v19,15
   9efc8:	40813483          	ld	s1,1032(sp)
   9efcc:	f754e857          	vwmacc.vx	v16,s1,v21
   9efd0:	a33239d7          	vsrl.vi	v19,v19,4
   9efd4:	40013503          	ld	a0,1024(sp)
   9efd8:	f7356657          	vwmacc.vx	v12,a0,v19
   9efdc:	2727b9d7          	vand.vi	v19,v18,15
   9efe0:	f734e7d7          	vwmacc.vx	v15,s1,v19
   9efe4:	a3223957          	vsrl.vi	v18,v18,4
   9efe8:	54058493          	addi	s1,a1,1344
   9efec:	02048987          	vle8.v	v19,(s1)
   9eff0:	f72568d7          	vwmacc.vx	v17,a0,v18
   9eff4:	54858493          	addi	s1,a1,1352
   9eff8:	02048907          	vle8.v	v18,(s1)
   9effc:	2737bad7          	vand.vi	v21,v19,15
   9f000:	3f813483          	ld	s1,1016(sp)
   9f004:	f754e857          	vwmacc.vx	v16,s1,v21
   9f008:	a33239d7          	vsrl.vi	v19,v19,4
   9f00c:	3f013503          	ld	a0,1008(sp)
   9f010:	f7356657          	vwmacc.vx	v12,a0,v19
   9f014:	2727b9d7          	vand.vi	v19,v18,15
   9f018:	f734e7d7          	vwmacc.vx	v15,s1,v19
   9f01c:	a3223957          	vsrl.vi	v18,v18,4
   9f020:	55058493          	addi	s1,a1,1360
   9f024:	02048987          	vle8.v	v19,(s1)
   9f028:	f72568d7          	vwmacc.vx	v17,a0,v18
   9f02c:	55858493          	addi	s1,a1,1368
   9f030:	02048907          	vle8.v	v18,(s1)
   9f034:	2737bad7          	vand.vi	v21,v19,15
   9f038:	3e813483          	ld	s1,1000(sp)
   9f03c:	f754e857          	vwmacc.vx	v16,s1,v21
   9f040:	a33239d7          	vsrl.vi	v19,v19,4
   9f044:	3e013503          	ld	a0,992(sp)
   9f048:	f7356657          	vwmacc.vx	v12,a0,v19
   9f04c:	2727b9d7          	vand.vi	v19,v18,15
   9f050:	f734e7d7          	vwmacc.vx	v15,s1,v19
   9f054:	a3223957          	vsrl.vi	v18,v18,4
   9f058:	56058493          	addi	s1,a1,1376
   9f05c:	02048987          	vle8.v	v19,(s1)
   9f060:	f72568d7          	vwmacc.vx	v17,a0,v18
   9f064:	56858493          	addi	s1,a1,1384
   9f068:	02048907          	vle8.v	v18,(s1)
   9f06c:	2737bad7          	vand.vi	v21,v19,15
   9f070:	3d813483          	ld	s1,984(sp)
   9f074:	f754e857          	vwmacc.vx	v16,s1,v21
   9f078:	a33239d7          	vsrl.vi	v19,v19,4
   9f07c:	3d013503          	ld	a0,976(sp)
   9f080:	f7356657          	vwmacc.vx	v12,a0,v19
   9f084:	2727b9d7          	vand.vi	v19,v18,15
   9f088:	f734e7d7          	vwmacc.vx	v15,s1,v19
   9f08c:	a3223957          	vsrl.vi	v18,v18,4
   9f090:	57058493          	addi	s1,a1,1392
   9f094:	02048987          	vle8.v	v19,(s1)
   9f098:	f72568d7          	vwmacc.vx	v17,a0,v18
   9f09c:	57858493          	addi	s1,a1,1400
   9f0a0:	02048907          	vle8.v	v18,(s1)
   9f0a4:	2737bad7          	vand.vi	v21,v19,15
   9f0a8:	3c813483          	ld	s1,968(sp)
   9f0ac:	f754e857          	vwmacc.vx	v16,s1,v21
   9f0b0:	a33239d7          	vsrl.vi	v19,v19,4
   9f0b4:	3c013503          	ld	a0,960(sp)
   9f0b8:	f7356657          	vwmacc.vx	v12,a0,v19
   9f0bc:	2727b9d7          	vand.vi	v19,v18,15
   9f0c0:	f734e7d7          	vwmacc.vx	v15,s1,v19
   9f0c4:	a3223957          	vsrl.vi	v18,v18,4
   9f0c8:	58058493          	addi	s1,a1,1408
   9f0cc:	02048987          	vle8.v	v19,(s1)
   9f0d0:	f72568d7          	vwmacc.vx	v17,a0,v18
   9f0d4:	58858493          	addi	s1,a1,1416
   9f0d8:	02048907          	vle8.v	v18,(s1)
   9f0dc:	2737bad7          	vand.vi	v21,v19,15
   9f0e0:	3b813483          	ld	s1,952(sp)
   9f0e4:	f754e857          	vwmacc.vx	v16,s1,v21
   9f0e8:	a33239d7          	vsrl.vi	v19,v19,4
   9f0ec:	3b013503          	ld	a0,944(sp)
   9f0f0:	f7356657          	vwmacc.vx	v12,a0,v19
   9f0f4:	2727b9d7          	vand.vi	v19,v18,15
   9f0f8:	f734e7d7          	vwmacc.vx	v15,s1,v19
   9f0fc:	a3223957          	vsrl.vi	v18,v18,4
   9f100:	59058493          	addi	s1,a1,1424
   9f104:	02048987          	vle8.v	v19,(s1)
   9f108:	f72568d7          	vwmacc.vx	v17,a0,v18
   9f10c:	59858493          	addi	s1,a1,1432
   9f110:	02048907          	vle8.v	v18,(s1)
   9f114:	2737bad7          	vand.vi	v21,v19,15
   9f118:	3a813483          	ld	s1,936(sp)
   9f11c:	f754e857          	vwmacc.vx	v16,s1,v21
   9f120:	a33239d7          	vsrl.vi	v19,v19,4
   9f124:	3a013503          	ld	a0,928(sp)
   9f128:	f7356657          	vwmacc.vx	v12,a0,v19
   9f12c:	2727b9d7          	vand.vi	v19,v18,15
   9f130:	f734e7d7          	vwmacc.vx	v15,s1,v19
   9f134:	a3223957          	vsrl.vi	v18,v18,4
   9f138:	5a058493          	addi	s1,a1,1440
   9f13c:	02048987          	vle8.v	v19,(s1)
   9f140:	f72568d7          	vwmacc.vx	v17,a0,v18
   9f144:	5a858493          	addi	s1,a1,1448
   9f148:	02048907          	vle8.v	v18,(s1)
   9f14c:	2737bad7          	vand.vi	v21,v19,15
   9f150:	39813483          	ld	s1,920(sp)
   9f154:	f754e857          	vwmacc.vx	v16,s1,v21
   9f158:	a33239d7          	vsrl.vi	v19,v19,4
   9f15c:	39013503          	ld	a0,912(sp)
   9f160:	f7356657          	vwmacc.vx	v12,a0,v19
   9f164:	2727b9d7          	vand.vi	v19,v18,15
   9f168:	f734e7d7          	vwmacc.vx	v15,s1,v19
   9f16c:	a3223957          	vsrl.vi	v18,v18,4
   9f170:	5b058493          	addi	s1,a1,1456
   9f174:	02048987          	vle8.v	v19,(s1)
   9f178:	f72568d7          	vwmacc.vx	v17,a0,v18
   9f17c:	5b858493          	addi	s1,a1,1464
   9f180:	02048907          	vle8.v	v18,(s1)
   9f184:	2737bad7          	vand.vi	v21,v19,15
   9f188:	38813483          	ld	s1,904(sp)
   9f18c:	f754e857          	vwmacc.vx	v16,s1,v21
   9f190:	a33239d7          	vsrl.vi	v19,v19,4
   9f194:	37813503          	ld	a0,888(sp)
   9f198:	f7356657          	vwmacc.vx	v12,a0,v19
   9f19c:	2727b9d7          	vand.vi	v19,v18,15
   9f1a0:	f734e7d7          	vwmacc.vx	v15,s1,v19
   9f1a4:	a3223957          	vsrl.vi	v18,v18,4
   9f1a8:	5c058493          	addi	s1,a1,1472
   9f1ac:	02048987          	vle8.v	v19,(s1)
   9f1b0:	f72568d7          	vwmacc.vx	v17,a0,v18
   9f1b4:	5c858493          	addi	s1,a1,1480
   9f1b8:	02048907          	vle8.v	v18,(s1)
   9f1bc:	2737bad7          	vand.vi	v21,v19,15
   9f1c0:	37013483          	ld	s1,880(sp)
   9f1c4:	f754e857          	vwmacc.vx	v16,s1,v21
   9f1c8:	a33239d7          	vsrl.vi	v19,v19,4
   9f1cc:	36813503          	ld	a0,872(sp)
   9f1d0:	f7356657          	vwmacc.vx	v12,a0,v19
   9f1d4:	2727b9d7          	vand.vi	v19,v18,15
   9f1d8:	f734e7d7          	vwmacc.vx	v15,s1,v19
   9f1dc:	a3223957          	vsrl.vi	v18,v18,4
   9f1e0:	5d058493          	addi	s1,a1,1488
   9f1e4:	02048987          	vle8.v	v19,(s1)
   9f1e8:	f72568d7          	vwmacc.vx	v17,a0,v18
   9f1ec:	5d858493          	addi	s1,a1,1496
   9f1f0:	02048907          	vle8.v	v18,(s1)
   9f1f4:	2737bad7          	vand.vi	v21,v19,15
   9f1f8:	36013483          	ld	s1,864(sp)
   9f1fc:	f754e857          	vwmacc.vx	v16,s1,v21
   9f200:	a33239d7          	vsrl.vi	v19,v19,4
   9f204:	35813503          	ld	a0,856(sp)
   9f208:	f7356657          	vwmacc.vx	v12,a0,v19
   9f20c:	2727b9d7          	vand.vi	v19,v18,15
   9f210:	f734e7d7          	vwmacc.vx	v15,s1,v19
   9f214:	a3223957          	vsrl.vi	v18,v18,4
   9f218:	5e058493          	addi	s1,a1,1504
   9f21c:	02048987          	vle8.v	v19,(s1)
   9f220:	f72568d7          	vwmacc.vx	v17,a0,v18
   9f224:	5e858493          	addi	s1,a1,1512
   9f228:	02048907          	vle8.v	v18,(s1)
   9f22c:	2737bad7          	vand.vi	v21,v19,15
   9f230:	35013483          	ld	s1,848(sp)
   9f234:	f754e857          	vwmacc.vx	v16,s1,v21
   9f238:	a33239d7          	vsrl.vi	v19,v19,4
   9f23c:	34813503          	ld	a0,840(sp)
   9f240:	f7356657          	vwmacc.vx	v12,a0,v19
   9f244:	2727b9d7          	vand.vi	v19,v18,15
   9f248:	f734e7d7          	vwmacc.vx	v15,s1,v19
   9f24c:	a3223957          	vsrl.vi	v18,v18,4
   9f250:	5f058493          	addi	s1,a1,1520
   9f254:	02048987          	vle8.v	v19,(s1)
   9f258:	5f858493          	addi	s1,a1,1528
   9f25c:	02048a87          	vle8.v	v21,(s1)
   9f260:	f72568d7          	vwmacc.vx	v17,a0,v18
   9f264:	2737b957          	vand.vi	v18,v19,15
   9f268:	34013503          	ld	a0,832(sp)
   9f26c:	f7256857          	vwmacc.vx	v16,a0,v18
   9f270:	2757b957          	vand.vi	v18,v21,15
   9f274:	f72567d7          	vwmacc.vx	v15,a0,v18
   9f278:	a3323957          	vsrl.vi	v18,v19,4
   9f27c:	38013503          	ld	a0,896(sp)
   9f280:	f7256657          	vwmacc.vx	v12,a0,v18
   9f284:	a3523957          	vsrl.vi	v18,v21,4
   9f288:	f72568d7          	vwmacc.vx	v17,a0,v18
   9f28c:	0c807057          	vsetvli	zero,zero,e16,m1,ta,ma
   9f290:	f70c2057          	vwmacc.vv	v0,v24,v16
   9f294:	60058493          	addi	s1,a1,1536
   9f298:	02048807          	vle8.v	v16,(s1)
   9f29c:	f6cca057          	vwmacc.vv	v0,v25,v12
   9f2a0:	f6f6af57          	vwmacc.vv	v30,v13,v15
   9f2a4:	f7172f57          	vwmacc.vv	v30,v14,v17
   9f2a8:	0c707057          	vsetvli	zero,zero,e8,mf2,ta,ma
   9f2ac:	60858493          	addi	s1,a1,1544
   9f2b0:	02048887          	vle8.v	v17,(s1)
   9f2b4:	2707b657          	vand.vi	v12,v16,15
   9f2b8:	a30237d7          	vsrl.vi	v15,v16,4
   9f2bc:	9f403857          	vmv1r.v	v16,v20
   9f2c0:	33013483          	ld	s1,816(sp)
   9f2c4:	f6c4e857          	vwmacc.vx	v16,s1,v12
   9f2c8:	9f403657          	vmv1r.v	v12,v20
   9f2cc:	32813503          	ld	a0,808(sp)
   9f2d0:	f6f56657          	vwmacc.vx	v12,a0,v15
   9f2d4:	2717b957          	vand.vi	v18,v17,15
   9f2d8:	9f4037d7          	vmv1r.v	v15,v20
   9f2dc:	f724e7d7          	vwmacc.vx	v15,s1,v18
   9f2e0:	a3123957          	vsrl.vi	v18,v17,4
   9f2e4:	61058493          	addi	s1,a1,1552
   9f2e8:	02048987          	vle8.v	v19,(s1)
   9f2ec:	9f4038d7          	vmv1r.v	v17,v20
   9f2f0:	f72568d7          	vwmacc.vx	v17,a0,v18
   9f2f4:	61858493          	addi	s1,a1,1560
   9f2f8:	02048907          	vle8.v	v18,(s1)
   9f2fc:	2737bad7          	vand.vi	v21,v19,15
   9f300:	33813483          	ld	s1,824(sp)
   9f304:	f754e857          	vwmacc.vx	v16,s1,v21
   9f308:	a33239d7          	vsrl.vi	v19,v19,4
   9f30c:	32013503          	ld	a0,800(sp)
   9f310:	f7356657          	vwmacc.vx	v12,a0,v19
   9f314:	2727b9d7          	vand.vi	v19,v18,15
   9f318:	f734e7d7          	vwmacc.vx	v15,s1,v19
   9f31c:	a3223957          	vsrl.vi	v18,v18,4
   9f320:	62058493          	addi	s1,a1,1568
   9f324:	02048987          	vle8.v	v19,(s1)
   9f328:	f72568d7          	vwmacc.vx	v17,a0,v18
   9f32c:	62858493          	addi	s1,a1,1576
   9f330:	02048907          	vle8.v	v18,(s1)
   9f334:	2737bad7          	vand.vi	v21,v19,15
   9f338:	31813483          	ld	s1,792(sp)
   9f33c:	f754e857          	vwmacc.vx	v16,s1,v21
   9f340:	a33239d7          	vsrl.vi	v19,v19,4
   9f344:	31013503          	ld	a0,784(sp)
   9f348:	f7356657          	vwmacc.vx	v12,a0,v19
   9f34c:	2727b9d7          	vand.vi	v19,v18,15
   9f350:	f734e7d7          	vwmacc.vx	v15,s1,v19
   9f354:	a3223957          	vsrl.vi	v18,v18,4
   9f358:	63058493          	addi	s1,a1,1584
   9f35c:	02048987          	vle8.v	v19,(s1)
   9f360:	f72568d7          	vwmacc.vx	v17,a0,v18
   9f364:	63858493          	addi	s1,a1,1592
   9f368:	02048907          	vle8.v	v18,(s1)
   9f36c:	2737bad7          	vand.vi	v21,v19,15
   9f370:	30813483          	ld	s1,776(sp)
   9f374:	f754e857          	vwmacc.vx	v16,s1,v21
   9f378:	a33239d7          	vsrl.vi	v19,v19,4
   9f37c:	30013503          	ld	a0,768(sp)
   9f380:	f7356657          	vwmacc.vx	v12,a0,v19
   9f384:	2727b9d7          	vand.vi	v19,v18,15
   9f388:	f734e7d7          	vwmacc.vx	v15,s1,v19
   9f38c:	a3223957          	vsrl.vi	v18,v18,4
   9f390:	64058493          	addi	s1,a1,1600
   9f394:	02048987          	vle8.v	v19,(s1)
   9f398:	f72568d7          	vwmacc.vx	v17,a0,v18
   9f39c:	64858493          	addi	s1,a1,1608
   9f3a0:	02048907          	vle8.v	v18,(s1)
   9f3a4:	2737bad7          	vand.vi	v21,v19,15
   9f3a8:	2f813483          	ld	s1,760(sp)
   9f3ac:	f754e857          	vwmacc.vx	v16,s1,v21
   9f3b0:	a33239d7          	vsrl.vi	v19,v19,4
   9f3b4:	2f013503          	ld	a0,752(sp)
   9f3b8:	f7356657          	vwmacc.vx	v12,a0,v19
   9f3bc:	2727b9d7          	vand.vi	v19,v18,15
   9f3c0:	f734e7d7          	vwmacc.vx	v15,s1,v19
   9f3c4:	a3223957          	vsrl.vi	v18,v18,4
   9f3c8:	65058493          	addi	s1,a1,1616
   9f3cc:	02048987          	vle8.v	v19,(s1)
   9f3d0:	f72568d7          	vwmacc.vx	v17,a0,v18
   9f3d4:	65858493          	addi	s1,a1,1624
   9f3d8:	02048907          	vle8.v	v18,(s1)
   9f3dc:	2737bad7          	vand.vi	v21,v19,15
   9f3e0:	2e813483          	ld	s1,744(sp)
   9f3e4:	f754e857          	vwmacc.vx	v16,s1,v21
   9f3e8:	a33239d7          	vsrl.vi	v19,v19,4
   9f3ec:	2e013503          	ld	a0,736(sp)
   9f3f0:	f7356657          	vwmacc.vx	v12,a0,v19
   9f3f4:	2727b9d7          	vand.vi	v19,v18,15
   9f3f8:	f734e7d7          	vwmacc.vx	v15,s1,v19
   9f3fc:	a3223957          	vsrl.vi	v18,v18,4
   9f400:	66058493          	addi	s1,a1,1632
   9f404:	02048987          	vle8.v	v19,(s1)
   9f408:	f72568d7          	vwmacc.vx	v17,a0,v18
   9f40c:	66858493          	addi	s1,a1,1640
   9f410:	02048907          	vle8.v	v18,(s1)
   9f414:	2737bad7          	vand.vi	v21,v19,15
   9f418:	2d813483          	ld	s1,728(sp)
   9f41c:	f754e857          	vwmacc.vx	v16,s1,v21
   9f420:	a33239d7          	vsrl.vi	v19,v19,4
   9f424:	2d013503          	ld	a0,720(sp)
   9f428:	f7356657          	vwmacc.vx	v12,a0,v19
   9f42c:	2727b9d7          	vand.vi	v19,v18,15
   9f430:	f734e7d7          	vwmacc.vx	v15,s1,v19
   9f434:	a3223957          	vsrl.vi	v18,v18,4
   9f438:	67058493          	addi	s1,a1,1648
   9f43c:	02048987          	vle8.v	v19,(s1)
   9f440:	f72568d7          	vwmacc.vx	v17,a0,v18
   9f444:	67858493          	addi	s1,a1,1656
   9f448:	02048907          	vle8.v	v18,(s1)
   9f44c:	2737bad7          	vand.vi	v21,v19,15
   9f450:	2c813483          	ld	s1,712(sp)
   9f454:	f754e857          	vwmacc.vx	v16,s1,v21
   9f458:	a33239d7          	vsrl.vi	v19,v19,4
   9f45c:	2c013503          	ld	a0,704(sp)
   9f460:	f7356657          	vwmacc.vx	v12,a0,v19
   9f464:	2727b9d7          	vand.vi	v19,v18,15
   9f468:	f734e7d7          	vwmacc.vx	v15,s1,v19
   9f46c:	a3223957          	vsrl.vi	v18,v18,4
   9f470:	68058493          	addi	s1,a1,1664
   9f474:	02048987          	vle8.v	v19,(s1)
   9f478:	f72568d7          	vwmacc.vx	v17,a0,v18
   9f47c:	68858493          	addi	s1,a1,1672
   9f480:	02048907          	vle8.v	v18,(s1)
   9f484:	2737bad7          	vand.vi	v21,v19,15
   9f488:	2b813483          	ld	s1,696(sp)
   9f48c:	f754e857          	vwmacc.vx	v16,s1,v21
   9f490:	a33239d7          	vsrl.vi	v19,v19,4
   9f494:	2b013503          	ld	a0,688(sp)
   9f498:	f7356657          	vwmacc.vx	v12,a0,v19
   9f49c:	2727b9d7          	vand.vi	v19,v18,15
   9f4a0:	f734e7d7          	vwmacc.vx	v15,s1,v19
   9f4a4:	a3223957          	vsrl.vi	v18,v18,4
   9f4a8:	69058493          	addi	s1,a1,1680
   9f4ac:	02048987          	vle8.v	v19,(s1)
   9f4b0:	f72568d7          	vwmacc.vx	v17,a0,v18
   9f4b4:	69858493          	addi	s1,a1,1688
   9f4b8:	02048907          	vle8.v	v18,(s1)
   9f4bc:	2737bad7          	vand.vi	v21,v19,15
   9f4c0:	2a813483          	ld	s1,680(sp)
   9f4c4:	f754e857          	vwmacc.vx	v16,s1,v21
   9f4c8:	a33239d7          	vsrl.vi	v19,v19,4
   9f4cc:	2a013503          	ld	a0,672(sp)
   9f4d0:	f7356657          	vwmacc.vx	v12,a0,v19
   9f4d4:	2727b9d7          	vand.vi	v19,v18,15
   9f4d8:	f734e7d7          	vwmacc.vx	v15,s1,v19
   9f4dc:	a3223957          	vsrl.vi	v18,v18,4
   9f4e0:	6a058493          	addi	s1,a1,1696
   9f4e4:	02048987          	vle8.v	v19,(s1)
   9f4e8:	f72568d7          	vwmacc.vx	v17,a0,v18
   9f4ec:	6a858493          	addi	s1,a1,1704
   9f4f0:	02048907          	vle8.v	v18,(s1)
   9f4f4:	2737bad7          	vand.vi	v21,v19,15
   9f4f8:	29813483          	ld	s1,664(sp)
   9f4fc:	f754e857          	vwmacc.vx	v16,s1,v21
   9f500:	a33239d7          	vsrl.vi	v19,v19,4
   9f504:	29013503          	ld	a0,656(sp)
   9f508:	f7356657          	vwmacc.vx	v12,a0,v19
   9f50c:	2727b9d7          	vand.vi	v19,v18,15
   9f510:	f734e7d7          	vwmacc.vx	v15,s1,v19
   9f514:	a3223957          	vsrl.vi	v18,v18,4
   9f518:	6b058493          	addi	s1,a1,1712
   9f51c:	02048987          	vle8.v	v19,(s1)
   9f520:	f72568d7          	vwmacc.vx	v17,a0,v18
   9f524:	6b858493          	addi	s1,a1,1720
   9f528:	02048907          	vle8.v	v18,(s1)
   9f52c:	2737bad7          	vand.vi	v21,v19,15
   9f530:	28813483          	ld	s1,648(sp)
   9f534:	f754e857          	vwmacc.vx	v16,s1,v21
   9f538:	a33239d7          	vsrl.vi	v19,v19,4
   9f53c:	28013503          	ld	a0,640(sp)
   9f540:	f7356657          	vwmacc.vx	v12,a0,v19
   9f544:	2727b9d7          	vand.vi	v19,v18,15
   9f548:	f734e7d7          	vwmacc.vx	v15,s1,v19
   9f54c:	a3223957          	vsrl.vi	v18,v18,4
   9f550:	6c058493          	addi	s1,a1,1728
   9f554:	02048987          	vle8.v	v19,(s1)
   9f558:	f72568d7          	vwmacc.vx	v17,a0,v18
   9f55c:	6c858493          	addi	s1,a1,1736
   9f560:	02048907          	vle8.v	v18,(s1)
   9f564:	2737bad7          	vand.vi	v21,v19,15
   9f568:	27813483          	ld	s1,632(sp)
   9f56c:	f754e857          	vwmacc.vx	v16,s1,v21
   9f570:	a33239d7          	vsrl.vi	v19,v19,4
   9f574:	27013503          	ld	a0,624(sp)
   9f578:	f7356657          	vwmacc.vx	v12,a0,v19
   9f57c:	2727b9d7          	vand.vi	v19,v18,15
   9f580:	f734e7d7          	vwmacc.vx	v15,s1,v19
   9f584:	a3223957          	vsrl.vi	v18,v18,4
   9f588:	6d058493          	addi	s1,a1,1744
   9f58c:	02048987          	vle8.v	v19,(s1)
   9f590:	f72568d7          	vwmacc.vx	v17,a0,v18
   9f594:	6d858493          	addi	s1,a1,1752
   9f598:	02048907          	vle8.v	v18,(s1)
   9f59c:	2737bad7          	vand.vi	v21,v19,15
   9f5a0:	26813483          	ld	s1,616(sp)
   9f5a4:	f754e857          	vwmacc.vx	v16,s1,v21
   9f5a8:	a33239d7          	vsrl.vi	v19,v19,4
   9f5ac:	26013503          	ld	a0,608(sp)
   9f5b0:	f7356657          	vwmacc.vx	v12,a0,v19
   9f5b4:	2727b9d7          	vand.vi	v19,v18,15
   9f5b8:	f734e7d7          	vwmacc.vx	v15,s1,v19
   9f5bc:	a3223957          	vsrl.vi	v18,v18,4
   9f5c0:	6e058493          	addi	s1,a1,1760
   9f5c4:	02048987          	vle8.v	v19,(s1)
   9f5c8:	f72568d7          	vwmacc.vx	v17,a0,v18
   9f5cc:	6e858493          	addi	s1,a1,1768
   9f5d0:	02048907          	vle8.v	v18,(s1)
   9f5d4:	2737bad7          	vand.vi	v21,v19,15
   9f5d8:	25813483          	ld	s1,600(sp)
   9f5dc:	f754e857          	vwmacc.vx	v16,s1,v21
   9f5e0:	a33239d7          	vsrl.vi	v19,v19,4
   9f5e4:	25013503          	ld	a0,592(sp)
   9f5e8:	f7356657          	vwmacc.vx	v12,a0,v19
   9f5ec:	2727b9d7          	vand.vi	v19,v18,15
   9f5f0:	f734e7d7          	vwmacc.vx	v15,s1,v19
   9f5f4:	a3223957          	vsrl.vi	v18,v18,4
   9f5f8:	6f058493          	addi	s1,a1,1776
   9f5fc:	02048987          	vle8.v	v19,(s1)
   9f600:	f72568d7          	vwmacc.vx	v17,a0,v18
   9f604:	6f858493          	addi	s1,a1,1784
   9f608:	02048907          	vle8.v	v18,(s1)
   9f60c:	2737bad7          	vand.vi	v21,v19,15
   9f610:	24813483          	ld	s1,584(sp)
   9f614:	f754e857          	vwmacc.vx	v16,s1,v21
   9f618:	a33239d7          	vsrl.vi	v19,v19,4
   9f61c:	24013503          	ld	a0,576(sp)
   9f620:	f7356657          	vwmacc.vx	v12,a0,v19
   9f624:	2727b9d7          	vand.vi	v19,v18,15
   9f628:	f734e7d7          	vwmacc.vx	v15,s1,v19
   9f62c:	a3223957          	vsrl.vi	v18,v18,4
   9f630:	f72568d7          	vwmacc.vx	v17,a0,v18
   9f634:	0c807057          	vsetvli	zero,zero,e16,m1,ta,ma
   9f638:	f70c2057          	vwmacc.vv	v0,v24,v16
   9f63c:	70058493          	addi	s1,a1,1792
   9f640:	02048807          	vle8.v	v16,(s1)
   9f644:	f6cca057          	vwmacc.vv	v0,v25,v12
   9f648:	f6f6af57          	vwmacc.vv	v30,v13,v15
   9f64c:	f7172f57          	vwmacc.vv	v30,v14,v17
   9f650:	0c707057          	vsetvli	zero,zero,e8,mf2,ta,ma
   9f654:	70858493          	addi	s1,a1,1800
   9f658:	02048787          	vle8.v	v15,(s1)
   9f65c:	2707b6d7          	vand.vi	v13,v16,15
   9f660:	9f403657          	vmv1r.v	v12,v20
   9f664:	21013503          	ld	a0,528(sp)
   9f668:	f6d56657          	vwmacc.vx	v12,a0,v13
   9f66c:	26f7b757          	vand.vi	v14,v15,15
   9f670:	9f4036d7          	vmv1r.v	v13,v20
   9f674:	f6e566d7          	vwmacc.vx	v13,a0,v14
   9f678:	71058493          	addi	s1,a1,1808
   9f67c:	02048887          	vle8.v	v17,(s1)
   9f680:	71858493          	addi	s1,a1,1816
   9f684:	02048907          	vle8.v	v18,(s1)
   9f688:	a3023857          	vsrl.vi	v16,v16,4
   9f68c:	9f403757          	vmv1r.v	v14,v20
   9f690:	23813503          	ld	a0,568(sp)
   9f694:	f7056757          	vwmacc.vx	v14,a0,v16
   9f698:	a2f23857          	vsrl.vi	v16,v15,4
   9f69c:	9f4037d7          	vmv1r.v	v15,v20
   9f6a0:	f70567d7          	vwmacc.vx	v15,a0,v16
   9f6a4:	2717b857          	vand.vi	v16,v17,15
   9f6a8:	22013503          	ld	a0,544(sp)
   9f6ac:	f7056657          	vwmacc.vx	v12,a0,v16
   9f6b0:	2727b857          	vand.vi	v16,v18,15
   9f6b4:	f70566d7          	vwmacc.vx	v13,a0,v16
   9f6b8:	72058493          	addi	s1,a1,1824
   9f6bc:	02048807          	vle8.v	v16,(s1)
   9f6c0:	72858493          	addi	s1,a1,1832
   9f6c4:	02048987          	vle8.v	v19,(s1)
   9f6c8:	a31238d7          	vsrl.vi	v17,v17,4
   9f6cc:	23013503          	ld	a0,560(sp)
   9f6d0:	f7156757          	vwmacc.vx	v14,a0,v17
   9f6d4:	a32238d7          	vsrl.vi	v17,v18,4
   9f6d8:	f71567d7          	vwmacc.vx	v15,a0,v17
   9f6dc:	2707b8d7          	vand.vi	v17,v16,15
   9f6e0:	20813503          	ld	a0,520(sp)
   9f6e4:	f7156657          	vwmacc.vx	v12,a0,v17
   9f6e8:	2737b8d7          	vand.vi	v17,v19,15
   9f6ec:	f71566d7          	vwmacc.vx	v13,a0,v17
   9f6f0:	73058493          	addi	s1,a1,1840
   9f6f4:	02048887          	vle8.v	v17,(s1)
   9f6f8:	73858493          	addi	s1,a1,1848
   9f6fc:	02048907          	vle8.v	v18,(s1)
   9f700:	a3023857          	vsrl.vi	v16,v16,4
   9f704:	22813503          	ld	a0,552(sp)
   9f708:	f7056757          	vwmacc.vx	v14,a0,v16
   9f70c:	a3323857          	vsrl.vi	v16,v19,4
   9f710:	f70567d7          	vwmacc.vx	v15,a0,v16
   9f714:	2717b857          	vand.vi	v16,v17,15
   9f718:	757e                	ld	a0,504(sp)
   9f71a:	f7056657          	vwmacc.vx	v12,a0,v16
   9f71e:	2727b857          	vand.vi	v16,v18,15
   9f722:	f70566d7          	vwmacc.vx	v13,a0,v16
   9f726:	74058493          	addi	s1,a1,1856
   9f72a:	02048807          	vle8.v	v16,(s1)
   9f72e:	74858493          	addi	s1,a1,1864
   9f732:	02048987          	vle8.v	v19,(s1)
   9f736:	a31238d7          	vsrl.vi	v17,v17,4
   9f73a:	21813503          	ld	a0,536(sp)
   9f73e:	f7156757          	vwmacc.vx	v14,a0,v17
   9f742:	a32238d7          	vsrl.vi	v17,v18,4
   9f746:	f71567d7          	vwmacc.vx	v15,a0,v17
   9f74a:	2707b8d7          	vand.vi	v17,v16,15
   9f74e:	753e                	ld	a0,488(sp)
   9f750:	f7156657          	vwmacc.vx	v12,a0,v17
   9f754:	2737b8d7          	vand.vi	v17,v19,15
   9f758:	f71566d7          	vwmacc.vx	v13,a0,v17
   9f75c:	75058493          	addi	s1,a1,1872
   9f760:	02048887          	vle8.v	v17,(s1)
   9f764:	75858493          	addi	s1,a1,1880
   9f768:	02048907          	vle8.v	v18,(s1)
   9f76c:	a3023857          	vsrl.vi	v16,v16,4
   9f770:	20013503          	ld	a0,512(sp)
   9f774:	f7056757          	vwmacc.vx	v14,a0,v16
   9f778:	a3323857          	vsrl.vi	v16,v19,4
   9f77c:	f70567d7          	vwmacc.vx	v15,a0,v16
   9f780:	2717b857          	vand.vi	v16,v17,15
   9f784:	657e                	ld	a0,472(sp)
   9f786:	f7056657          	vwmacc.vx	v12,a0,v16
   9f78a:	2727b857          	vand.vi	v16,v18,15
   9f78e:	f70566d7          	vwmacc.vx	v13,a0,v16
   9f792:	76058493          	addi	s1,a1,1888
   9f796:	02048807          	vle8.v	v16,(s1)
   9f79a:	76858493          	addi	s1,a1,1896
   9f79e:	02048987          	vle8.v	v19,(s1)
   9f7a2:	a31238d7          	vsrl.vi	v17,v17,4
   9f7a6:	755e                	ld	a0,496(sp)
   9f7a8:	f7156757          	vwmacc.vx	v14,a0,v17
   9f7ac:	a32238d7          	vsrl.vi	v17,v18,4
   9f7b0:	f71567d7          	vwmacc.vx	v15,a0,v17
   9f7b4:	2707b8d7          	vand.vi	v17,v16,15
   9f7b8:	653e                	ld	a0,456(sp)
   9f7ba:	f7156657          	vwmacc.vx	v12,a0,v17
   9f7be:	2737b8d7          	vand.vi	v17,v19,15
   9f7c2:	f71566d7          	vwmacc.vx	v13,a0,v17
   9f7c6:	77058493          	addi	s1,a1,1904
   9f7ca:	02048887          	vle8.v	v17,(s1)
   9f7ce:	77858493          	addi	s1,a1,1912
   9f7d2:	02048907          	vle8.v	v18,(s1)
   9f7d6:	a3023857          	vsrl.vi	v16,v16,4
   9f7da:	751e                	ld	a0,480(sp)
   9f7dc:	f7056757          	vwmacc.vx	v14,a0,v16
   9f7e0:	a3323857          	vsrl.vi	v16,v19,4
   9f7e4:	f70567d7          	vwmacc.vx	v15,a0,v16
   9f7e8:	2717b857          	vand.vi	v16,v17,15
   9f7ec:	757a                	ld	a0,440(sp)
   9f7ee:	f7056657          	vwmacc.vx	v12,a0,v16
   9f7f2:	2727b857          	vand.vi	v16,v18,15
   9f7f6:	f70566d7          	vwmacc.vx	v13,a0,v16
   9f7fa:	78058493          	addi	s1,a1,1920
   9f7fe:	02048807          	vle8.v	v16,(s1)
   9f802:	78858493          	addi	s1,a1,1928
   9f806:	02048987          	vle8.v	v19,(s1)
   9f80a:	a31238d7          	vsrl.vi	v17,v17,4
   9f80e:	655e                	ld	a0,464(sp)
   9f810:	f7156757          	vwmacc.vx	v14,a0,v17
   9f814:	a32238d7          	vsrl.vi	v17,v18,4
   9f818:	f71567d7          	vwmacc.vx	v15,a0,v17
   9f81c:	2707b8d7          	vand.vi	v17,v16,15
   9f820:	753a                	ld	a0,424(sp)
   9f822:	f7156657          	vwmacc.vx	v12,a0,v17
   9f826:	2737b8d7          	vand.vi	v17,v19,15
   9f82a:	f71566d7          	vwmacc.vx	v13,a0,v17
   9f82e:	79058493          	addi	s1,a1,1936
   9f832:	02048887          	vle8.v	v17,(s1)
   9f836:	79858493          	addi	s1,a1,1944
   9f83a:	02048907          	vle8.v	v18,(s1)
   9f83e:	a3023857          	vsrl.vi	v16,v16,4
   9f842:	651e                	ld	a0,448(sp)
   9f844:	f7056757          	vwmacc.vx	v14,a0,v16
   9f848:	a3323857          	vsrl.vi	v16,v19,4
   9f84c:	f70567d7          	vwmacc.vx	v15,a0,v16
   9f850:	2717b857          	vand.vi	v16,v17,15
   9f854:	657a                	ld	a0,408(sp)
   9f856:	f7056657          	vwmacc.vx	v12,a0,v16
   9f85a:	2727b857          	vand.vi	v16,v18,15
   9f85e:	f70566d7          	vwmacc.vx	v13,a0,v16
   9f862:	7a058493          	addi	s1,a1,1952
   9f866:	02048807          	vle8.v	v16,(s1)
   9f86a:	7a858493          	addi	s1,a1,1960
   9f86e:	02048987          	vle8.v	v19,(s1)
   9f872:	a31238d7          	vsrl.vi	v17,v17,4
   9f876:	755a                	ld	a0,432(sp)
   9f878:	f7156757          	vwmacc.vx	v14,a0,v17
   9f87c:	a32238d7          	vsrl.vi	v17,v18,4
   9f880:	f71567d7          	vwmacc.vx	v15,a0,v17
   9f884:	2707b8d7          	vand.vi	v17,v16,15
   9f888:	653a                	ld	a0,392(sp)
   9f88a:	f7156657          	vwmacc.vx	v12,a0,v17
   9f88e:	2737b8d7          	vand.vi	v17,v19,15
   9f892:	f71566d7          	vwmacc.vx	v13,a0,v17
   9f896:	7b058493          	addi	s1,a1,1968
   9f89a:	02048887          	vle8.v	v17,(s1)
   9f89e:	7b858493          	addi	s1,a1,1976
   9f8a2:	02048907          	vle8.v	v18,(s1)
   9f8a6:	a3023857          	vsrl.vi	v16,v16,4
   9f8aa:	751a                	ld	a0,416(sp)
   9f8ac:	f7056757          	vwmacc.vx	v14,a0,v16
   9f8b0:	a3323857          	vsrl.vi	v16,v19,4
   9f8b4:	f70567d7          	vwmacc.vx	v15,a0,v16
   9f8b8:	2717b857          	vand.vi	v16,v17,15
   9f8bc:	7576                	ld	a0,376(sp)
   9f8be:	f7056657          	vwmacc.vx	v12,a0,v16
   9f8c2:	2727b857          	vand.vi	v16,v18,15
   9f8c6:	f70566d7          	vwmacc.vx	v13,a0,v16
   9f8ca:	7c058493          	addi	s1,a1,1984
   9f8ce:	02048807          	vle8.v	v16,(s1)
   9f8d2:	7c858493          	addi	s1,a1,1992
   9f8d6:	02048987          	vle8.v	v19,(s1)
   9f8da:	a31238d7          	vsrl.vi	v17,v17,4
   9f8de:	655a                	ld	a0,400(sp)
   9f8e0:	f7156757          	vwmacc.vx	v14,a0,v17
   9f8e4:	a32238d7          	vsrl.vi	v17,v18,4
   9f8e8:	f71567d7          	vwmacc.vx	v15,a0,v17
   9f8ec:	2707b8d7          	vand.vi	v17,v16,15
   9f8f0:	6576                	ld	a0,344(sp)
   9f8f2:	f7156657          	vwmacc.vx	v12,a0,v17
   9f8f6:	2737b8d7          	vand.vi	v17,v19,15
   9f8fa:	f71566d7          	vwmacc.vx	v13,a0,v17
   9f8fe:	7d058493          	addi	s1,a1,2000
   9f902:	02048887          	vle8.v	v17,(s1)
   9f906:	7d858493          	addi	s1,a1,2008
   9f90a:	02048907          	vle8.v	v18,(s1)
   9f90e:	a3023857          	vsrl.vi	v16,v16,4
   9f912:	651a                	ld	a0,384(sp)
   9f914:	f7056757          	vwmacc.vx	v14,a0,v16
   9f918:	a3323857          	vsrl.vi	v16,v19,4
   9f91c:	f70567d7          	vwmacc.vx	v15,a0,v16
   9f920:	2717b857          	vand.vi	v16,v17,15
   9f924:	6536                	ld	a0,328(sp)
   9f926:	f7056657          	vwmacc.vx	v12,a0,v16
   9f92a:	2727b857          	vand.vi	v16,v18,15
   9f92e:	f70566d7          	vwmacc.vx	v13,a0,v16
   9f932:	7e058493          	addi	s1,a1,2016
   9f936:	02048807          	vle8.v	v16,(s1)
   9f93a:	7e858493          	addi	s1,a1,2024
   9f93e:	02048987          	vle8.v	v19,(s1)
   9f942:	a31238d7          	vsrl.vi	v17,v17,4
   9f946:	7516                	ld	a0,352(sp)
   9f948:	f7156757          	vwmacc.vx	v14,a0,v17
   9f94c:	a32238d7          	vsrl.vi	v17,v18,4
   9f950:	f71567d7          	vwmacc.vx	v15,a0,v17
   9f954:	2707b8d7          	vand.vi	v17,v16,15
   9f958:	6516                	ld	a0,320(sp)
   9f95a:	f7156657          	vwmacc.vx	v12,a0,v17
   9f95e:	2737b8d7          	vand.vi	v17,v19,15
   9f962:	f71566d7          	vwmacc.vx	v13,a0,v17
   9f966:	7f058493          	addi	s1,a1,2032
   9f96a:	02048887          	vle8.v	v17,(s1)
   9f96e:	7f858493          	addi	s1,a1,2040
   9f972:	02048907          	vle8.v	v18,(s1)
   9f976:	a3023857          	vsrl.vi	v16,v16,4
   9f97a:	7556                	ld	a0,368(sp)
   9f97c:	f7056757          	vwmacc.vx	v14,a0,v16
   9f980:	a3323857          	vsrl.vi	v16,v19,4
   9f984:	f70567d7          	vwmacc.vx	v15,a0,v16
   9f988:	2717b857          	vand.vi	v16,v17,15
   9f98c:	6556                	ld	a0,336(sp)
   9f98e:	f7056657          	vwmacc.vx	v12,a0,v16
   9f992:	2727b857          	vand.vi	v16,v18,15
   9f996:	f70566d7          	vwmacc.vx	v13,a0,v16
   9f99a:	a3123857          	vsrl.vi	v16,v17,4
   9f99e:	7536                	ld	a0,360(sp)
   9f9a0:	f7056757          	vwmacc.vx	v14,a0,v16
   9f9a4:	a3223857          	vsrl.vi	v16,v18,4
   9f9a8:	f70567d7          	vwmacc.vx	v15,a0,v16
   9f9ac:	0c807057          	vsetvli	zero,zero,e16,m1,ta,ma
   9f9b0:	6505                	lui	a0,0x1
   9f9b2:	950a                	add	a0,a0,sp
   9f9b4:	90053483          	ld	s1,-1792(a0) # 900 <$d.227+0x566>
   9f9b8:	94ae                	add	s1,s1,a1
   9f9ba:	02048807          	vle8.v	v16,(s1)
   9f9be:	f6c52057          	vwmacc.vv	v0,v10,v12
   9f9c2:	f6e5a057          	vwmacc.vv	v0,v11,v14
   9f9c6:	f6d42f57          	vwmacc.vv	v30,v8,v13
   9f9ca:	f6f4af57          	vwmacc.vv	v30,v9,v15
   9f9ce:	0c707057          	vsetvli	zero,zero,e8,mf2,ta,ma
   9f9d2:	6505                	lui	a0,0x1
   9f9d4:	950a                	add	a0,a0,sp
   9f9d6:	8f853483          	ld	s1,-1800(a0) # 8f8 <$d.227+0x55e>
   9f9da:	94ae                	add	s1,s1,a1
   9f9dc:	02048787          	vle8.v	v15,(s1)
   9f9e0:	2707b657          	vand.vi	v12,v16,15
   9f9e4:	9f4036d7          	vmv1r.v	v13,v20
   9f9e8:	6552                	ld	a0,272(sp)
   9f9ea:	f6c566d7          	vwmacc.vx	v13,a0,v12
   9f9ee:	26f7b757          	vand.vi	v14,v15,15
   9f9f2:	9f403657          	vmv1r.v	v12,v20
   9f9f6:	f6e56657          	vwmacc.vx	v12,a0,v14
   9f9fa:	6505                	lui	a0,0x1
   9f9fc:	950a                	add	a0,a0,sp
   9f9fe:	8f053483          	ld	s1,-1808(a0) # 8f0 <$d.227+0x556>
   9fa02:	94ae                	add	s1,s1,a1
   9fa04:	02048887          	vle8.v	v17,(s1)
   9fa08:	6505                	lui	a0,0x1
   9fa0a:	950a                	add	a0,a0,sp
   9fa0c:	8e853483          	ld	s1,-1816(a0) # 8e8 <$d.227+0x54e>
   9fa10:	94ae                	add	s1,s1,a1
   9fa12:	02048907          	vle8.v	v18,(s1)
   9fa16:	a3023857          	vsrl.vi	v16,v16,4
   9fa1a:	9f403757          	vmv1r.v	v14,v20
   9fa1e:	7572                	ld	a0,312(sp)
   9fa20:	f7056757          	vwmacc.vx	v14,a0,v16
   9fa24:	a2f23857          	vsrl.vi	v16,v15,4
   9fa28:	9f4037d7          	vmv1r.v	v15,v20
   9fa2c:	f70567d7          	vwmacc.vx	v15,a0,v16
   9fa30:	2717b857          	vand.vi	v16,v17,15
   9fa34:	7512                	ld	a0,288(sp)
   9fa36:	f70566d7          	vwmacc.vx	v13,a0,v16
   9fa3a:	2727b857          	vand.vi	v16,v18,15
   9fa3e:	f7056657          	vwmacc.vx	v12,a0,v16
   9fa42:	6505                	lui	a0,0x1
   9fa44:	950a                	add	a0,a0,sp
   9fa46:	8e053483          	ld	s1,-1824(a0) # 8e0 <$d.227+0x546>
   9fa4a:	94ae                	add	s1,s1,a1
   9fa4c:	02048807          	vle8.v	v16,(s1)
   9fa50:	6505                	lui	a0,0x1
   9fa52:	950a                	add	a0,a0,sp
   9fa54:	8d853483          	ld	s1,-1832(a0) # 8d8 <$d.227+0x53e>
   9fa58:	94ae                	add	s1,s1,a1
   9fa5a:	02048987          	vle8.v	v19,(s1)
   9fa5e:	a31238d7          	vsrl.vi	v17,v17,4
   9fa62:	7552                	ld	a0,304(sp)
   9fa64:	f7156757          	vwmacc.vx	v14,a0,v17
   9fa68:	a32238d7          	vsrl.vi	v17,v18,4
   9fa6c:	f71567d7          	vwmacc.vx	v15,a0,v17
   9fa70:	2707b8d7          	vand.vi	v17,v16,15
   9fa74:	6532                	ld	a0,264(sp)
   9fa76:	f71566d7          	vwmacc.vx	v13,a0,v17
   9fa7a:	2737b8d7          	vand.vi	v17,v19,15
   9fa7e:	f7156657          	vwmacc.vx	v12,a0,v17
   9fa82:	6505                	lui	a0,0x1
   9fa84:	950a                	add	a0,a0,sp
   9fa86:	8d053483          	ld	s1,-1840(a0) # 8d0 <$d.227+0x536>
   9fa8a:	94ae                	add	s1,s1,a1
   9fa8c:	02048887          	vle8.v	v17,(s1)
   9fa90:	6505                	lui	a0,0x1
   9fa92:	950a                	add	a0,a0,sp
   9fa94:	8c853483          	ld	s1,-1848(a0) # 8c8 <$d.227+0x52e>
   9fa98:	94ae                	add	s1,s1,a1
   9fa9a:	02048907          	vle8.v	v18,(s1)
   9fa9e:	a3023857          	vsrl.vi	v16,v16,4
   9faa2:	7532                	ld	a0,296(sp)
   9faa4:	f7056757          	vwmacc.vx	v14,a0,v16
   9faa8:	a3323857          	vsrl.vi	v16,v19,4
   9faac:	f70567d7          	vwmacc.vx	v15,a0,v16
   9fab0:	2717b857          	vand.vi	v16,v17,15
   9fab4:	756e                	ld	a0,248(sp)
   9fab6:	f70566d7          	vwmacc.vx	v13,a0,v16
   9faba:	2727b857          	vand.vi	v16,v18,15
   9fabe:	f7056657          	vwmacc.vx	v12,a0,v16
   9fac2:	6505                	lui	a0,0x1
   9fac4:	950a                	add	a0,a0,sp
   9fac6:	8c053483          	ld	s1,-1856(a0) # 8c0 <$d.227+0x526>
   9faca:	94ae                	add	s1,s1,a1
   9facc:	02048807          	vle8.v	v16,(s1)
   9fad0:	6505                	lui	a0,0x1
   9fad2:	950a                	add	a0,a0,sp
   9fad4:	8b853483          	ld	s1,-1864(a0) # 8b8 <$d.227+0x51e>
   9fad8:	94ae                	add	s1,s1,a1
   9fada:	02048987          	vle8.v	v19,(s1)
   9fade:	a31238d7          	vsrl.vi	v17,v17,4
   9fae2:	6572                	ld	a0,280(sp)
   9fae4:	f7156757          	vwmacc.vx	v14,a0,v17
   9fae8:	a32238d7          	vsrl.vi	v17,v18,4
   9faec:	f71567d7          	vwmacc.vx	v15,a0,v17
   9faf0:	2707b8d7          	vand.vi	v17,v16,15
   9faf4:	f71d66d7          	vwmacc.vx	v13,s10,v17
   9faf8:	2737b8d7          	vand.vi	v17,v19,15
   9fafc:	f71d6657          	vwmacc.vx	v12,s10,v17
   9fb00:	6d46                	ld	s10,80(sp)
   9fb02:	01a584b3          	add	s1,a1,s10
   9fb06:	02048887          	vle8.v	v17,(s1)
   9fb0a:	6505                	lui	a0,0x1
   9fb0c:	950a                	add	a0,a0,sp
   9fb0e:	8b053483          	ld	s1,-1872(a0) # 8b0 <$d.227+0x516>
   9fb12:	94ae                	add	s1,s1,a1
   9fb14:	02048907          	vle8.v	v18,(s1)
   9fb18:	a3023857          	vsrl.vi	v16,v16,4
   9fb1c:	6512                	ld	a0,256(sp)
   9fb1e:	f7056757          	vwmacc.vx	v14,a0,v16
   9fb22:	a3323857          	vsrl.vi	v16,v19,4
   9fb26:	f70567d7          	vwmacc.vx	v15,a0,v16
   9fb2a:	2717b857          	vand.vi	v16,v17,15
   9fb2e:	f70c66d7          	vwmacc.vx	v13,s8,v16
   9fb32:	2727b857          	vand.vi	v16,v18,15
   9fb36:	f70c6657          	vwmacc.vx	v12,s8,v16
   9fb3a:	6c26                	ld	s8,72(sp)
   9fb3c:	018584b3          	add	s1,a1,s8
   9fb40:	02048807          	vle8.v	v16,(s1)
   9fb44:	6505                	lui	a0,0x1
   9fb46:	950a                	add	a0,a0,sp
   9fb48:	8a853483          	ld	s1,-1880(a0) # 8a8 <$d.227+0x50e>
   9fb4c:	94ae                	add	s1,s1,a1
   9fb4e:	02048987          	vle8.v	v19,(s1)
   9fb52:	a31238d7          	vsrl.vi	v17,v17,4
   9fb56:	f71de757          	vwmacc.vx	v14,s11,v17
   9fb5a:	a32238d7          	vsrl.vi	v17,v18,4
   9fb5e:	f71de7d7          	vwmacc.vx	v15,s11,v17
   9fb62:	6505                	lui	a0,0x1
   9fb64:	950a                	add	a0,a0,sp
   9fb66:	89853d83          	ld	s11,-1896(a0) # 898 <$d.227+0x4fe>
   9fb6a:	2707b8d7          	vand.vi	v17,v16,15
   9fb6e:	f71b66d7          	vwmacc.vx	v13,s6,v17
   9fb72:	2737b8d7          	vand.vi	v17,v19,15
   9fb76:	f71b6657          	vwmacc.vx	v12,s6,v17
   9fb7a:	6505                	lui	a0,0x1
   9fb7c:	950a                	add	a0,a0,sp
   9fb7e:	8b053b03          	ld	s6,-1872(a0) # 8b0 <$d.227+0x516>
   9fb82:	6505                	lui	a0,0x1
   9fb84:	950a                	add	a0,a0,sp
   9fb86:	8a053483          	ld	s1,-1888(a0) # 8a0 <$d.227+0x506>
   9fb8a:	94ae                	add	s1,s1,a1
   9fb8c:	02048887          	vle8.v	v17,(s1)
   9fb90:	01b584b3          	add	s1,a1,s11
   9fb94:	02048907          	vle8.v	v18,(s1)
   9fb98:	a3023857          	vsrl.vi	v16,v16,4
   9fb9c:	f70ce757          	vwmacc.vx	v14,s9,v16
   9fba0:	a3323857          	vsrl.vi	v16,v19,4
   9fba4:	f70ce7d7          	vwmacc.vx	v15,s9,v16
   9fba8:	6505                	lui	a0,0x1
   9fbaa:	950a                	add	a0,a0,sp
   9fbac:	8a053c83          	ld	s9,-1888(a0) # 8a0 <$d.227+0x506>
   9fbb0:	2717b857          	vand.vi	v16,v17,15
   9fbb4:	f70a66d7          	vwmacc.vx	v13,s4,v16
   9fbb8:	2727b857          	vand.vi	v16,v18,15
   9fbbc:	f70a6657          	vwmacc.vx	v12,s4,v16
   9fbc0:	6505                	lui	a0,0x1
   9fbc2:	950a                	add	a0,a0,sp
   9fbc4:	8c053a03          	ld	s4,-1856(a0) # 8c0 <$d.227+0x526>
   9fbc8:	6505                	lui	a0,0x1
   9fbca:	950a                	add	a0,a0,sp
   9fbcc:	89053483          	ld	s1,-1904(a0) # 890 <$d.227+0x4f6>
   9fbd0:	94ae                	add	s1,s1,a1
   9fbd2:	02048807          	vle8.v	v16,(s1)
   9fbd6:	74ae                	ld	s1,232(sp)
   9fbd8:	94ae                	add	s1,s1,a1
   9fbda:	02048987          	vle8.v	v19,(s1)
   9fbde:	a31238d7          	vsrl.vi	v17,v17,4
   9fbe2:	f71be757          	vwmacc.vx	v14,s7,v17
   9fbe6:	a32238d7          	vsrl.vi	v17,v18,4
   9fbea:	f71be7d7          	vwmacc.vx	v15,s7,v17
   9fbee:	6505                	lui	a0,0x1
   9fbf0:	950a                	add	a0,a0,sp
   9fbf2:	8a853b83          	ld	s7,-1880(a0) # 8a8 <$d.227+0x50e>
   9fbf6:	2707b8d7          	vand.vi	v17,v16,15
   9fbfa:	f71966d7          	vwmacc.vx	v13,s2,v17
   9fbfe:	2737b8d7          	vand.vi	v17,v19,15
   9fc02:	f7196657          	vwmacc.vx	v12,s2,v17
   9fc06:	6505                	lui	a0,0x1
   9fc08:	950a                	add	a0,a0,sp
   9fc0a:	8d053903          	ld	s2,-1840(a0) # 8d0 <$d.227+0x536>
   9fc0e:	754e                	ld	a0,240(sp)
   9fc10:	952e                	add	a0,a0,a1
   9fc12:	02050887          	vle8.v	v17,(a0)
   9fc16:	656e                	ld	a0,216(sp)
   9fc18:	952e                	add	a0,a0,a1
   9fc1a:	02050907          	vle8.v	v18,(a0)
   9fc1e:	a3023857          	vsrl.vi	v16,v16,4
   9fc22:	f70ae757          	vwmacc.vx	v14,s5,v16
   9fc26:	a3323857          	vsrl.vi	v16,v19,4
   9fc2a:	f70ae7d7          	vwmacc.vx	v15,s5,v16
   9fc2e:	6505                	lui	a0,0x1
   9fc30:	950a                	add	a0,a0,sp
   9fc32:	8b853a83          	ld	s5,-1864(a0) # 8b8 <$d.227+0x51e>
   9fc36:	2717b857          	vand.vi	v16,v17,15
   9fc3a:	f70f66d7          	vwmacc.vx	v13,t5,v16
   9fc3e:	2727b857          	vand.vi	v16,v18,15
   9fc42:	f70f6657          	vwmacc.vx	v12,t5,v16
   9fc46:	6505                	lui	a0,0x1
   9fc48:	950a                	add	a0,a0,sp
   9fc4a:	8e053f03          	ld	t5,-1824(a0) # 8e0 <$d.227+0x546>
   9fc4e:	750e                	ld	a0,224(sp)
   9fc50:	952e                	add	a0,a0,a1
   9fc52:	02050807          	vle8.v	v16,(a0)
   9fc56:	a31238d7          	vsrl.vi	v17,v17,4
   9fc5a:	f719e757          	vwmacc.vx	v14,s3,v17
   9fc5e:	654e                	ld	a0,208(sp)
   9fc60:	952e                	add	a0,a0,a1
   9fc62:	02050887          	vle8.v	v17,(a0)
   9fc66:	a3223957          	vsrl.vi	v18,v18,4
   9fc6a:	f729e7d7          	vwmacc.vx	v15,s3,v18
   9fc6e:	6505                	lui	a0,0x1
   9fc70:	950a                	add	a0,a0,sp
   9fc72:	8c853983          	ld	s3,-1848(a0) # 8c8 <$d.227+0x52e>
   9fc76:	2707b957          	vand.vi	v18,v16,15
   9fc7a:	f72e66d7          	vwmacc.vx	v13,t3,v18
   9fc7e:	2717b957          	vand.vi	v18,v17,15
   9fc82:	f72e6657          	vwmacc.vx	v12,t3,v18
   9fc86:	6505                	lui	a0,0x1
   9fc88:	950a                	add	a0,a0,sp
   9fc8a:	8f053e03          	ld	t3,-1808(a0) # 8f0 <$d.227+0x556>
   9fc8e:	652e                	ld	a0,200(sp)
   9fc90:	952e                	add	a0,a0,a1
   9fc92:	02050907          	vle8.v	v18,(a0)
   9fc96:	a3023857          	vsrl.vi	v16,v16,4
   9fc9a:	f70fe757          	vwmacc.vx	v14,t6,v16
   9fc9e:	650e                	ld	a0,192(sp)
   9fca0:	952e                	add	a0,a0,a1
   9fca2:	02050807          	vle8.v	v16,(a0)
   9fca6:	a31238d7          	vsrl.vi	v17,v17,4
   9fcaa:	f71fe7d7          	vwmacc.vx	v15,t6,v17
   9fcae:	6505                	lui	a0,0x1
   9fcb0:	950a                	add	a0,a0,sp
   9fcb2:	8d853f83          	ld	t6,-1832(a0) # 8d8 <$d.227+0x53e>
   9fcb6:	2727b8d7          	vand.vi	v17,v18,15
   9fcba:	f71366d7          	vwmacc.vx	v13,t1,v17
   9fcbe:	2707b8d7          	vand.vi	v17,v16,15
   9fcc2:	f7136657          	vwmacc.vx	v12,t1,v17
   9fcc6:	6305                	lui	t1,0x1
   9fcc8:	756a                	ld	a0,184(sp)
   9fcca:	952e                	add	a0,a0,a1
   9fccc:	02050887          	vle8.v	v17,(a0)
   9fcd0:	a3223957          	vsrl.vi	v18,v18,4
   9fcd4:	f72ee757          	vwmacc.vx	v14,t4,v18
   9fcd8:	754a                	ld	a0,176(sp)
   9fcda:	952e                	add	a0,a0,a1
   9fcdc:	02050907          	vle8.v	v18,(a0)
   9fce0:	a3023857          	vsrl.vi	v16,v16,4
   9fce4:	f70ee7d7          	vwmacc.vx	v15,t4,v16
   9fce8:	6505                	lui	a0,0x1
   9fcea:	950a                	add	a0,a0,sp
   9fcec:	8e853e83          	ld	t4,-1816(a0) # 8e8 <$d.227+0x54e>
   9fcf0:	2717b857          	vand.vi	v16,v17,15
   9fcf4:	f708e6d7          	vwmacc.vx	v13,a7,v16
   9fcf8:	2727b857          	vand.vi	v16,v18,15
   9fcfc:	f708e657          	vwmacc.vx	v12,a7,v16
   9fd00:	752a                	ld	a0,168(sp)
   9fd02:	952e                	add	a0,a0,a1
   9fd04:	02050807          	vle8.v	v16,(a0)
   9fd08:	a31238d7          	vsrl.vi	v17,v17,4
   9fd0c:	f713e757          	vwmacc.vx	v14,t2,v17
   9fd10:	750a                	ld	a0,160(sp)
   9fd12:	952e                	add	a0,a0,a1
   9fd14:	02050887          	vle8.v	v17,(a0)
   9fd18:	a3223957          	vsrl.vi	v18,v18,4
   9fd1c:	f723e7d7          	vwmacc.vx	v15,t2,v18
   9fd20:	6505                	lui	a0,0x1
   9fd22:	950a                	add	a0,a0,sp
   9fd24:	8f853383          	ld	t2,-1800(a0) # 8f8 <$d.227+0x55e>
   9fd28:	2707b957          	vand.vi	v18,v16,15
   9fd2c:	f72866d7          	vwmacc.vx	v13,a6,v18
   9fd30:	2717b957          	vand.vi	v18,v17,15
   9fd34:	f7286657          	vwmacc.vx	v12,a6,v18
   9fd38:	12400493          	li	s1,292
   9fd3c:	6866                	ld	a6,88(sp)
   9fd3e:	656a                	ld	a0,152(sp)
   9fd40:	952e                	add	a0,a0,a1
   9fd42:	02050907          	vle8.v	v18,(a0)
   9fd46:	a3023857          	vsrl.vi	v16,v16,4
   9fd4a:	f702e757          	vwmacc.vx	v14,t0,v16
   9fd4e:	654a                	ld	a0,144(sp)
   9fd50:	952e                	add	a0,a0,a1
   9fd52:	02050807          	vle8.v	v16,(a0)
   9fd56:	a31238d7          	vsrl.vi	v17,v17,4
   9fd5a:	f712e7d7          	vwmacc.vx	v15,t0,v17
   9fd5e:	6505                	lui	a0,0x1
   9fd60:	950a                	add	a0,a0,sp
   9fd62:	90053283          	ld	t0,-1792(a0) # 900 <$d.227+0x566>
   9fd66:	2727b8d7          	vand.vi	v17,v18,15
   9fd6a:	f71666d7          	vwmacc.vx	v13,a2,v17
   9fd6e:	2707b8d7          	vand.vi	v17,v16,15
   9fd72:	f7166657          	vwmacc.vx	v12,a2,v17
   9fd76:	652a                	ld	a0,136(sp)
   9fd78:	952e                	add	a0,a0,a1
   9fd7a:	02050887          	vle8.v	v17,(a0)
   9fd7e:	a3223957          	vsrl.vi	v18,v18,4
   9fd82:	f7276757          	vwmacc.vx	v14,a4,v18
   9fd86:	a3023857          	vsrl.vi	v16,v16,4
   9fd8a:	f70767d7          	vwmacc.vx	v15,a4,v16
   9fd8e:	650a                	ld	a0,128(sp)
   9fd90:	952e                	add	a0,a0,a1
   9fd92:	02050807          	vle8.v	v16,(a0)
   9fd96:	2717b957          	vand.vi	v18,v17,15
   9fd9a:	f726e6d7          	vwmacc.vx	v13,a3,v18
   9fd9e:	a31238d7          	vsrl.vi	v17,v17,4
   9fda2:	f717e757          	vwmacc.vx	v14,a5,v17
   9fda6:	2707b8d7          	vand.vi	v17,v16,15
   9fdaa:	f716e657          	vwmacc.vx	v12,a3,v17
   9fdae:	76a6                	ld	a3,104(sp)
   9fdb0:	a3023857          	vsrl.vi	v16,v16,4
   9fdb4:	f707e7d7          	vwmacc.vx	v15,a5,v16
   9fdb8:	7786                	ld	a5,96(sp)
   9fdba:	0c807057          	vsetvli	zero,zero,e16,m1,ta,ma
   9fdbe:	f6d52057          	vwmacc.vv	v0,v10,v13
   9fdc2:	0205d507          	vle16.v	v10,(a1)
   9fdc6:	f6e5a057          	vwmacc.vv	v0,v11,v14
   9fdca:	f6c42f57          	vwmacc.vv	v30,v8,v12
   9fdce:	f6f4af57          	vwmacc.vv	v30,v9,v15
   9fdd2:	4aa61457          	vfwcvt.f.f.v	v8,v10
   9fdd6:	0d107057          	vsetvli	zero,zero,e32,m2,ta,ma
   9fdda:	9287d457          	vfmul.vf	v8,v8,fa5
   9fdde:	4a019557          	vfcvt.f.x.v	v10,v0
   9fde2:	c2202573          	csrr	a0,vlenb
   9fde6:	0506                	slli	a0,a0,0x1
   9fde8:	20a52533          	sh1add	a0,a0,a0
   9fdec:	950a                	add	a0,a0,sp
   9fdee:	7ff50513          	addi	a0,a0,2047
   9fdf2:	11150513          	addi	a0,a0,273
   9fdf6:	22850607          	vl2r.v	v12,(a0)
   9fdfa:	a2c41557          	vfmadd.vv	v10,v8,v12
   9fdfe:	05c1                	addi	a1,a1,16
   9fe00:	0205d407          	vle16.v	v8,(a1)
   9fe04:	4bc19657          	vfcvt.f.x.v	v12,v28
   9fe08:	5e050857          	vmv.v.v	v16,v10
   9fe0c:	c2202573          	csrr	a0,vlenb
   9fe10:	0506                	slli	a0,a0,0x1
   9fe12:	950a                	add	a0,a0,sp
   9fe14:	7ff50513          	addi	a0,a0,2047
   9fe18:	11150513          	addi	a0,a0,273
   9fe1c:	22850507          	vl2r.v	v10,(a0)
   9fe20:	bea61857          	vfnmsac.vv	v16,v12,v10
   9fe24:	0c807057          	vsetvli	zero,zero,e16,m1,ta,ma
   9fe28:	4a861557          	vfwcvt.f.f.v	v10,v8
   9fe2c:	0d107057          	vsetvli	zero,zero,e32,m2,ta,ma
   9fe30:	92a7d457          	vfmul.vf	v8,v10,fa5
   9fe34:	4be19557          	vfcvt.f.x.v	v10,v30
   9fe38:	c2202573          	csrr	a0,vlenb
   9fe3c:	050e                	slli	a0,a0,0x3
   9fe3e:	950a                	add	a0,a0,sp
   9fe40:	7ff50513          	addi	a0,a0,2047
   9fe44:	11150513          	addi	a0,a0,273
   9fe48:	22850607          	vl2r.v	v12,(a0)
   9fe4c:	a2c41557          	vfmadd.vv	v10,v8,v12
   9fe50:	4ba19457          	vfcvt.f.x.v	v8,v26
   9fe54:	c2202573          	csrr	a0,vlenb
   9fe58:	050a                	slli	a0,a0,0x2
   9fe5a:	950a                	add	a0,a0,sp
   9fe5c:	7ff50513          	addi	a0,a0,2047
   9fe60:	11150513          	addi	a0,a0,273
   9fe64:	22850607          	vl2r.v	v12,(a0)
   9fe68:	bec41557          	vfnmsac.vv	v10,v8,v12
   9fe6c:	6505                	lui	a0,0x1
   9fe6e:	950a                	add	a0,a0,sp
   9fe70:	88853583          	ld	a1,-1912(a0) # 888 <$d.227+0x4ee>
   9fe74:	852e                	mv	a0,a1
   9fe76:	00f58463          	beq	a1,a5,9fe7e <weft_emitc_ggml_repack_gevm_ct_q4_K_q8_K_kernel_ggml_repack_gevm_ct_q4_K_q8_K+0x4c9e>
   9fe7a:	d46fb06f          	j	9b3c0 <weft_emitc_ggml_repack_gevm_ct_q4_K_q8_K_kernel_ggml_repack_gevm_ct_q4_K_q8_K+0x1e0>
   9fe7e:	6606                	ld	a2,64(sp)
   9fe80:	00761513          	slli	a0,a2,0x7
   9fe84:	7582                	ld	a1,32(sp)
   9fe86:	952e                	add	a0,a0,a1
   9fe88:	c2202773          	csrr	a4,vlenb
   9fe8c:	0706                	slli	a4,a4,0x1
   9fe8e:	20e74733          	sh2add	a4,a4,a4
   9fe92:	970a                	add	a4,a4,sp
   9fe94:	7ff70713          	addi	a4,a4,2047
   9fe98:	11170713          	addi	a4,a4,273
   9fe9c:	22870407          	vl2r.v	v8,(a4)
   9fea0:	02056427          	vse32.v	v8,(a0)
   9fea4:	02050513          	addi	a0,a0,32
   9fea8:	c2202773          	csrr	a4,vlenb
   9feac:	070a                	slli	a4,a4,0x2
   9feae:	20e72733          	sh1add	a4,a4,a4
   9feb2:	970a                	add	a4,a4,sp
   9feb4:	7ff70713          	addi	a4,a4,2047
   9feb8:	11170713          	addi	a4,a4,273
   9febc:	22870407          	vl2r.v	v8,(a4)
   9fec0:	02056427          	vse32.v	v8,(a0)
   9fec4:	7562                	ld	a0,56(sp)
   9fec6:	051a                	slli	a0,a0,0x6
   9fec8:	952e                	add	a0,a0,a1
   9feca:	02056827          	vse32.v	v16,(a0)
   9fece:	02050513          	addi	a0,a0,32
   9fed2:	0605                	addi	a2,a2,1
   9fed4:	02056527          	vse32.v	v10,(a0)
   9fed8:	7ff10513          	addi	a0,sp,2047
   9fedc:	11150513          	addi	a0,a0,273
   9fee0:	22850407          	vl2r.v	v8,(a0)
   9fee4:	7722                	ld	a4,40(sp)
   9fee6:	00e60463          	beq	a2,a4,9feee <weft_emitc_ggml_repack_gevm_ct_q4_K_q8_K_kernel_ggml_repack_gevm_ct_q4_K_q8_K+0x4d0e>
   9feea:	c7efb06f          	j	9b368 <weft_emitc_ggml_repack_gevm_ct_q4_K_q8_K_kernel_ggml_repack_gevm_ct_q4_K_q8_K+0x188>
   9feee:	c2202573          	csrr	a0,vlenb
   9fef2:	0512                	slli	a0,a0,0x4
   9fef4:	912a                	add	sp,sp,a0
   9fef6:	79010113          	addi	sp,sp,1936
   9fefa:	70be                	ld	ra,488(sp)
   9fefc:	741e                	ld	s0,480(sp)
   9fefe:	64fe                	ld	s1,472(sp)
   9ff00:	695e                	ld	s2,464(sp)
   9ff02:	69be                	ld	s3,456(sp)
   9ff04:	6a1e                	ld	s4,448(sp)
   9ff06:	7afa                	ld	s5,440(sp)
   9ff08:	7b5a                	ld	s6,432(sp)
   9ff0a:	7bba                	ld	s7,424(sp)
   9ff0c:	7c1a                	ld	s8,416(sp)
   9ff0e:	6cfa                	ld	s9,408(sp)
   9ff10:	6d5a                	ld	s10,400(sp)
   9ff12:	6dba                	ld	s11,392(sp)
   9ff14:	617d                	addi	sp,sp,496
   9ff16:	8082                	ret
