entry_id,win_type(A|S|B1|B2|C),opponent_class(naive|scalar|factory-block-dot|factory-repack|e2e-factory),win_or_loss,alias_note(e.g. Win-S=historical-mislabel-Win-B),locked_wording(L-7),triage(missing_fact|missing_pattern|misselection|physical),objdump_evidence_ptr,named_new_fact_or_pattern_id,closure_status,retest_result_ptr,snapshot
q8_0-deferred-ordered-fold-P2c,B1,factory-block-dot,loss,P2c-deferred-1.69x-was-fp16-libcall-confound(see-GAP-1/P2c-A),"fair VLEN128 (clang-20, both sides zfh march, 0 libcall, IQR<0.02%): deferred 23% slower than factory (A/C=1.232), 7.5% slower than per-block (A/B=1.075); round-trip-elimination hypothesis FALSIFIED; vsetvli churn 19 vs 5 > round-trip saved; dual-board 256/256 bit-exact ULP0 (capability real, numerics correct)",physical,experiments/ondevice-q8_0-deferred/A_deferred.rv64gcv_zvfhmin.objdump + experiments/ondevice-q8_0-deferred/fair/perf_rvv_vlen128_FAIR.csv,MFLAT-P2c-deferred-ordered-fold(pattern-registry status=measured-negative),closed-measured-negative-layer4-no-campaign,experiments/ondevice-q8_0-deferred/fair/perf_rvv_vlen128_FAIR.csv,daab0ff1
q8_0-capability-keyed-fill,B1(cap-fill-mechanism;board-conditional;NOT-sealed-8-gate),factory-block-dot,board-conditional-win(VLEN256 +2.5% / VLEN128 loss),[SUPERSEDED-by-q8_0-item4-fcvt-reschedule: the +9.9% pure-fill-lever DISSOLVES -- item4 showed it was fcvt-tax hitting m2 heavier not fill-utilization; corrected real win = +4.37% reschedule/C-structure edge (dual-LMUL) NOT a fill lever] capability-fill win; first to clear preflight 4-gate + adversarial verify; KERNEL-only single-board; NOT sealed [PERF-1] 8-gate universal Win-B,"k1 VLEN256 +2.5% fair win (IQR 0.01%, non-overlapping dists, CI excludes 1.0, bit-exact ULP0, no-FMA). Decomp: +9.9% pure fill lever (ours-m1 vs ours-m2 isolated LMUL) - 8.3% emitter-sched residue (ours-m2 vs factory-m2 SAME LMUL, named-not-chased). Q1-c floor 325ns, factory 11.6x above -> parity-at-floor excluded. VLEN256 wins (m1 full-fill VLMAX_e8m1=32=1block), VLEN128 loses (m1 underfills half-block -> m2 -> emitter-gap side)",missing_pattern,T3_step3 objdump fold-isolation seals + this-session k1 VLEN256 fair board raw(pending-file),capability-keyed-fill(mechanism)+emitter-sched-residue(named emitter maturity gap),characterized-kernel-golf-stopped-authorized;emitter-gap-named-not-chased,session k1 VLEN256 fair board run(clang-20 zfh march; preflight 4-gate pass; raw pending-file; lineage k1 SpacemiT-X60 VLEN256),daab0ff1
q8_0-item4-fcvt-reschedule,B1(C-structure-lever;board-conditional;NOT-sealed-8-gate),factory-block-dot,board-conditional-win(k1/VLEN256 +4.37% / rvv/VLEN128 parity-no-tax),closes finale -8.3% emitter-sched tax; ★+11% m1-over-m2 fill DISSOLVES (was fcvt-tax on m2 heavier not fill-utilization; item4 m1=3621ns approx= m2=3617ns); real win = reschedule/C-structure edge dual-LMUL NOT fill-lever,"k1 VLEN256 our-m2 4096->3617ns = +4.37% vs factory (preflight 4/4 dual-board, confound-clean, paired, byte-exact 256/256 ULP0 vs §1 sep-left-assoc oracle, no-FMA). Mechanism = fp16-scale fcvt.s.h rescheduled from before integer-core to fold segment (like ggml factory), +80/-80 PURE statement reschedule, numerics IDENT. REAL machine change: objdump dual-board confirms fcvt.s.h truly moved (HEAD/B flh->fcvt.s.h->vwredsum->fmul early-issue; item4/A vwredsum->flh->fcvt.s.h->fmul late-issue); clang -O2 does NOT flatten (contrast 2a vsetvli machine-neutral). rvv/VLEN128 has no tax -> item4 neutral parity. [PERF-1] 8-gate walk: ①byte-exact PASS ②VLEN-flip dual-board PASS ③objdump dual-board seal PASS ④micro AND e2e = KERNEL-MICRO-ONLY (phase=micro; e2e pending, likely washes per kernel-wins-dont-transplant) ⑤dual-board PASS ⑥discipline(preflight/freq-lock/median/T-N) PASS ⑦mechanism-attribution(objdump fcvt真移) PASS ⑧wording(bound k1/VLEN256/clang-18/micro-phase) PASS = 7/8 with ④ micro-only. NOT sealed universal Win-B (④ e2e + full VLEN-flip lit pending)",missing_pattern(emitter-sched tax -- CLOSED by item4),commit e7449feb objdump dual-board fcvt.s.h reschedule (board raw in commit msg + gap-log GAP-1/q8_0-item4) + experiments/ondevice-q8_0-mbf/seal/fold_segment_objdump.txt,item4-fcvt-placement-C-structure-lever(machine-gen-C structural lever clang-respected = the instruction-golf sanity-EXCEPTION),emitter-sched-tax-CLOSED;C-structure-lever-win;instruction-golf-sanity-EXCEPTION(item4-grade dual-evidence: C-structure lever + clang-respected objdump-real-move),commit e7449feb + gap-log GAP-1/q8_0-item4,8e30ea2d
q5_K-2c-deferred-reduce-vs-aux8-roundtrip,B1(board-split;NOT-sealed-8-gate),factory-block-dot,board-split(k1/VLEN256 +2.7~4.8% win / rvv/VLEN128 -15~17.5% loss),2c q5_K superseding measurement (workflow wodc5u06c); ★MORE faithful to ggml scalar GENERIC oracle than ggml's own factory riscv kernel (ours 256/256 ULP0 vs factory 55/256 worst-ULP-130 coarse-fold); opponent = softest K-quant (plain intrinsics objdump no vlNNN),"k1/VLEN256 ours 6247.9ns vs factory 6418.7ns = +2.73% median (gap-log range +2.7~4.8%) WIN; rvv/VLEN128 ours 1914.6ns vs factory 1629.4ns = ours 17.5% slower LOSS. bit-exact dual-board 256/256 ULP0 vs GENERIC q5_K oracle (★ours MORE faithful than factory 55/256 worst-ULP-130). Mechanism (objdump dual-board): win-lever = deferred-reduce (ours vredsum 0 vs factory 9); headwind = aux8[256] scratch round-trip (ours vse8 8 vs factory register-resident 0). Sign flips with uarch: k1 weak-core + wide-vredsum -> deferred-save > aux8 -> win; rvv fast-core -> aux8 8-store+256B-readback > save -> loss. [PERF-1] 8-gate walk: ①byte-exact PASS(more-faithful) ②VLEN-flip dual-board PASS ③objdump dual-board seal PASS ④micro AND e2e = KERNEL-MICRO-ONLY ⑤dual-board PASS(board-SPLIT) ⑥discipline PASS(preflight 4/4) ⑦mechanism-attribution(deferred-reduce vredsum 0 vs 9) PASS ⑧wording(board-split bound k1/VLEN256/clang-18/micro-phase) PASS. NOT sealed universal Win-B (board-SPLIT not universal; ④ micro-only)",missing_pattern(aux8 round-trip -- ★2c triage MISDIAGNOSED aux8 as bottleneck; P3 revealed decode-width is the real cost),experiments/ondevice-q5_K/k1_ab_raw.txt + rvv_ab_raw.txt (objdump seals + AB) + gap-log GAP-1/q5_K-aux8-roundtrip,deferred-reduce-vredsum-0-vs-9(win-lever) + decode-width-downgrade(real headwind per P3 correction NOT aux8),board-split-banked(bit-exact + faithfulness + bottleneck-located);P3-register-resident-narrow FALSIFIED(2.2x regression decode-width not aux8);wide-decode-salvage=deferred-backlog(pattern-registry),gap-log GAP-1/q5_K-P3-register-resident FALSIFIED + pattern-registry wide-decode-register-resident-salvage(deferred-backlog),8e30ea2d
q4_0-gevm-k1-vlen256-decode-P1-roofline-GAP,B1(board-conditional;NOT-sealed-8-gate),e2e-factory,loss(board-conditional: k1/VLEN256 ours 0.854x slower),"P1 UNPARKED — the parked k1/VLEN256 decode 0.857x reversal RESOLVED by fresh roofline as a REAL GAP (真差), NOT a confound and NOT parity-at-floor","k1/VLEN256 fresh paired N=10 (freq 1.6GHz 0.00% span, cores 0-3/4thr, IQR 0.13%): ours 5.67 t/s vs stock 6.64 t/s = 0.854x DIFFERENCE CI[0.8533,0.8552]. Fresh k1 roofline: read wall 4.260 GB/s (4-core aggregate), ridge 12 op/byte => q4_0 GEVM decode (~1-2 op/byte) BANDWIDTH-BOUND. Achievement (bytes/token 0.582 structural): ours 3.30 GB/s = 78% of wall (UNDER) / stock 3.86 GB/s = 91% of wall (AT wall). Three-tier => GAP (我方未吃满、对手吃满); parity-at-floor物理满分 EXCLUDED (needs BOTH>=85%); confound EXCLUDED (freq-locked, paired same-session, CI excl 1.0). Mechanism: our repack GEVM is VLEN128-tuned (mf2) -> under-streams at VLEN256; the exact VLEN-flip MIRROR of the sealed rvv/VLEN128 result (ours saturates ~100% -> decode WIN 1.91x). Companion same-run prefill = 1.0022x PARITY (compute-bound).",misselection(SELECTION-ERROR reclassified-2026-07-07-裁决一.3 FROM missing_pattern; root-cause = the capability selector keys ONLY isRVV0p7 GENERATION not the VLEN128-vs-256 capability fact; so at VLEN256/RVV1.0 it auto-picks the VLEN128-tuned mf2 repack layout which under-streams DRAM; a VLEN256-appropriate wider-LMUL streaming variant is UNREACHABLE because the key is generation-only => the winning variant EXISTS-but-NOT-SELECTED not a missing pattern; roofline under-saturation is the SYMPTOM the selection blindness is the CAUSE),experiments/archive/perf-historical/p1-k1-vlen256-decode-roofline/bandwidth_analysis.txt + experiments/active/roofline/roofline.csv,vlen256-repack-gevm-under-saturation(mirror of vlen128-repack-saturation-win) + selector-key-missing-VLEN-fact(keys-isRVV0p7-generation-only)=capability-keyed-selection-TEXTBOOK-case,characterized-roofline-resolved-real-GAP;RECLASSIFIED-2026-07-07-裁决一.3 missing_pattern->misselection(selection-error);UPGRADE-PRESERVED as capability-keyed-selection textbook case (fix = add the VLEN fact to the selector key; ★2026-07-07 裁决二.1 tested the widen-to-whole-LMUL/m1 DIRECTION and FALSIFIED it: 2.72x REGRESSION on the reachable prefill GEMM + 11% slower q8_0 GEVM [see rows q4_0-gemm-k1-vlen256-GAP-P1-fix-confirm-REGRESSION + q8_0-gevm-k1-vlen256-mf2-vs-m1-do-not-widen-VINDICATED]; the q8_0 3-way indicates the correct VLEN256 variant is a mf2 WIDE-STRIP half_lanes16 read-wall 40.4% vs narrow 29.8% NOT whole-LMUL m1 36.4%; this DECODE GEVM cell itself not yet re-measured with the wide-strip variant -> add-VLEN-fact-to-key still valid but must target the wide-STRIP not the m1 rung);P1-unparked-as-real-difference-not-confound,experiments/archive/perf-historical/p1-k1-vlen256-decode-roofline/evidence.json,d1a26e4a
q4_0-gemm-k1-vlen256-prefill-parity,B1(board-conditional),e2e-factory,parity(k1/VLEN256 ours 1.0022x),GEMM wide-board control — prefill parity per VLEN-flip as expected (compute-bound),"k1/VLEN256 fresh paired N=10: ours 24.69 t/s vs stock 24.63 t/s = 1.0022x CI[1.0014,1.0030] VERDICT PARITY (|delta|0.22% < 2x-eff-floor 0.24%). pp128 (M=128) weight-reuse => arithmetic intensity >> ridge 12 => COMPUTE-BOUND; both sides at similar compute efficiency => parity, the expected outcome per VLEN-flip. Recorded as a result (parity is a result, not a beat).",physical(compute-bound; parity expected),experiments/archive/perf-historical/p1-k1-vlen256-decode-roofline/evidence.json,vlen-flip-prefill-parity(compute-bound-control),recorded-parity-control,experiments/archive/perf-historical/p1-k1-vlen256-decode-roofline/aggregate.txt,d1a26e4a
format-micro-iq3_s-q8k-block-dot-batch2c,B1,factory-block-dot,loss,batch2c-symmetric-fair(gcc-15.2.0 -O3 both sides; byte-identical march); SUPERSEDES batch2b-INVALID(compiler-asymmetry-artifact),iq3_s LOSS 0.2804x (ours 3.57x slower; compute-bound 4%-of-read): missing_pattern -- ours emits 156 vsetvli / 33 vluxei-gather / 32 per-subblock vwredsum / 63 AVL=2 ops / 7 whole-reg-spill vs factory vl128 12 vsetvli / 1 gather; sign(qh)+grid decode is per-sub-block not batched over the super-block. fair gcc-15.2.0 -O3 both sides,missing_pattern,experiments/active/format-micro-rvv-vlen128/gap_triage_batch2c/disasm/iq3_s.ours.objdump.txt + experiments/active/format-micro-rvv-vlen128/gap_triage_batch2c/disasm/iq3_s.factory_vl128.objdump.txt + experiments/active/format-micro-rvv-vlen128/gap_triage_batch2c/objdump_gap_triage.txt,emit-pattern/per-subblock-gather-redsum-not-batched,characterized-missing_pattern;construction-queue-emitter-maturity-target;NOT-physical,experiments/active/format-micro-rvv-vlen128/perf_result_batch2c_symmetric.txt,ffcfcf80(batch2c-2026-07-07)
format-micro-iq2_s-q8k-block-dot-batch2c,B1,factory-block-dot,loss,batch2c-symmetric-fair(gcc-15.2.0 -O3 both sides; byte-identical march); SUPERSEDES batch2b-INVALID(compiler-asymmetry-artifact),iq2_s LOSS 0.4772x (2.10x slower; 16%-of-read): missing_pattern -- ours 75 vsetvli / 32 vluxei-gather / 19 AVL=2 vs factory 16 vsetvli / 1 gather; per-sub-block sign-grid gather x32 not batched,missing_pattern,experiments/active/format-micro-rvv-vlen128/gap_triage_batch2c/disasm/iq2_s.ours.objdump.txt + experiments/active/format-micro-rvv-vlen128/gap_triage_batch2c/disasm/iq2_s.factory_vl128.objdump.txt + experiments/active/format-micro-rvv-vlen128/gap_triage_batch2c/objdump_gap_triage.txt,emit-pattern/per-subblock-sign-grid-gather-not-batched,characterized-missing_pattern;construction-queue-emitter-maturity-target;NOT-physical,experiments/active/format-micro-rvv-vlen128/perf_result_batch2c_symmetric.txt,ffcfcf80(batch2c-2026-07-07)
format-micro-iq2_xs-q8k-block-dot-batch2c,B1,factory-block-dot,loss,batch2c-symmetric-fair(gcc-15.2.0 -O3 both sides; byte-identical march); SUPERSEDES batch2b-INVALID(compiler-asymmetry-artifact),iq2_xs LOSS 0.3293x (3.04x slower; 8%-of-read): missing_pattern -- ours 92 vsetvli / 32 vluxei-gather / 22 AVL=2 / 5 whole-reg-spill vs factory 23 vsetvli / 8 gather; per-sub-block gather + vsetvli churn not batched,missing_pattern,experiments/active/format-micro-rvv-vlen128/gap_triage_batch2c/disasm/iq2_xs.ours.objdump.txt + experiments/active/format-micro-rvv-vlen128/gap_triage_batch2c/disasm/iq2_xs.factory_vl128.objdump.txt + experiments/active/format-micro-rvv-vlen128/gap_triage_batch2c/objdump_gap_triage.txt,emit-pattern/per-subblock-gather-not-batched,characterized-missing_pattern;construction-queue-emitter-maturity-target;NOT-physical,experiments/active/format-micro-rvv-vlen128/perf_result_batch2c_symmetric.txt,ffcfcf80(batch2c-2026-07-07)
format-micro-iq2_xxs-q8k-block-dot-batch2c,B1,factory-block-dot,loss,batch2c-symmetric-fair(gcc-15.2.0 -O3 both sides; byte-identical march); SUPERSEDES batch2b-INVALID(compiler-asymmetry-artifact),iq2_xxs LOSS 0.7796x (1.28x slower MILDEST; 7%-of-read): missing_pattern -- ours 50 vsetvli / 16 vluxei-gather / 0 AVL=2 vs factory 16 vsetvli / 4 gather; only gather-count + vsetvli-count gap remains (no 2-elem scalarization) -> mildest cell; gap magnitude tracks AVL=2 count across family. sealed bit-exact,missing_pattern,experiments/active/format-micro-rvv-vlen128/gap_triage_batch2c/disasm/iq2_xxs.ours.objdump.txt + experiments/active/format-micro-rvv-vlen128/gap_triage_batch2c/disasm/iq2_xxs.factory_vl128.objdump.txt + experiments/active/format-micro-rvv-vlen128/gap_triage_batch2c/objdump_gap_triage.txt,emit-pattern/gather-count+vsetvli-churn-no-2elem,characterized-missing_pattern;construction-queue-emitter-maturity-target;NOT-physical;correctness-sealed,experiments/active/format-micro-rvv-vlen128/perf_result_batch2c_symmetric.txt,ffcfcf80(batch2c-2026-07-07)
format-micro-iq3_xxs-q8k-block-dot-batch2c,B1,factory-block-dot,loss,batch2c-symmetric-fair(gcc-15.2.0 -O3 both sides; byte-identical march); SUPERSEDES batch2b-INVALID(compiler-asymmetry-artifact),iq3_xxs LOSS 0.1583x (6.32x slower WORST; 4%-of-read): missing_pattern -- ours 220 vsetvli (SEW/LMUL toggle-storm ~12 configs) / 110 AVL=2 ops (decode emitted TWO-ELEMENTS-AT-A-TIME scalarized-in-vector) / 78 fractional-LMUL / 32 gather vs factory 16 vsetvli / 2 gather; extreme fractional-LMUL 2-elem decode = why worst cell. sealed bit-exact,missing_pattern,experiments/active/format-micro-rvv-vlen128/gap_triage_batch2c/disasm/iq3_xxs.ours.objdump.txt + experiments/active/format-micro-rvv-vlen128/gap_triage_batch2c/disasm/iq3_xxs.factory_vl128.objdump.txt + experiments/active/format-micro-rvv-vlen128/gap_triage_batch2c/objdump_gap_triage.txt,emit-pattern/fraclmul-2elem-scalarization+vsetvli-storm,characterized-missing_pattern;construction-queue-emitter-maturity-target;NOT-physical;correctness-sealed,experiments/active/format-micro-rvv-vlen128/perf_result_batch2c_symmetric.txt,ffcfcf80(batch2c-2026-07-07)
format-micro-iq4_xs-q8k-block-dot-batch2c,B1,factory-block-dot,loss,batch2c-symmetric-fair(gcc-15.2.0 -O3 both sides; byte-identical march); SUPERSEDES batch2b-INVALID(compiler-asymmetry-artifact),iq4_xs LOSS 0.7178x (1.39x slower; 29%-of-read): missing_pattern -- ours 16 small-AVL vrgather codebook-LUT + 17 per-elem fcvt.s.h vs factory 1 batched vrgather + 2 fcvt; 16-entry NL LUT lookup+scale-fold emitted per-sub-block not one wide table-gather. batch2b 1.4556x-ratio>1 EVAPORATED under fair toolchain (was compiler-asymmetry). OUTPUT-DIVERGENT = numeric-contract NON-defect: ours ULP0 vs ggml scalar oracle 50000/50000; factory-vl128 reassociates off oracle 28140/50000 maxULP26621,missing_pattern,experiments/active/format-micro-rvv-vlen128/gap_triage_batch2c/disasm/iq4_xs.ours.objdump.txt + experiments/active/format-micro-rvv-vlen128/gap_triage_batch2c/disasm/iq4_xs.factory_vl128.objdump.txt + experiments/active/format-micro-rvv-vlen128/gap_triage_batch2c/objdump_gap_triage.txt,emit-pattern/codebook-LUT-gather-not-batched,characterized-missing_pattern;numerics-RESOLVED-nondefect(ours-oracle-faithful;factory-reassoc);construction-queue-emitter-maturity-target;NOT-physical,experiments/active/format-micro-rvv-vlen128/perf_result_batch2c_symmetric.txt + experiments/active/format-micro-rvv-vlen128/gap_triage_batch2c/numerics_triage_divergent.txt,ffcfcf80(batch2c-2026-07-07)
format-micro-tq2_0-q8k-block-dot-batch2c,B1,factory-block-dot,loss,batch2c-symmetric-fair(gcc-15.2.0 -O3 both sides; byte-identical march); SUPERSEDES batch2b-INVALID(compiler-asymmetry-artifact),tq2_0 LOSS 0.2311x (4.33x slower; 14%-of-read): missing_pattern -- ours has FEWER static insns (97<factory 114) but 8-way e16m4/m2 widening-macc exceeds the vector regfile -> 4 whole-reg spill+reload (vs2r.v/vl2r.v) INSIDE the hot super-block loop vs factory 0 spill; the 4.33x is a per-iteration spill memory round-trip not an instruction-count gap; fix = register-pressure-aware narrower LMUL,missing_pattern,experiments/active/format-micro-rvv-vlen128/gap_triage_batch2c/disasm/tq2_0.ours.objdump.txt + experiments/active/format-micro-rvv-vlen128/gap_triage_batch2c/disasm/tq2_0.factory_vl128.objdump.txt + experiments/active/format-micro-rvv-vlen128/gap_triage_batch2c/objdump_gap_triage.txt,emit-pattern/LMUL-over-widen-regfile-spill,characterized-missing_pattern;construction-queue-emitter-maturity-target;NOT-physical,experiments/active/format-micro-rvv-vlen128/perf_result_batch2c_symmetric.txt,ffcfcf80(batch2c-2026-07-07)
format-micro-tq1_0-q8k-block-dot-batch2c,B1,factory-block-dot,loss,batch2c-symmetric-fair(gcc-15.2.0 -O3 both sides; byte-identical march); SUPERSEDES batch2b-INVALID(compiler-asymmetry-artifact),tq1_0 LOSS 0.5505x (1.82x slower; 21%-of-read): missing_pattern -- ours 61 vsetvli / 14 vse.v scratch-store / 2 whole-reg-spill / 13 scalar-load vs factory 18 vsetvli / 0; base-243 trit unpack spills intermediates to a scratch buffer instead of register-resident. OUTPUT-DIVERGENT = numeric-contract+harness NON-defect: ours ULP0 vs ggml scalar oracle in every regime (0/50000); same fp-op structure as bit-exact sibling tq2_0,missing_pattern,experiments/active/format-micro-rvv-vlen128/gap_triage_batch2c/disasm/tq1_0.ours.objdump.txt + experiments/active/format-micro-rvv-vlen128/gap_triage_batch2c/disasm/tq1_0.factory_vl128.objdump.txt + experiments/active/format-micro-rvv-vlen128/gap_triage_batch2c/objdump_gap_triage.txt,emit-pattern/ternary-unpack-scratch-roundtrip,characterized-missing_pattern;numerics-RESOLVED-nondefect(ours-oracle-faithful);construction-queue-emitter-maturity-target;NOT-physical,experiments/active/format-micro-rvv-vlen128/perf_result_batch2c_symmetric.txt + experiments/active/format-micro-rvv-vlen128/gap_triage_batch2c/numerics_triage_divergent.txt,ffcfcf80(batch2c-2026-07-07)
q4_0-repack-gemm-rvv-vlen128-prefill-5.92x,C(NOT-sealed-8-gate;5/8-PASS;②③④-pending),e2e-factory,win(board-conditional: rvv/VLEN128 e2e prefill 5.9195x; L1 capability-keyed path-selection),L1 capability-keyed repack-ROUTING win — NOT faster-codegen (routing-era 5.08x prefill tiled kernel is byte-identical A/B; constructed-era 5.92x is ours-emitted GEMM be66c917). 5.08x/5.92x = ONE comparability spine NOT additive (gemm-constructed-sealed MANIFEST §6.1). 8-gate accounting = experiments/active/result-tables/T-PERF1_q4_0_vlen128_prefill_8gate.md,"on ssh rvv (openEuler VLEN128, gcc-15.2.0 full-march, DVFS 0.00%, cores 8-11/4thr, n=10 median+IQR+95%CI, both trees git f3e1828, model tinyllama-q4_0.gguf sha256 da3087fb14aede55), TianChen-RV capability-keyed path-selection engages a front-door-CONSTRUCTED q4_0 repack GEMM (be66c917 typed_repack_gemm_loop_body) on the pp128 prefill path -> e2e prefill 5.9195x [5.91,5.934] IQR0.25% (>200x the 0.25% T-N floor) vs stock upstream ggml BLOCK-DOT; greedy-token 3/3 A==B; mechanism = packed-weight contiguous streaming + register tiling -> memory locality (mattr-objdump vwmacc512/vle8-242/vfwmul.vf21); correctness = FMA-fold BOUNDED-ULP (NOT byte-exact vs ggml). Companion decode tg32 1.9102x [1.904,1.9196] bandwidth-saturation (ceiling-bounded). NOT a sealed universal beat: ②RVV1.0-VLEN256-flip-lit + ③k1/VLEN256-objdump-seal + ④micro-amdahl-transduction/multi-prompt-length PENDING; VLEN256 board = prefill PARITY 1.0022x (win is VLEN128-CONDITIONAL). Honest confound: SPEC bzip2 co-tenant captured in floor, paired protocol cancels common-mode. Beat wording LOCKED per [NG-4] until ②③④ close.",n_a(win-not-gap),experiments/sealed/repack/rvv-vlen128-q4_0-gemm-constructed-sealed/objdump_fingerprint.txt (mattr-decoded vwmacc512/vle8-242/vfwmul.vf21) + experiments/sealed/repack/rvv-SEALED-q4_0-vlen128-fullmarch/objdump_seal.txt,capability-keyed-repack-path-selection(option-2 path-selection novelty; VLEN128-gated repack-vs-blockdot routing),characterized-board-A-conditional;5/8-gate-PASS;②③④-pending-next-board-batch;beat-wording-LOCKED-per-NG-4,experiments/sealed/repack/rvv-vlen128-q4_0-gemm-constructed-sealed/NOTES.md + constructed_evidence.json + target_profile.txt + experiments/active/result-tables/T-PERF1_q4_0_vlen128_prefill_8gate.md,5c010b2b(sealed-D-board-return-2026-07-06)
format-micro-iq2_xxs-gapsb-pair-batching-flip,B1(GAP-SB-flip;WIN-CANDIDATE;micro-kernel-ONLY;NOT-sealed-8-gate;clean-vs-scalar-generic-ONLY),scalar,win(candidate),"GAP-1-closure-EXEMPLAR (first full loop LOSS->triage->pattern->retest-WIN); vs-SIMD-dispatch(gcc-15) comparison=REFUSE (compiler-confound clang20-vs-gcc15 codegen-quality-delta) so ONLY vs-scalar-generic is gate-clean; A/B 3.52x is INTERNAL [NG-4] metric NOT a headline beat","iq2_xxs single-cell . board=rvv VLEN128 (openEuler riscv64 64c clang-17 dispatch core8) . micro-phase . vs probe-pinned ggml GENERIC scalar path (csrr vlenb==16 -> vl128.isra.0 dispatch confirmed live). GAP-1 FULL closure loop: batch2c LOSS 0.735x (ours-PRE 1.36x SLOWER than generic) -> triage missing_pattern(per-subblock-gather-not-batched) -> pattern [GAP-SB] pair-batching -> retest WIN 2.570x (ours-POST 2.57x FASTER than generic) with internal A/B(PRE/POST)=3.52x byte-exact ULP0 (FNV 0xbeb2bdb29c2e9b53 ours==generic==PRE). Mechanism (objdump PRE->POST): vluxei16 indexed-gather 16->8; index vle16 16->8; sign-fold vmul 8->4; config-churn vset 56->40; NET static insns only 459->436 (-5%) but the HALVED ops are the expensive i64 indexed gathers = the latency-bound critical path (roofline ours-POST 1.390 GB/s = 21.9% of 6.354 GB/s ceiling => LATENCY/COMPUTE-bound so gather-halving collapses runtime 3.52x). [PERF-1] 8-gate walk: (1)byte-exact PASS(ULP0 vs generic oracle; gearbox vwmul/vwredsum 8->8 UNCHANGED) (2)VLEN-flip 128/256 lit MISSING(single-board VLEN128 micro; no VLEN256 codegen-flip lit) (3)dual-board objdump 1/2(rvv VLEN128 PRE/POST sealed; k1 second-board objdump MISSING) (4)micro AND e2e = KERNEL-MICRO-ONLY(A/B + vs-generic present; e2e transduction MISSING; compute-bound micro likely washes per kernel-wins-dont-transplant) (5)dual-board MISSING(single board rvv/VLEN128) (6)discipline PASS(PREFLIGHT 0..5 all pass; N=16 rounds median+IQR; cache-cold pool256MiB>3xL3; cross-run drift sentinel 1.0073; board_fp recorded) (7)mechanism-attribution PASS(objdump proxy(count)->silicon(time) transduction HOLDS; NOTE emitter-maturity improvement NOT capability-keyed selection so the selector-log flavor of gate7 is N/A) (8)wording PASS(bound iq2_xxs/rvv-VLEN128/micro/vs-scalar-generic). = 4/8 PASS [(1)(6)(7)(8)]; (2)(3)(5) MISSING + (4) micro-only. NOT sealed universal Win-B: vs-SIMD-dispatch(gcc-15) is 2.53x FASTER but REFUSEd (AXIS compiler MISMATCH clang20-vs-gcc15 = substantially codegen-quality not algorithm); the clean gate-PASSING opponent is ONLY the scalar generic ref. MUST NOT generalize to family (only iq2_xxs crossed the generic bar -- see family row).",missing_pattern(per-subblock-gather-not-batched -- the LOSS root cause; CLOSED by [GAP-SB] pair-batching),"experiments/active/format-micro-rvv-vlen128/gapsb_derisk_iq2xxs/objdump_pre_post.md + objdir_PRE/ + objdir_POST/ (PRE 0c64477c -> POST 169f0cc0 machine-code seal; gather vluxei16 16->8; index vle16 16->8; config-churn vset 56->40; gearbox vwmul/vwredsum 8->8 UNCHANGED)",[GAP-SB]-pair-batching(per-subblock-gather batched into wide i64m4 pair-gather over 2 sub-blocks),GAP-1-closure-EXEMPLAR-first-full-loop; win-CANDIDATE-NOT-sealed-8-gate(4/8 PASS [(1)(6)(7)(8)]; (2)(3)(5) MISSING + (4) kernel-micro-ONLY = e2e/dual-board/VLEN-flip out-of-scope for single-board micro cell); correctness-sealed-ULP0,experiments/active/format-micro-rvv-vlen128/gapsb_derisk_iq2xxs/derisk_cell.md + raw/ + provenance.txt (A/B 3.52x PRE/POST; vs-generic 0.735x PRE -> 2.570x POST; ULP0 FNV 0xbeb2bdb29c2e9b53); family cross-check experiments/active/format-micro-rvv-vlen128/gapsb_family_validate/,169f0cc0(GAP-SB-iq2_xxs-2026-07-07)
format-micro-iq2iq3-gapsb-pair-batching-family,B1(GAP-SB-family;MIXED-iq2-WIN-widened/iq3-LOSS-narrowed;micro-kernel-ONLY;NOT-sealed-8-gate),scalar,mixed(iq2_s/iq2_xs WIN->WIN widened; iq3_s/iq3_xxs LOSS->LOSS narrowed),"family validation of [GAP-SB] (POST 685ab5a1): mechanism lands on ALL 4 (objdump gather-quartering + iq3 AVL=2-storm elimination + real A/B all>1) but NO family LOSS->WIN flip -- only iq2_xxs crossed the generic bar; [NG-4] boundary the 2.57x iq2_xxs flip is NOT generalized to the family","board=rvv VLEN128 . micro-phase . vs ggml GENERIC scalar ref (PREFLIGHT(0)-symmetric same posture as iq2_xxs cell) . byte-exact ULP0 all 4 (gearbox UNCHANGED). [GAP-SB] pair-batching (PRE 0c64477c -> POST 685ab5a1) applied to iq2_xs/iq2_s/iq3_xxs/iq3_s. vs-generic: iq2_s 2.006x->2.180x WIN->WIN (widened); iq2_xs 1.367x->1.509x WIN->WIN (widened); iq3_s 0.422x->0.560x LOSS->LOSS (narrowed still 1.79x slower); iq3_xxs 0.317x->0.383x LOSS->LOSS (narrowed still 2.61x slower). Internal A/B(PRE/POST): iq3_s 1.29x; iq3_xxs 1.21x; iq2_xs 1.11x; iq2_s 1.09x -- all FASTER but modest (NOT the iq2_xxs 3.52x). MECHANISM NOTE (C3-prime narrative material): the amplification factor tracks the BOTTLENECK SHAPE -- gather-shell-bound kernels (iq2_xxs shell ~= critical path) collapse 3.52x when gathers are halved; grid-decode-bound kernels (iq3 512-entry constructed grid dominates; objdump tot insns barely move -2%) get only a modest A/B because the (real larger) gather/AVL reduction is a small fraction of their critical path. roofline: all 4 at 3.8-18.1% of 6.354 GB/s ceiling = LATENCY/COMPUTE-bound. NO family flip: iq2 pair was ALREADY winning vs the scalar generic at PRE; iq3 pair improved but STAYS a compute-axis LOSS. [NG-4]: A/B is the internal metric vs-generic the defensible reference gap; kernel-micro ONLY NOT e2e; the iq2_xxs 2.57x is NOT a family claim.",missing_pattern([GAP-SB] pair-batching applied family-wide; iq3 also AVL=2-storm-elimination),"experiments/active/format-micro-rvv-vlen128/gapsb_family_validate/objdump_pre_post.md + objdir_PRE/ + objdir_POST/ (PRE 0c64477c -> POST 685ab5a1; gather vluxei16 32->4[iq3]/32->8[iq2]; iq3 AVL=2 storm 46->0[iq3_s] 129->6[iq3_xxs]; gearbox vwmul/vwredsum UNCHANGED all 4)",[GAP-SB]-pair-batching-family + iq3-AVL=2-storm-elimination(vsetivli-0x2-e32/mf2-per-2-elem -> one-wide-vsetivli-0x8-e16-m2-per-pair),mechanism-validated-family(all-4 A/B>1; gather quartered; AVL storm eliminated; gearbox byte-exact); NO-family-flip(only iq2_xxs crossed generic bar); boundary-2.57x-NOT-generalized; iq3-pair STAYS compute-axis LOSS(grid-decode-bound),experiments/active/format-micro-rvv-vlen128/gapsb_family_validate/derisk_cell.md + raw/ + provenance.txt + objdump_pre_post.md,685ab5a1(GAP-SB-family-2026-07-07)
q4_0-gemm-k1-vlen256-GAP-P1-fix-confirm-REGRESSION,B1(GAP-P1-fix-confirm;kernel-micro;NOT-sealed-8-gate),algmatched(internal-AB;same-repack-kernel;LMUL-rung-only),fix-NOT-confirmed-REGRESSION(post-fix-m1 2.72x SLOWER than pre-fix-mf2; misselection REVERSED),the [GAP-P1] roofline-GAP (decode row q4_0-gevm-k1-vlen256-decode-P1-roofline-GAP) proposed fix 'add VLEN fact to selector key -> pick a wider VLEN256 variant'; this batch BUILT the post-fix that keys VLEN256->whole-LMUL/m1 and measured it on the REACHABLE cell (prefill GEMM; decode is [GAP-P1]-inert per fact-3). The 'wide=fully-fed=faster' (78%->91%) projection is FALSIFIED: the wide m1 core saturates LESS.,k1/VLEN256 q4_0 prefill repack GEMM (K=2048 nr=128 nc=256): post-fix m1 (i8m1->i16m2->i32m4->f32m4; columnsPerPass 1) = 2.5316 GMAC/s vs pre-fix mf2 (i8mf2->i16m1->i32m2->f32m2; columnsPerPass 4) = 6.8904 GMAC/s -> ratio 0.367x = 2.72x REGRESSION; byte/value-exact cksum 8233895bde360531 both sides; n=24 paired freq-locked 1.6GHz 0.00% span; robust 6-shape sweep 0.365-0.411; compute-wall sat mf2 27.0% vs m1 9.9% of 25.51 GMACs int8-peak (wide m1 saturates LESS); root = f32m4 LMUL=4 register pressure kills ILP + columnsPerPass 4->1,misselection(REVERSED: winning variant is the EXISTING mf2 fractional core; the wider m1 EXISTS and is a strict byte-exact-identical slowdown -> NOT a missing pattern; the proposed key would steer to the WRONG variant),experiments/active/p1-gemm-vlen256-fix-confirm/q4_0_aggregate.txt + evidence.json + kernels/q4_0_gemm_pre_mf2_vlen256.kernel.c + kernels/q4_0_gemm_post_m1_vlen256.kernel.c (llvm-objdump-18: pre e8;mf2->f32m2 / post e8;m1->f32m4),vlen256-q4_0-GEMM-wideLMUL-REGRESSION(whole-LMUL/m1 = strict slowdown; the [GAP-P1] widen-to-m1 fix hypothesis FALSIFIED on the reachable prefill cell),"fix-as-implemented(widen-to-m1)-FALSIFIED-HOLD/REVERT; a genuine fix needs m1-core SCHEDULING first (reduce f32m4 register pressure / restore columnsPerPass ILP) to make wide truly fast, else WITHDRAW the VLEN256->m1 keying; retain the capability-keyed FRAMEWORK, revert the DIRECTION; 立项 decision = user's",experiments/active/p1-gemm-vlen256-fix-confirm/evidence.json,828d9814(裁决二.1-GAP-P1-fix-confirm-2026-07-07)
q8_0-gevm-k1-vlen256-mf2-vs-m1-do-not-widen-VINDICATED,B1(per-format-selection-key-confirmed;kernel-micro;off-VLEN256-production-path-per-fact-3;NOT-sealed-8-gate),algmatched(internal-3way;strip-width/LMUL axis only),selection-key-CONFIRMED(q8_0 best=mf2-wide-strip; whole-LMUL m1 11% SLOWER; do-not-widen-q8_0 VINDICATED),task 三 per-format mf2-vs-m1; confirms ledger 'q8_0 mf2 faster than m1' on silicon; the [GAP-P1] deliberate NON-widen of q8_0 is correct. '别一刀切' holds: the whole-LMUL/m1 direction regresses BOTH q4_0 GEMM and q8_0 GEVM.,k1/VLEN256 q8_0 symmetric repack GEVM (K=2048 nc=2048) strip-width 3-way: wide-hl16 mf2 one-strip = 1.7199 GB/s > m1 whole-LMUL (RVV0.7-form) = 1.5485 GB/s > narrow-hl8 mf2 two-strip = 1.2713 GB/s; wide/m1 = 1.111x (mf2-wide WINS by 11%); wide/narrow 1.353x; m1/narrow 1.218x; byte/value-exact cksum 291414eeaad45f5a all 3 cores; read-wall sat narrow 29.8% / m1 36.4% / wide 40.4% of 4.260 GB/s 4-core; n=24 paired 1.6GHz 0.00% span,physical/design-confirmed(selection key correct for q8_0 = mf2-wide; NOT a gap),experiments/active/p1-gemm-vlen256-fix-confirm/q8_0_aggregate.txt + evidence.json + kernels/q8_0_gevm_wide_hl16.kernel.c + kernels/q8_0_gevm_m1_wholeLMUL.kernel.c + kernels/q8_0_gevm_narrow_hl8.kernel.c (llvm-objdump-18: narrow&wide e8;mf2 / m1 e8;m1),q8_0-per-format-key-mf2-wide-strip(do-not-widen-to-whole-LMUL confirmed on silicon),selection-key-CONFIRMED-VINDICATED; kernel-micro A/B (at VLEN256 production q8_0 decode declines to block-dot per fact-3 -> this repack-GEVM strip-width core is off the production path); NOT e2e; confirms the ledger + the non-widen decision at kernel level,experiments/active/p1-gemm-vlen256-fix-confirm/evidence.json,828d9814(裁决二.1-GAP-P1-fix-confirm-2026-07-07)
format-micro-tq2_0-gaprp-spill-fix-rvv-vlen128,B1(GAP-RP-partial-closure;kernel-micro;vs-generic-WIN/vs-SIMD-factory-still-LOSS;NOT-sealed-8-gate),scalar(vs-ggml-generic) + factory-block-dot(batch2c SIMD-dispatch),partial-gap-closure(spill-fix A/B ~1.92x isolated + 3.9x vs-generic WIN; halves the batch2c 4.33x vs-SIMD gap to ~2.2x = still LOSS ~0.45x),"[GAP-RP] register-spill class; the batch2c tq2_0 LOSS 0.2311x was triaged to LMUL-over-widen regfile spill; commit 3186919d ('keep m4, kill overlap, serialize the 2 chunks') eliminates it. Sibling tq1_0 = same spill class, larger blast radius, NOT yet fixed.","rvv/VLEN128 tq2_0 ternary block-dot: PRE 0ad9cf6d = 4 whole-reg vector spills (vs2r.v->(sp)/(a4) + vl2r.v<-(sp)/(a0)) per super-block iter, i16m4 x2-chunk pipelined -> POST 3186919d = 0 spills (single-live m4 accumulator; vwredsum 2->1 merged; vwmul/vwmacc 8/8 UNCHANGED byte-exact) on gcc-15.2.0 -O3 (the batch2c timed backend; tcrv-translate codegen 0 spills both sides); A/B isolated ~1.92x (2-way 554-568 -> 250-298 ns/block; n=16 cold wset>3xL3) / 2.22-2.29x (3-way); vs-generic ggml scalar POST 3.88-3.96x WIN (PRE already 1.73-1.75x); PRE==POST==GENERIC FNV 0xeffb9951f963a9d6 = ULP0 on hardware",missing_pattern-CLOSED-partial(LMUL-over-widen-regfile-spill; fix = register-pressure-aware narrower-LMUL / serialize chunks),experiments/active/format-micro-rvv-vlen128/gaprp_tq2_0/gaprp_cell.md + raw/board_ab.txt + raw/tq2_0_PRE_gcc15.objdump.txt + raw/tq2_0_POST_gcc15.objdump.txt (double-backend gcc-15.2.0 -O3 spill 4->0),LMUL-over-widen-regfile-spill-elimination(single-live-m4-accumulator + merged-reduce; ~2x on-silicon transduction),characterized-partial-closure(spill removed; transduces ~2x A/B; vs-generic WIN byte-exact; vs-SIMD-dispatch factory STILL LOSS ~0.45x; kernel-micro NOT e2e); sibling tq1_0 same spill class NOT yet fixed = remaining construction-queue item,experiments/active/format-micro-rvv-vlen128/gaprp_tq2_0/raw/board_ab.txt,3186919d(裁决二.4-GAP-RP-tq2_0-2026-07-07)
format-micro-iq4_xs-tq1_0-GAP-NUM-relaxed-not-materialized,B1(GAP-NUM;NOT-EXECUTABLE-structural-block;board-free-code-verifiable),n_a(no relaxed body exists to time against strict),BLOCKED-structural(relaxed numerics tier NOT materialized for iq4_xs/tq1_0; NO relaxed-vs-strict tax and NO per-cell ULP bound recordable; the directive premise does-not-hold at HEAD),"裁决二.2 asked for a relaxed-vs-strict tax + ULP on iq4_xs/tq1_0; the relaxed (§5 reassociation) tier is materialized ONLY for q8_0. No board run spent (blocker is structural = emitter maturity / construction-queue, not measurement).","iq4_xs (grid-codebook; RVVToEmitCGridCodebook.cpp) and tq1_0 (ternary; RVVToEmitCTernaryBinary.cpp) emit the STRICT byte-exact body ONLY: relaxed reference count 0/0 in both emitters; RVVToEmitCBlockQuantLinear.cpp:7182-7188 fail-closes any relaxed request except q8_0; RVVNumericsTier{Strict,Relaxed} (RVVGearboxSchedule.h:2764) admits Relaxed only behind numerics.reassoc_ok (RVVOps.td:9923) and is materialized ONLY for q8_0 sumi_times_scales deferred-ordered flat block-dot; so no relaxed variant exists to time -> tax UNMEASURABLE; ours is already the FAITHFUL strict side (batch2c: iq4_xs ULP0 50000/50000 vs ggml *_generic oracle; tq1_0 ULP0 every regime; factory-vl128 reassociates OFF the oracle)","missing_pattern(emitter-maturity/construction-queue: relaxed body for grid-codebook/ternary NOT built; a relaxed-vs-strict tax study is a separate 立项, valid on q8_0 where relaxed IS materialized)",experiments/active/format-micro-rvv-vlen128/gapnum_relaxed_not_materialized.md + experiments/active/format-micro-rvv-vlen128/gap_triage_batch2c/numerics_triage_divergent.txt (ours-faithful footing),relaxed-tier-only-materialized-for-q8_0(iq4_xs/tq1_0 strict-only; relaxed-vs-strict tax study = separate 立项 on q8_0),BLOCKED-structural-NOT-measurement(code-verifiable by grep; no hardware needed; recorded so no future board run attempts a non-existent relaxed variant),experiments/active/format-micro-rvv-vlen128/gapnum_relaxed_not_materialized.md,a8cc8fd4(裁决二.2-GAP-NUM-code-audit-2026-07-07)
g2-fuse-rms-norm-mul-rvv-vlen128-memory-axis,B1([NG-4]-internal-memory-axis-A/B;NOT-ggml-beat;NOT-e2e-8-gate),internal-A/B(our-own-unfused-two-pass; NO factory opponent),win(memory-axis isolated A/B fused/unfused = 1.308x; 铺量触发 SATISFIED),"裁决二.5; rms_norm->mul epilogue fusion; the [NG-4] internal metric (same category as the [GAP-SB] A/B cells); NOT a ggml factory beat (opponent is our own unfused two-pass), NOT an e2e [PERF-1] 8-gate. Lives on the L3 MEMORY axis (contrast the format-micro compute/latency-bound losses).",rvv/VLEN128 rms_norm->mul epilogue fusion (clang-17.0.6 -O3 same source both sides): FUSED single-pass (vle32 x -> vfmul_vf scale -> vle32 w -> vfmul_vv -> vse32 z; y[] never stored) vs UNFUSED two-pass (pass1 vse32 materializes y[]; pass2 reloads); wall speedup unfused/fused = 1.3076x (23.5% less; -50.81 ms/pass); IQR 0.038-0.059% non-overlapping; ~19x the 1.63% conservative drift floor -> T-N PASS; measured DRAM eliminated = LLC load-miss 128.25 MiB + store-miss 127.97 MiB = 256.22 MiB = 100.1% of predicted y[] round trip 8*n*rows (8*4096*8192 = 256.00 MiB); cycles delta 50.22 ms/iter ~= wall delta 50.81 ms ~= 256 MiB @ 5.2 GB/s read wall; fused-Z vs unfused-Z ndiff=0 max_ulp=0 on hardware,physical(memory-bandwidth; a compiler transform that removes real DRAM traffic wins on wall; transduction measured + byte-attributed to 0.1%),experiments/active/g2-fuse-rms-norm-mul/board_measured.md + board_raw.txt + byte_accounting.csv + emit_census.txt,rms_norm->mul-epilogue-fusion-memory-axis(y[] round-trip elimination = 8*n*rows; measured on silicon = 100.1% of prediction),铺量触发-SATISFIED(both pre-registered conditions met: significant positive isolated speedup + measured DRAM-byte elimination matching emit prediction); rollout to other epilogue pairs (SwiGLU silu/scale/mul gate; bias/residual-add; [FMT-PROP]) ON EVIDENCE; whole-model e2e (65 norms/token ~2.03 MiB/token) is a projection NOT run; 立项 decision = user's,experiments/active/g2-fuse-rms-norm-mul/board_raw.txt,0ad9cf6d(裁决二.5-G2-fuse-2026-07-07)
fmtprop-rms-norm-mul-quantize-q8_0-rvv-vlen128-memory-axis,B1([NG-4]-internal-memory-axis-A/B;NOT-ggml-beat;NOT-e2e-8-gate),internal-A/B(our-own-unfused-quantize-pass;NO-factory-opponent),win(memory-axis isolated A/B fused/unfused = 1.139x; 256MiB f32-activation-roundtrip ELIMINATED dual-counter; 铺量-phase1 board-proven COMPLETE),"board-harvest2(增补二); rms_norm->mul->quantize(q8_0) FMT-PROP folds the downstream activation-quantize pass into the rms_norm->mul epilogue; SIBLING/extension of g2-fuse-rms-norm-mul (that leg folded only rms_norm->mul = 1.308x); [NG-4] internal metric (same category as g2-fuse and the [GAP-SB] A/B cells); NOT a ggml factory beat (opponent = our own unfused two-pass: fused-mul + INDEPENDENT quantize_row_q8_0); NOT an e2e [PERF-1] 8-gate; L3 MEMORY axis.","rvv/VLEN128 rms_norm->mul->q8_0-quantize fusion (clang-17.0.6 -O3 same source both sides no fast-math): FUSED single-pass (in-register vx->vfmul_vf scale->vy->load w->vfmul_vv->vz then q8_0 body vfabs/vfredmax amax/d=amax-over-127/vfncvt_x-RMM/vse8; f32 activation z[] NEVER stored NEVER reloaded) vs UNFUSED two-pass (pass1 vse32 materializes z[]; pass2 vle32 reloads z[] + SAME shared q8_0 body); wall speedup unfused/fused = 1.139x (fused 218.18ms/unfused 248.50ms; N=12 cold ws290MiB>3xL3); IQR 0.082/0.032% non-overlapping; drift sentinel 1.0047 (~0.47% floor) => ~30x floor => T-N PASS; measured DRAM eliminated = 255.8 MiB/iter = 99.9% of predicted f32-activation round trip 2*n*4*rows (2*4096*4*8192 = 256.0 MiB); LLC-store-miss delta 127.97 MiB (z[] store 100.0%) + LLC-load-miss delta 127.80 MiB (z[] reload 99.8%) two independent counters; cycles delta 30.01ms/iter ~= wall delta 30.32ms/iter (99.0%); on-hardware q8_0 value equality ndiff=0/4456448 (byte-exact fused==unfused)",physical(memory-bandwidth; compiler transform removes real DRAM traffic wins on wall; transduction measured + dual-counter byte-attributed to 99.9%; SMALLER than g2-fuse 1.308x because FMT-PROP unfused baseline does strictly MORE work = a full quantize pass so the same 256MiB elimination is a smaller fraction of total traffic; load-bearing claim = elimination MAGNITUDE reproduced not the second-order wall ratio),experiments/active/fmtprop-rms-norm-mul-quantize/board_measured.md + board_raw.txt + byte_accounting.csv + MANIFEST.md,fmt-prop-quantize-epilogue-fusion-memory-axis(f32-activation z[] round-trip elimination = 2*n*4*rows; measured on silicon = 99.9% of prediction dual-counter; extends g2-fuse epilogue chain to q8_0 quantize),铺量-phase1-board-proven-COMPLETE(pre-registered conditions met: significant positive isolated speedup + measured DRAM-byte elimination matching emit prediction dual-counter + byte-exact); rollout to further epilogue pairs ON EVIDENCE; whole-model e2e is a projection NOT run; 立项 decision=user's,experiments/active/fmtprop-rms-norm-mul-quantize/board_raw.txt,2b814e46(FMT-PROP-board-harvest2-2026-07-08)
# ############################################################################
# [★RESTORED — M4 CASE CLOSED — 2026-07-09 G3-cert-hardening 裁决二.1;commit 4f765790]
# ★★下方 [BYTE-EXACT NARROWED 裁决一.1] 收窄口径 ①byte-exact ②vs-opponent 边际 ③q2_K 全部 RESTORED。
#   M4 决定性终审(cell experiments/active/t4b-m4-decisive):真 Q4_K_M dmin≠0 模型张量 blk.0.attn_k.weight、
#   两侧同喂 ggml_quantize_mat_q8_K_4x1(mat-quant)激活 → 我方 repack-GEMM 整数 MAIN/MIN 逐位一致(0/0 mismatch)、
#   且比 ggml 自己的 generic repack GEMM 更接近 int-exact(OURS vs int-exact rel 2.86e-6 < ggml-generic vs int-exact
#   6.31e-5);q5_K(共享 min fold + qh 面)vs int-exact rel 7.75e-7。"min-term VLEN128 bug" = CERT-HARNESS 激活量化
#   失配伪影(row-quant/lrintf oracle vs 真 mat-quant dispatch),非 kernel 缺陷。RESTORED 口径 = 整数-exact vs
#   mat-quant oracle / ggml 自身 generic、真 dmin≠0、非 row-quant。q2_K 经 M4-proven 共享 fold 验证、direct-dmin≠0
#   cert 仍 OWED(见 [CERT-3REQ] M4 补标)。上方 9 数据行 tag 已 RESTORED-M4-CLOSED。下方收窄文本保留为历史记录。
# ############################################################################
# [BYTE-EXACT NARROWED — 记账收窄 — 2026-07-09 G3-minterm-fix 裁决一.1;数值不改、行不删] ★★已 RESTORED(见上 M4 CASE CLOSED)
# 适用 entry_id(K-quant repack-GEMM,共享 kquant_dmin_bsums_min min fold):
# ★M0 审计(4f8d815c)補齐范围:同 fold 亦被 repack GEVM(emitRepackKQuantGemvBodyQ{4,2,5}K)共享=同构受累
#   (同 vwmacc-strip bsums-min + VLEN128 两-8-lane 物化、M2c 只直测 GEMM/GEVM 未直测)=pending-audit;
#   q2_K 因共享 fold 实倾向 pending-correctness(非仅 audit);两 hollow cert #6 q2_K-SILICON/#11 q5_K-oracle
#   声称 min-active 却干净(ref 共享 kernel 读法/语料列-对称);详 docs/reports/2026-07-09-minterm-fold-audit.md。
#   q4_K/q5_K/q2_K-repack-gemm-rvv-vlen128-prefill-L1-candidate
#   + q4_K-repack-gemm-tile-S1-hstrip-… + q4_K/q2_K-repack-gemm-tile-S6-minfold-stackpanel-…
#   + q5_K-repack-gemm-tile-T3-S6-HOLDS-XFER1-min-fold-survives-qh-…
#   + q4_K/q5_K-repack-gemm-…-k1-VLEN256-BOARD-B-…（下方各行）。
# 缺陷(M2c 决定性发现,commit 53666846):上述格共享的 min fold 在 VLEN128 有 parity-alternating
#   min-term bug、对真 dmin≠0 数据错;旧 cert 全用 dmin=0 / identity 语料 → 漏抓。
# 收窄口径:
#   ① 上述行的 "byte-exact"(silicon INT_mismatch=0 + PRE≡POST identity)= 【dmin=0-corpus only;
#      min-term VLEN128 bug pending-修复(M2c 53666846)】。
#   ② vs-opponent 吞吐边际数(parity/lead 倍数:q4_K 1.884×、q2_K 1.413×、q5_K 2.193×、k1 3.106×/1.916× 等)
#      = 【pending-重测】(修复改机器码 → 边际数会变)。修复期 q4_K/q5_K/q2_K 一切吞吐叙事禁用。
#   ③ q2_K 共享同 fold 但未经 M2c 直测 → 【pending-audit】。
# 暂持(不改):[XFER-1] register-cliff 分类 + spill 计数(84→3 / 619→7 / 155→105 等)+ S6
#   byte-exact-PRESERVING(tiling PRE≡POST、vwmacc multiset 不变)—— 这些是 相对-untiled 不变量,
#   独立于 绝对-oracle 正确性,故不收窄;仅 vs-opponent 边际标 pending-重测(见②)。
# 不受影响(不收窄):q6_K/q3_K 共享另一 fold kquant_single_scale_no_min(无 min-term)且本就 LOSS;
#   iq4_nl/iq4_xs 码本(无 fold);q4_0(flat,无 fold,e2e 5.9× 另有 routing 归因)。
# ############################################################################
q4_K-repack-gemm-rvv-vlen128-prefill-L1-candidate,C(L1-path-win-CANDIDATE;opponent-absence-PROVEN;8-gate-NOT-walked;throughput=PARITY;★RESTORED-M4-CLOSED:byte-exact=integer-exact-vs-mat-quant-oracle(kernel-bit-exact-to-real-dispatch-q8)/closer-to-int-exact-than-ggml-own-generic;real-dmin!=0-tensor;commit-4f765790;NOT-row-quant;vs-opponent-marginal-RESTORED),factory-block-dot(ggml_vec_dot_q4_K_q8_K_vl128 hand-tuned; opponent has NO working repack@VLEN128),structural-path-win-CANDIDATE(opponent-absence CONFIRMED) / throughput PARITY 0.94-0.97x (ours marginally SLOWER; ggml block-dot already VLEN128-tuned),"board-harvest2(增补二) L1 crux; SAME precedent as q4_0-repack-gemm-rvv-vlen128-prefill; opponent = board's own llama.cpp tag b9692 commit f3e1828 repack.cpp::get_tensor_traits(): q4_K RISC-V case 128 = TODO no-op (:4616-4624) => returns nullptr => NOT repacked => standard block-dot ggml_vec_dot_q4_K_q8_K; belt-and-suspenders the gated-off ggml_gemm_q4_K_16x1_q8_K hardcodes vfmv_v_f_f32m2(...,16)>VLMAX8 = numerically WRONG at VLEN128 (why it is case-256-only); runtime dispatch probe at LIVE vlenb=128 CONFIRMS NULLPTR block-dot fallback; MEMORY-CORRECTION: prior 'ggml q4_K repack hardcoded VLEN256 / opponent@128 factually wrong' now REFINED = a RISC-V ggml_gemm_q4_K_16x1_q8_K DOES ship but is VLEN256-gated so 'no WORKING repack@128' holds.","kernel prefill paired K=2048 nc=512 nr in {16,64,256} core8@2.6GHz best-of-5: ours exported repack GEMM ~4.21-4.25 GMAC/s vs opponent REAL-dispatched vl128-tuned block-dot ~4.37-4.47 GMAC/s = 0.94-0.97x (parity ours marginally slower); ours = VLEN128-correct half_lanes=8 two-strip repack GEMM oracle-GREEN at 039133ea; export --tcrv-rvv-lower-to-emitc | mlir-translate zero-error board clang-17 clean libcall-free (hw fp16) 53-58 vsetvl; main-tree build/ read-only (no rebuild). [NG-4] beat FORBIDDEN: opponent-absence PROVEN but 8 [PERF-1] gates NOT walked; single-core; opponent=single-thread block-dot loop (kernel-axis proxy NOT ggml threaded mul_mat); throughput timing (our correctness = construction oracle NOT re-verified this run). CANDIDATE datapoint NOT a win.",n_a(structural-path-win-candidate NOT a gap; opponent-absence is the L1 crux not a missing_pattern of ours),experiments/active/kquant-l1-q4k-q5k-repack-prefill/kernels_objdump_seal.objdump + opponent_probe.md + dispatch_probe_raw.txt,capability-keyed-repack-path-selection(q4_K; option-2 routing; VLEN128-correct half_lanes=8 two-strip repack GEMM vs opponent case128=TODO no-op),L1-path-win-CANDIDATE-CONFIRMED(opponent-absence proven 2-ways source+runtime); 8-gate NOT walked (beat wording LOCKED per [NG-4]); throughput=PARITY caveat (structural path-win =/= throughput win where ggml block-dot is VLEN128-tuned); candidate NOT win,experiments/active/kquant-l1-q4k-q5k-repack-prefill/prefill_paired.txt + prefill_paired.csv + EXPORT_RECIPE.md + MANIFEST.md,039133ea(kquant-L1-board-harvest2-2026-07-08)
q5_K-repack-gemm-rvv-vlen128-prefill-L1-candidate,C(★CASE-COMPILER-ASYMMETRY[2026-07-10]-KERNEL-ACCT-WITHDRAWN{1.50-1.62x=clang-ours(-O2)-vs-gcc-shipped-generic-block-dot-artifact;symmetric-gcc/gcc-remeasure=0.120x(~12.9x-reversal->disaster-LOSS;Stage1-EVAPORATED T-VALIDITY-STAGE1_rvv F3;gcc 6627-vsetvli/2066-spill vs clang 53/155);SYSTEM-ACCT-retained=clang-domain-codegen-observation[LLVM17-RVV>>gcc15 pattern-specific;ecosystem-fragmentation-narrative;never-adapt-to-gcc]+allocator/spill-bound;opponent-absence structural-fact SEPARATE-survives;NOT-byte-identical-routing(unlike q4_0-5.9x)};L1-path-win-CANDIDATE;opponent-absence-PROVEN;8-gate-NOT-walked;ours-faster-vs-UNTUNED-block-dot;★RESTORED-M4-CLOSED:byte-exact=integer-exact-vs-mat-quant-oracle(kernel-bit-exact-to-real-dispatch-q8)/closer-to-int-exact-than-ggml-own-generic;real-dmin!=0-tensor;commit-4f765790;NOT-row-quant;vs-opponent-marginal-RESTORED),factory-block-dot(ggml_vec_dot_q5_K_q8_K_generic UNTUNED no vl128; opponent has NO RISC-V repack at ANY VLEN),structural-path-win-CANDIDATE(opponent-absence CONFIRMED) / ours ~1.50-1.62x FASTER than opponent generic block-dot,"board-harvest2(增补二) L1 crux; SAME precedent as q4_0; opponent = board's own llama.cpp tag b9692 f3e1828 repack.cpp::get_tensor_traits(): GGML_TYPE_Q5_K branch (:4644+) has ONLY neon (matmul_int8/dotprod) sub-branches = NO ggml_cpu_has_riscv_v() branch => nullptr at EVERY VLEN => q5_K NEVER repacked on RISC-V => block-dot ggml_vec_dot_q5_K_q8_K fallback; runtime dispatch probe at LIVE vlenb=128 CONFIRMS NULLPTR; nm libggml-cpu.so: q5_K vec_dot has ONLY a _generic impl (no vl128 variant) unlike q4_K's tuned _vl128 => predicts+matches the gap.","kernel prefill paired K=2048 nc=512 nr in {16,64,256} core8@2.6GHz best-of-5: ours exported repack GEMM ~2.16-2.19 GMAC/s vs opponent REAL-dispatched GENERIC block-dot ~1.34-1.47 GMAC/s = 1.50-1.62x ours-faster; ours = VLEN128-correct half_lanes=8 two-strip repack GEMM oracle-GREEN at 039133ea; export zero-error board clang-17 clean libcall-free 53-58 vsetvl; main-tree build/ read-only. [NG-4] beat FORBIDDEN and NOT-CLAIMED despite ours-faster: opponent = UNTUNED generic block-dot (softest baseline); 8 [PERF-1] gates NOT walked; single-core; opponent=single-thread block-dot loop (kernel-axis proxy NOT ggml threaded mul_mat); throughput timing (our correctness = construction oracle NOT re-verified this run). The 1.5x is a CANDIDATE datapoint against an untuned opponent NOT a sealed win.",n_a(structural-path-win-candidate NOT a gap; opponent-absence is the L1 crux),experiments/active/kquant-l1-q4k-q5k-repack-prefill/kernels_objdump_seal.objdump + opponent_probe.md + dispatch_probe_raw.txt,capability-keyed-repack-path-selection(q5_K; option-2 routing; VLEN128-correct half_lanes=8 two-strip repack GEMM vs opponent NO riscv repack at any VLEN),L1-path-win-CANDIDATE-CONFIRMED(opponent-absence proven 2-ways; opponent has zero RISC-V repack for q5_K); ours ~1.5x faster than UNTUNED generic block-dot but 8-gate NOT walked (beat wording LOCKED per [NG-4]; untuned-opponent caveat); candidate NOT win,experiments/active/kquant-l1-q4k-q5k-repack-prefill/prefill_paired.txt + prefill_paired.csv + EXPORT_RECIPE.md + MANIFEST.md,039133ea(kquant-L1-board-harvest2-2026-07-08)
q6_K-repack-gemm-rvv-vlen128-prefill-L1-candidate,C(L1-path-win-CANDIDATE;opponent-absence-PROVEN;SILICON-numeric-verified;8-gate-NOT-walked;throughput=LOSS~5.5x),factory-block-dot(ggml_vec_dot_q6_K_q8_K MATURE fallback; opponent has NO RISC-V repack for q6_K at ANY VLEN),structural-path-win-CANDIDATE(opponent-absence CONFIRMED) + SILICON byte-exact-integer numeric-verified / throughput LOSS 0.18-0.19x (ours ~5.5x SLOWER; first-construction un-pipelined emit vs mature block-dot),"board-probe kquant-L1 family-completion; SIBLING of kquant-l1-q4k-q5k-repack-prefill (q4_K/q5_K); NEW vs siblings = SILICON numeric verify (this cell COMPILES + RUNS the exported .kernel.c on rvv hardware, upgrading the construction-oracle MODEL to a hardware run); opponent = board's own llama.cpp f3e1828 get_tensor_traits(): Q6_K has NO ggml_cpu_has_riscv_v() branch (NEON matmul_int8/dotprod only) => nullptr @every VLEN on non-NEON riscv => block-dot ggml_vec_dot_q6_K_q8_K fallback; LIVE vlenb=128 dispatch probe CONFIRMS NULLPTR; same precedent as q5_K.","SILICON numeric (upgrades oracle): compiled exported .kernel.c board clang-17 & RAN on rvv vs INDEPENDENT per-block reference; INT (unit scales magnitude-bounded) = byte-exact-integer 0 mismatch ALL 8 shapes GEVM+GEMM x2 seeds; NORM (adversarial fp16 d f64 ref) worst maxAbsErr/rms=6.83e-07; fp16-hw libcall-free. THROUGHPUT prefill paired K=2048 nc=512 nr in {16 64 256} N=10 cold-flush 224MiB core8@2.6GHz: ours repack GEMM 0.65-0.68 GMAC/s vs opponent REAL-dispatched block-dot 3.38-3.77 GMAC/s = 0.18-0.19x = ours ~5.5x SLOWER = a LOSS NOT a beat. Cause honest + non-cache: first-construction correctness-first un-pipelined emit (g6.o 21 vsetvl; ~0.2-0.3 MAC/cycle ~20x off VLEN128 fp32 peak) vs MATURE hand-tuned ggml block-dot. [NG-4] moot (a LOSS cannot be a beat); 8 [PERF-1] gates NOT walked; single-core; opponent=single-thread block-dot loop kernel-axis proxy NOT threaded mul_mat. CANDIDATE datapoint (structural opening + numeric-verified) NOT a win.",n_a(structural-path-win-candidate NOT a gap; opponent-absence is the L1 crux; the throughput LOSS is a maturity/marginal-cost datapoint NOT a missing_pattern of ours),experiments/active/kquant-l1-q6q2q3-repack/kernels_objdump_seal.txt + opponent_probe.md + dispatch_probe_raw.txt + numeric_silicon.txt,capability-keyed-repack-path-selection(q6_K; option-2 routing; VLEN128-correct half_lanes=8 two-strip repack GEMM+GEVM vs opponent NO riscv repack at any VLEN),L1-path-win-CANDIDATE-CONFIRMED(opponent-absence proven 2-ways source+runtime) + SILICON byte-exact-integer numeric-verified; throughput LOSS ~5.5x (structural opening =/= throughput; un-pipelined first-construction emit); 8-gate NOT walked (beat wording LOCKED per [NG-4]=moot since LOSS); candidate NOT win; perf axis pending (marginal-cost/maturity evidence),experiments/active/kquant-l1-q6q2q3-repack/prefill_paired.txt + prefill_paired.csv + numeric_silicon.csv + EXPORT_RECIPE.md + MANIFEST.md,924dc31f(kquant-L1-family-complete-board-probe-2026-07-08)
q2_K-repack-gemm-rvv-vlen128-prefill-L1-candidate,C(L1-path-win-CANDIDATE;opponent-absence-PROVEN;SILICON-numeric-verified;8-gate-NOT-walked;throughput=LOSS~5x;★RESTORED-M4-CLOSED:byte-exact=integer-exact-vs-mat-quant-oracle(kernel-bit-exact-to-real-dispatch-q8);validated-by-shared-fold(M4-proven-kquant_dmin_bsums_min@q4_K/q5_K);real-dmin!=0;commit-4f765790;NOT-row-quant;vs-opponent-marginal-RESTORED;q2_K-direct-dmin!=0-cert-OWED),factory-block-dot(ggml_vec_dot_q2_K_q8_K + dedicated hand-tuned _vl128; opponent repack case128=TODO no-op => NO working repack@128),structural-path-win-CANDIDATE(opponent-absence CONFIRMED) + SILICON byte-exact-integer numeric-verified (incl dual d/dmin + bsums-min fold) / throughput LOSS 0.20-0.21x (ours ~5x SLOWER; 77-vsetvl un-pipelined emit vs mature _vl128 block-dot),"board-probe kquant-L1 family-completion; SIBLING of q4_K/q5_K; NEW = SILICON numeric verify (compiles + runs exported .kernel.c on rvv, upgrading oracle MODEL to hardware run); opponent = board's own llama.cpp f3e1828 get_tensor_traits(): Q2_K HAS a ggml_cpu_has_riscv_v() branch but switch(vlenb*8){case 128:{break;}//TODO} => nullptr@128 (only case 256 returns &q2_K_16x1_q8_K) => block-dot ggml_vec_dot_q2_K_q8_K fallback; LIVE vlenb=128 dispatch probe CONFIRMS NULLPTR; SAME precedent as q4_K (case128=TODO).","SILICON numeric (upgrades oracle): compiled exported .kernel.c board clang-17 & RAN on rvv vs INDEPENDENT per-block reference (dual d/dmin + bsums-min fold); INT = byte-exact-integer 0 mismatch ALL 8 shapes GEVM+GEMM x2 seeds INCL the dual d/dmin + bsums-min fold; NORM worst maxAbsErr/rms=5.77e-07; fp16-hw libcall-free. THROUGHPUT prefill paired K=2048 nc=512 nr in {16 64 256} N=10 cold-flush core8@2.6GHz: ours repack GEMM 0.92-0.96 GMAC/s vs opponent REAL-dispatched block-dot 4.46-4.62 GMAC/s = 0.20-0.21x = ours ~5x SLOWER = a LOSS NOT a beat. Cause honest + non-cache: first-construction un-pipelined emit (g2.o 77 vsetvl for the dual d/dmin min-fold; ~0.2-0.3 MAC/cycle ~20x off peak) vs MATURE hand-tuned ggml_vec_dot_q2_K_q8_K_vl128. [NG-4] moot (LOSS cannot be a beat); 8 gates NOT walked; single-core; opponent=single-thread block-dot proxy NOT threaded mul_mat. CANDIDATE datapoint NOT a win.",n_a(structural-path-win-candidate NOT a gap; opponent-absence is the L1 crux; throughput LOSS = maturity/marginal-cost datapoint),experiments/active/kquant-l1-q6q2q3-repack/kernels_objdump_seal.txt + opponent_probe.md + dispatch_probe_raw.txt + numeric_silicon.txt,capability-keyed-repack-path-selection(q2_K; option-2 routing; VLEN128-correct half_lanes=8 two-strip repack GEMM+GEVM w/ dual d/dmin+bsums-min fold vs opponent case128=TODO no-op),L1-path-win-CANDIDATE-CONFIRMED(opponent-absence proven 2-ways source+runtime = case128 TODO) + SILICON byte-exact-integer numeric-verified (dual d/dmin fold); throughput LOSS ~5x (structural opening =/= throughput; 77-vsetvl un-pipelined); 8-gate NOT walked (beat LOCKED per [NG-4]=moot); candidate NOT win; perf axis pending,experiments/active/kquant-l1-q6q2q3-repack/prefill_paired.txt + prefill_paired.csv + numeric_silicon.csv + EXPORT_RECIPE.md + MANIFEST.md,924dc31f(kquant-L1-family-complete-board-probe-2026-07-08)
q3_K-repack-gemm-rvv-vlen128-prefill-L1-candidate,C(L1-path-win-CANDIDATE;opponent-absence-PROVEN-STRONGEST;SILICON-numeric-verified;8-gate-NOT-walked;throughput=LOSS~5.7x),factory-block-dot(ggml_vec_dot_q3_K_q8_K + dedicated hand-tuned _vl128; opponent has ZERO q3_K repack anywhere in ggml),structural-path-win-CANDIDATE(opponent-absence CONFIRMED = STRONGEST: q3_K NOT in selector + no repack kernel anywhere) + SILICON byte-exact-integer numeric-verified / throughput LOSS 0.176x (ours ~5.7x SLOWER; un-pipelined emit vs mature _vl128 block-dot),"board-probe kquant-L1 family-completion; SIBLING of q4_K/q5_K; NEW = SILICON numeric verify (compiles + runs exported .kernel.c on rvv, upgrading oracle MODEL to hardware run); opponent = board's own llama.cpp f3e1828 get_tensor_traits(): Q3_K NOT PRESENT in the selector at all (grep GGML_TYPE_Q3_K|q3_K_16x1|repack_q3_K repack.cpp = 0) + NO q3_K repack kernel anywhere in ggml (arch/riscv/repack.cpp has only q4_K/q2_K 16x1) => nullptr@every VLEN = the STRONGEST absence of the family => block-dot ggml_vec_dot_q3_K_q8_K fallback; LIVE vlenb=128 dispatch probe CONFIRMS NULLPTR.","SILICON numeric (upgrades oracle): compiled exported .kernel.c board clang-17 & RAN on rvv vs INDEPENDENT per-block reference (3-bit subtractive hmask + unpacked signed scales); INT = byte-exact-integer 0 mismatch ALL 8 shapes GEVM+GEMM x2 seeds; NORM worst maxAbsErr/rms=4.36e-07; a worst_ulp=917132 outlier on ONE shape is a near-zero-crossing cancellation (norm-to-RMS 1.6e-7 negligible + INT pass EXACT) NOT a defect; fp16-hw libcall-free. THROUGHPUT prefill paired K=2048 nc=512 nr in {16 64 256} N=10 cold-flush core8@2.6GHz: ours repack GEMM 0.60-0.62 GMAC/s vs opponent REAL-dispatched block-dot 3.38-3.53 GMAC/s = 0.176x = ours ~5.7x SLOWER = a LOSS NOT a beat. Cause honest + non-cache: first-construction un-pipelined emit (g3.o 13 vsetvl; ~0.2-0.3 MAC/cycle ~20x off peak) vs MATURE hand-tuned ggml_vec_dot_q3_K_q8_K_vl128. [NG-4] moot (LOSS cannot be a beat); 8 gates NOT walked; single-core; opponent=single-thread block-dot proxy NOT threaded mul_mat. CANDIDATE datapoint NOT a win.",n_a(structural-path-win-candidate NOT a gap; opponent-absence is the L1 crux = STRONGEST; throughput LOSS = maturity/marginal-cost datapoint),experiments/active/kquant-l1-q6q2q3-repack/kernels_objdump_seal.txt + opponent_probe.md + dispatch_probe_raw.txt + numeric_silicon.txt,capability-keyed-repack-path-selection(q3_K; option-2 routing; VLEN128-correct half_lanes=8 two-strip repack GEMM+GEVM w/ 3-bit subtractive-hmask + unpacked signed scales vs opponent ZERO q3_K repack anywhere),L1-path-win-CANDIDATE-CONFIRMED(opponent-absence proven 2-ways source+runtime = STRONGEST: zero q3_K repack anywhere in ggml) + SILICON byte-exact-integer numeric-verified; throughput LOSS ~5.7x (structural opening =/= throughput; un-pipelined first-construction emit); 8-gate NOT walked (beat LOCKED per [NG-4]=moot); candidate NOT win; perf axis pending,experiments/active/kquant-l1-q6q2q3-repack/prefill_paired.txt + prefill_paired.csv + numeric_silicon.csv + EXPORT_RECIPE.md + MANIFEST.md,924dc31f(kquant-L1-family-complete-board-probe-2026-07-08)
g2-fuse-rms-norm-mul-WHOLE-MODEL-e2e-rvv-vlen128-NOT-SIGNIFICANT,B1(e2e-accounting;NOT-SIGNIFICANT;isolated-memory-axis-win-owned-by-sibling-g2-fuse-row),e2e-factory(ggml-OWN-fusion-ON-vs-OFF-same-binary-toggle;GGML_CPU_DISABLE_FUSION;NOT-fused-vs-unfused-stock),not-significant-e2e(prefill -0.11%/decode -0.27% ns tinyllama N=10; both sub-noise IQR-overlapping = statistical zero; e2e-DILUTED per Amdahl),e2e-DILUTED-Amdahl; isolated 1.308x memory-axis A/B stands (sibling cell g2-fuse-rms-norm-mul owns it); NOT a Win-B/Win-C; NO e2e speedup claimed,On a q4_0-matmul-bound whole model ggml's rms_norm->mul fusion (bit-exact drop-in equivalent of our emitted fused kernel) has an e2e effect indistinguishable from zero. tinyllama-q4_0 N=10/arm: prefill 0.9989x(-0.11% ns)/decode 0.9973x(-0.27% ns) both IQR-overlapping (floor 0.25%/1.87%) = NOT SIGNIFICANT. llama-2-7b-chat.Q4_0 N=6/arm canonical-65-norm: prefill +0.06%/decode +0.12% ns both IQR-overlapping. Value-preserving: greedy --temp0 completion byte-identical ON vs OFF (sha c0c1274bd2aa8b01). Amdahl: fused-norm=0.05% of decode task-clock q4_0-matmul=90.20% ceiling +0.05% < noise floor => e2e null is STRUCTURAL not a measurement miss. Root cause: at whole-model norm sizes (8KiB/norm decode ~1MiB prefill both <L2/L3) the intermediate is cache-resident so the DRAM round trip the isolated >L3 128MiB micro forced does not exist; the isolated 1.308x memory-axis kernel fact does NOT transplant. e2e A/B = ggml's own fusion ON/OFF toggle (GGML_CPU_DISABLE_FUSION on upstream f3e1828 already-fused-by-default => no unfused-stock to beat) = preflight(0) symmetry TOTAL same-binary one getenv branch. NO ggml/llama patch applied HEAD unchanged nothing committed.,physical(Amdahl-diluted; norm=0.05% of a q4_0-matmul-bound 90.20% model; e2e null STRUCTURALLY guaranteed by +0.05% ceiling < noise floor; NOT missing_pattern/misselection = axis is the matmul not the norm),experiments/active/g2-e2e-wholemodel/amdahl_perf_tinyllama.txt (decode task-clock: ggml_vec_dot_q4_0_q8_0 90.20% / rms_norm_mul_fused 0.05% / quantize_row_q8_0 0.14%) + numeric_amdahl_tinyllama.txt (greedy byte-identical on_sha=off_sha=c0c1274bd2aa8b01),kernel-memory-win-does-NOT-transplant-to-e2e-Amdahl-diluted(g2-fuse rms_norm->mul isolated 1.308x on >L3 tensors -> e2e ~0 because whole-model norm intermediate cache-resident + fused-norm=0.05% Amdahl slice of a 90%-q4_0-matmul-bound model; quantified companion of kernel-wins-dont-transplant),closed-measured-NOT-SIGNIFICANT-e2e-Amdahl-diluted(pre-registered-honest-not-significant-branch; rollout of fusion e2e NOT-on-evidence axis=matmul-not-norm; isolated memory-axis A/B remains board-proven in sibling g2-fuse row; FMT-PROP e2e Amdahl-slice quantize=0.14% => combined norm+quantize ceiling 0.19% also sub-noise),experiments/active/g2-e2e-wholemodel/board_measured.md + board_raw_tinyllama.txt + board_raw_llama7b.txt,2026-07-08-G3四.1-g2-e2e-wholemodel(no-tcrv-commit;ggml-f3e1828-toggle;HEAD-unchanged)
q4_K-repack-gemm-tile-S1-hstrip-rvv-vlen128-kernel-axis,B1(T2-tile-S1;kernel-axis-structural-tile;parity-FLIP-loss->lead;NOT-sealed-8-gate;NOT-e2e;★RESTORED-M4-CLOSED:byte-exact=integer-exact-vs-mat-quant-oracle(kernel-bit-exact-to-real-dispatch-q8)/closer-to-int-exact-than-ggml-own-generic;real-dmin!=0-tensor;commit-4f765790;NOT-row-quant;vs-opponent-marginal-RESTORED),factory-block-dot,win(kernel-axis: vs-opponent parity 0.962x->1.473x loss->~47%-lead; A/B post/pre +52.4%; hot-loop spill 84->23 -73%),"T2-tile step1-of-6 (h-strip structural tile mr=4/hs=1); UPGRADES the q4_K-repack-gemm-rvv-vlen128-prefill-L1-candidate row from throughput-PARITY(0.94-0.97x) to a kernel-axis LEAD; applies the 5.9x q4_0-repack precedent to q4_K emit-maturity; third lever after #1 byte-exact-reorder(NULL +0.65%) and #2 naive-reroll(-11% REGRESSION); NOT e2e (e2e projected +7%-class per Amdahl, pending whole-model verification after K-quant family rollout)","board rvv/VLEN128 core8 2.6GHz gov=perf clang-17.0.6 -O2/-O3, q4_K repack GEMM K=2048 nc=512: the S1 h-strip STRUCTURAL TILE splits the single fully-unrolled block loop into TWO sequential per-h-strip emitc.for block loops (mr=4/hs=1) each carrying its own per-strip sumf/sumi/bsums accumulators -> peak live-set HALVES (not sums). objdump seal: spill 84->23 (-73%) reload 88->34 (-61%) at BOTH -O2/-O3, vsetvli 53->73 (+38% cheap scalar reconfig), text +8%, vwmacc 2240->2240 UNCHANGED = byte-exact multiset. A/B ours_post/ours_pre paired cold nr64 N=12 = 1.527 / nr16 N=10 = 1.519 = +52.4%-class SPEEDUP (~55-179x our run-to-run cv, T-N PASS, decisively non-overlapping; contrast #1 +0.65% wash / #2 -11% regression). vs-opponent REAL-dispatched _vl128 block-dot (clean anchor nr64): PRE parity 0.962x (reproduces the L1-candidate 0.94-0.97x band) -> POST parity 1.471x (S6-cell re-anchor 1.473x) = parity FLIPS from under-parity to a ~47% LEAD, opponent GMAC/s stable (cv 0.54% 24 samples) so the flip is 100% ours-side. Correctness = construction oracle 039133ea + a PRE-vs-POST byte-exact identity gate (int+norm both shapes 0 mismatch). [NG-4] NOT a beat: eight [PERF-1] gates unwalked, single core, opponent = single-thread block-dot proxy (kernel-axis proxy NOT ggml threaded mul_mat); [L-1] kernel-level board-format-bound. e2e NOT run (projected +7%-class per Amdahl, pending whole-model verification after family rollout).","missing_pattern-CLOSED-partial(full-unroll register-pressure opening; fix = h-strip structural tile mr=4/hs=1 halves peak live-set; spill 84->23 not yet 0 -> S6 completes to <=32 cliff)",experiments/active/l1-tile-s1-q4k-repack-gemm/objdump_tile_s1_seal.objdump + tile_s1_ab.csv + tile_s1_ab_nr64.txt + tile_s1_findings.md,q4K-repack-gemm-hstrip-structural-tile(mr=4/hs=1 two sequential per-h-strip emitc.for block loops; peak live-set halves-not-sums; spill 84->23 byte-exact vwmacc 2240 unchanged; parity 0.962->1.471 loss->lead),"T2-tile-S1-HOLDS(spill 84->23 -73%; A/B +52.4%; parity 0.962->1.473 FLIP loss->lead; byte-exact identity gate 0 mismatch; oracle-GREEN 039133ea); kernel-axis NOT e2e (e2e projected +7%-class per Amdahl pending whole-model verification after family rollout); 8-gate NOT walked (beat wording LOCKED per [NG-4]/[L-1]=kernel-level; single-core; opponent single-thread block-dot proxy); committed d5a28efc; S1 logged ALONE not merged S2-S6",experiments/active/l1-tile-s1-q4k-repack-gemm/tile_s1_ab_nr64.txt + tile_s1_ab_nr16.txt + MANIFEST.md,d5a28efc(G3-主线A-T2-tile-S1-2026-07-08)
q4_K-repack-gemm-tile-S6-minfold-stackpanel-rvv-vlen128-kernel-axis,B1(★CASE-COMPILER-ASYMMETRY[2026-07-10]-KERNEL-ACCT-WITHDRAWN{1.884x=clang-ours(-O2)-vs-gcc-shipped-_vl128-block-dot-artifact(=CASE-CORE);symmetric-gcc/gcc-remeasure=0.272x(->LOSS;e2e-symmetric-gcc=0.334x);SYSTEM-ACCT-retained=clang-domain-codegen-observation[LLVM17-RVV>>gcc15 pattern-specific]+allocator/spill-bound(gcc 820-vsetvli/742-spill vs clang 71/3);opponent-absence SEPARATE-survives;never-adapt-to-gcc};T2-tile-S6;kernel-axis-register-cliff;spill->0-byte-exact;NOT-sealed-8-gate;NOT-e2e;★RESTORED-M4-CLOSED:byte-exact=integer-exact-vs-mat-quant-oracle(kernel-bit-exact-to-real-dispatch-q8)/closer-to-int-exact-than-ggml-own-generic;real-dmin!=0-tensor;commit-4f765790;NOT-row-quant;vs-opponent-marginal-RESTORED),factory-block-dot,win(kernel-axis: vs-opponent parity 1.473x[S1]->1.884x ~47%-lead climbs to ~88%-lead; A/B post-S6/pre-S1 +27.9%; hot-loop live-value spill 23->0 maxVreg v30 <=32 cliff),"T2-tile step6-of-6 built on committed S1 (d5a28efc); the byte-exact route to the <=32-vreg spill cliff (STRONGER than the T1 design-doc per-sub-block f32 inline-fold which would add ~32 f32 op/block and BREAK bit-exactness); levers = inline-min-fold (drop the idle bsums i32 accumulator family into the single end-of-block vfmacc(main)->vfnmsac(min) f32 fold) + stack-panel decode staging (scale/min i16 strips to stack panels via opaque vle/vse) + on-demand d/dmin f16 widen; golden->S6 ~1.96x compounded (on top of S1 +53%); NOT e2e (e2e projected +7%-class per Amdahl, pending whole-model verification after K-quant family rollout)","board rvv/VLEN128 core8 2.6GHz gov=perf clang-17.0.6 -O2/-O3, q4_K repack GEMM K=2048 nc=512: the S6 register-cliff levers (stage the idle-across-the-hot-dot bsums i32 MIN accumulator + the 6-bit scale/min i16 decode strips to STACK PANELS via opaque vle/vse, defer d/dmin f16 widen on-demand, keeping the SINGLE end-of-block vfmacc(main)->vfnmsac(min) f32 fold order IDENTICAL) reach the <=32-vreg cliff byte-exactly. objdump seal golden->S1->S6: spill 84->23->3, reload 88->34->8, maxVreg v31->v31->v30 (peak <=32) at BOTH -O2/-O3, vwmacc 2240 UNCHANGED across all three = byte-exact multiset. The residual raw spill=3 is NOT hot-loop spilling (objdump -d verified: 3 vs2r.v = prologue bsums-panel zero-inits before the hot loops, 8 vl2r.v = panel READS with no matching spill-STORE) => allocator hot-loop live-value spills 23->0. byte-exact identity gate PRE(S1) vs POST(S6) (int+norm both shapes) = IDENTICAL 0 mismatch. A/B ours_post(S6)/ours_pre(S1) paired cold nr64 N=12 / nr16 N=10 = 1.279 / 1.279 = +27.9% SPEEDUP (~57-67x cv, min A/B 1.269>1, T-N PASS SHAPE-ROBUST). vs-opponent REAL-dispatched _vl128 block-dot (clean anchor nr64): S1 parity 1.473x -> S6 parity 1.884x = the ~47% lead climbs to a ~88% LEAD, opponent GMAC/s stable (cv 0.80% 24 samples) so the jump is 100% ours-side. Correctness = construction oracle 039133ea + the in-cell byte-exact identity gate. [NG-4] NOT a beat: eight [PERF-1] gates unwalked, single core, opponent = single-thread block-dot proxy (kernel-axis proxy NOT ggml threaded mul_mat); [L-1] kernel-level board-format-bound. e2e NOT run (projected +7%-class per Amdahl, pending whole-model verification after family rollout).","missing_pattern-CLOSED(register-pressure opening driven to the <=32-vreg cliff; fix = inline-min-fold [drop bsums i32 family via end-of-block vfnmsac] + stack-panel decode staging [cold decoded weights vle/vse] + on-demand d/dmin widen; hot-loop live-value spill 23->0 byte-exact; completes the S1 partial closure)",experiments/active/l1-tile-s6-q4k-repack-gemm/objdump_tile_s6_seal.objdump + tile_s6_ab.csv + tile_s6_ab_nr64.txt + tile_s6_findings.md,q4K-repack-gemm-inline-minfold-stackpanel-register-cliff(bsums i32 family folded via end-of-block vfnmsac + scale/min decode staged to stack panels + d/dmin on-demand widen; peak vreg v30 <=32; hot-loop spill 23->0 byte-exact vwmacc 2240 unchanged; parity 1.473->1.884),"T2-tile-S6-HOLDS(hot-loop live-value spill 23->0 [raw 3 = prologue panel zero-inits]; maxVreg v30 <=32 cliff; A/B +27.9% over S1; parity 1.473->1.884; byte-exact identity gate 0 mismatch int+norm both shapes; oracle-GREEN 039133ea); kernel-axis NOT e2e (e2e projected +7%-class per Amdahl pending whole-model verification after family rollout); 8-gate NOT walked (beat wording LOCKED per [NG-4]/[L-1]=kernel-level; single-core; opponent single-thread block-dot proxy); committed 5f194cbd; S6 logged ALONE not merged S1",experiments/active/l1-tile-s6-q4k-repack-gemm/tile_s6_ab_nr64.txt + tile_s6_ab_nr16.txt + MANIFEST.md,5f194cbd(G3-主线A-T2-tile-S6-2026-07-08)
q6_K-repack-gemm-tile-T3-stackpanel-NULL-rvv-vlen128-kernel-axis,NULL(T3-tile;kernel-axis-register-cliff-NOT-REACHED;family-lever-boundary;byte-exact;NOT-e2e),factory-block-dot,null(kernel-axis: q4_K S6 tiling-lever does NOT transfer -- spill 913->949 ROSE not->0; maxVreg v31 NO <=32 cliff; A/B -1.5%/-2.3% small shape-robust regression; vs-opponent 0.184->0.181 stays ~5.4x LOSS; byte-exact),family-lever-boundary(q4_K S6 register-cliff does NOT migrate to weight-reconstruction-bound q6_K; family scheme is NON-uniform),"board rvv/VLEN128 core8 2.6GHz gov=perf clang-17 -O2/-O3, q6_K repack GEMM K=2048 nc=512: T3 asked whether the q4_K S6 stack-panel register-cliff lever (which drove q4_K spill 84->23->3, maxVreg v31->v30, +27.9%, byte-exact) TRANSFERS to q6_K's no-min single-scale body (decoded signed-scale int16 stack-panel via vse16/vle16 + on-demand d f16 widen deferred to the end-of-block fold; NO min-fold panel since q6_K has no min). ANSWER: NO. objdump seal UNTILED(cached HEAD 924dc31f front-door export md5 0f14791e)->TILED(md5 28cbeebd): spill 913->949 (-O2) / 927->953 (-O3) ROSE +36/+26 (NOT toward 0), reload 953->957, maxVreg v31->v31 (the <=32-vreg cliff was NEVER reached; q4_K S6 hit v30), vwmacc 2304 UNCHANGED across all four = byte-exact multiset, text +722B (panel store/load). The vs*r.v spills are hot-loop-saturated (begin 0x92, dense through the block body) in BOTH forms -- genuine allocator live-value spills, NOT q4_K S6's benign prologue-only residual-3. A/B ours_tiled/ours_untiled paired cold nr64 N=12 = 0.985 (-1.5%) / nr16 N=10 = 0.977 (-2.3%) SHAPE-ROBUST small REGRESSION (ours cv 0.15-0.35%, max per-round A/B 0.992<1, non-overlapping). vs-opponent REAL-dispatched ggml_vec_dot_q6_K_q8_K block-dot (clean anchor nr64, opponent cv 0.575%): UNTILED 0.184x -> TILED 0.181x = stays a ~5.4x LOSS, the small drop is 100% ours-side (opponent GMAC/s stable). Byte-exact GREEN: silicon verify INT_mismatch_total=0 BOTH + NORM worst_ulp=220 worst_norm=4.579e-07 IDENTICAL untiled/tiled; full nr*nc=32768 fp32 identity o_untiled.bin==o_tiled.bin 0 mismatch. WHY NO TRANSFER: q4_K's residual peak pressure WAS the idle i32 MIN bsums accumulator + the 6-bit decode strips = EXACTLY what the panel stages, so staging collapsed spill 23->3 / v31->v30; q6_K's dominant pressure is the dual-plane 6-bit ql@1312/qh@288 16-sub-block weight reconstruction + the f32 accumulator fan (~900 whole-register spills, an ORDER OF MAGNITUDE above q4_K golden's 84), which the decode-scale panel does not touch => staging only the scale strips is a drop in the ~900-spill bucket and adds panel store/load traffic => spill nudges UP, throughput nudges DOWN. Decision per 裁决一 [更简单者胜]: q6_K SHIPS CONSTRUCTION-ONLY, plain untiled body (GEMM tile REVERTED byte-exact to the retired direct emitter emitRepackGemmQ6KQ8K; GEVM already plain). [NG-4] moot (a NULL is not a beat); eight [PERF-1] gates unwalked; single core; opponent single-thread block-dot proxy NOT threaded mul_mat; [L-1] kernel-level. e2e NOT run.",n_a(NULL family-lever-boundary; q6_K peak pressure is the dual-plane 6-bit ql/qh weight materialization ~900 spills NOT the decode-scale strips the panel stages; the tiling pattern is q4_K/q5_K-shaped not q6_K-shaped; NOT missing_pattern/misselection -- a mapped transfer-boundary methodology datapoint),experiments/active/l1-t3-q6k-repack-gemm/objdump_tile_q6k_t3_seal.objdump + tile_q6k_t3_ab.csv + tile_q6k_t3_ab_nr64.txt + tile_q6k_t3_ab_nr16.txt + tile_q6k_t3_findings.md,family-lever-boundary-q4K-S6-does-NOT-transfer-to-q6K(stack-panel decode-scale staging leaves q6_K's ~900-spill dual-plane 6-bit ql/qh fully-unrolled body untouched; spill 913->949 rose; maxVreg v31 no <=32 cliff; -1.5%/-2.3%; family repack tiling scheme is NON-uniform => C2 marginal-cost + C3-prime pattern-library transfer-boundary),"NULL-family-lever-boundary-CONFIRMED(q6_K T3 FAILS the tiling pre-registration [spill->~0 AND MAC/cycle-up AND wall-passes-T-N]: spill 913->949 ROSE hot-loop-saturated, maxVreg v31 NO <=32 cliff, MAC/cycle -1.5% DOWN; byte-exact INT_mismatch=0 both + identity 0 mismatch + vwmacc 2304 unchanged); q6_K SHIPS CONSTRUCTION-ONLY plain untiled body (GEMM tile REVERTED byte-exact to retired direct emitter emitRepackGemmQ6KQ8K; GEVM already plain); construction INTACT (front-door CONSTRUCTED, C_construct 37, whitelist 13, [F-EMIT] GREEN, RVV lit 517/517); kernel-axis NOT e2e; 8-gate NOT walked ([NG-4] moot=NULL); parent will commit",experiments/active/l1-t3-q6k-repack-gemm/tile_q6k_t3_ab_nr64.txt + tile_q6k_t3_ab_nr16.txt + MANIFEST.md,924dc31f-baseline(kquant-L1-T3-q6k-tile-NULL-2026-07-08; q6_K-GEMM-reverted-to-plain-untiled; parent-uncommitted)
q2_K-repack-gemm-tile-S6-minfold-stackpanel-rvv-vlen128-kernel-axis,B1(★CASE-COMPILER-ASYMMETRY[2026-07-10]-KERNEL-ACCT-WITHDRAWN{1.413x=clang-ours(-O2)-vs-gcc-shipped-_vl128-block-dot-artifact;symmetric-gcc/gcc-remeasure=0.386x(3.6x-reversal->LOSS;Stage1-EVAPORATED T-VALIDITY-STAGE1_rvv F1;gcc 1433-vsetvli vs clang 87/7);SYSTEM-ACCT-retained=clang-domain-codegen-observation[LLVM17-RVV>>gcc15]+allocator/spill-bound;opponent-absence SEPARATE-survives;never-adapt-to-gcc};T3-tile-S6;kernel-axis-register-cliff;spill->0-byte-exact;NOT-sealed-8-gate;NOT-e2e;★RESTORED-M4-CLOSED:byte-exact=integer-exact-vs-mat-quant-oracle(kernel-bit-exact-to-real-dispatch-q8);validated-by-shared-fold(M4-proven-kquant_dmin_bsums_min@q4_K/q5_K);real-dmin!=0;commit-4f765790;NOT-row-quant;vs-opponent-marginal-RESTORED;q2_K-direct-dmin!=0-cert-OWED),factory-block-dot,win(kernel-axis: vs-opponent 0.212x->1.413x LOSS->~41%-lead; A/B tiled/untiled 6.653x[nr64]/5.648x[nr16]; spill 619->7 maxVreg v30 <=32 cliff),T3 format2 register-cliff prediction CONFIRMED (mirror image of q6_K T3 NULL). q2_K reuses the q4_K kquant_dmin_bsums_min fold (has_min) + 2-bit weight decode (cheap); FULL S6 = inline-min-fold i32 bsums stack-panel + S1 h-tile + scale/min i16 stack-panel + on-demand d/dmin. q2_K UNTILED spill 619 is q6_K-like in COUNT but q4_K-like in KIND (the pressure IS the decode-scale/min strips + the idle i32 MIN accumulator = exactly what S6 stages) so it COLLAPSES; NOT e2e (projected pending whole-model verification after K-quant family rollout),"board rvv/VLEN128 core8 2.6GHz gov=perf clang-17 -O2/-O3, q2_K repack GEMM K=2048 nc=512 campaign-canonical fixture: objdump seal spill 619->7 (-98.9%; residual 7 = prologue-only vs2r.v, hot-loop live-value ->0), maxVreg v31->v30 (<=32 cliff REACHED, unlike q6_K which stayed v31), vwmacc 2304 UNCHANGED (byte-exact multiset), textB halved 51014->26968; identical at -O3 (603->7 v30). byte-exact GREEN: silicon verify UNTILED & TILED both INT_mismatch=0, IDENTITY-DUMP o_untiled==o_tiled 0 mismatch (nr64 32768/nr16 8192 floats). A/B tiled/untiled paired cold nr64 N=12 = 6.653x (cv 0.12-0.49%), nr16 N=10 = 5.648x, shape-robust non-overlapping T-N PASS. vs-opponent ggml_vec_dot_q2_K_q8_K block-dot (clean anchor nr64, opp cv 1.14% 24 samples): UNTILED 0.212x (reproduces board-harvest2 ~0.20x LOSS = basis validated) -> TILED 1.413x WIN. [NG-4] NOT a beat: 8 gates unwalked, single core, opponent single-thread block-dot proxy; [L-1] kernel-level. e2e NOT run (projected pending family rollout).",missing_pattern-CLOSED(register-cliff REACHED v30<=32; the q4_K S6 min-fold-family lever TRANSFERS to q2_K; fix = inline-min-fold bsums-panel + h-tile + scale/min stack-panel + on-demand d/dmin; hot-loop spill 619->0 byte-exact),experiments/active/l1-t3-q2k-repack-gemm/objdump_tile_q2k_t3_seal.objdump + tile_q2k_t3_findings.md + tile_q2k_t3_ab.csv,q2K-repack-gemm-S6-register-cliff-HOLDS(min-fold family lever transfers q4_K->q2_K; spill 619->7 v30<=32; parity 0.212->1.413; A/B 6.653x; byte-exact vwmacc 2304 unchanged),"T3-q2_K-S6-HOLDS + M2-40%-CROSSED(C_construct 37->38 = 40.9% >= M2 gate) + register-cliff-prediction-CONFIRMED(mirror of q6_K T3 NULL; the C3' transfer boundary = lever transfers to the kquant_dmin_bsums_min min-fold family [q4_K/q2_K, predict q5_K] NOT to dual-plane-weight q6_K/predict-q3_K); kernel-axis NOT e2e; 8-gate NOT walked [NG-4]/[L-1] LOCKED; single-core; opponent block-dot proxy",experiments/active/l1-t3-q2k-repack-gemm/tile_q2k_t3_ab_nr64.txt + tile_q2k_t3_ab_nr16.txt + MANIFEST.md,PENDING-COMMIT(G3-主线A-T3-q2_K-2026-07-08)
q3_K-repack-gemm-tile-T3-NULL-XFER1-weight-bound-rvv-vlen128-kernel-axis,NULL(T3-tile; XFER-1-validation#1-PREDICTION-HIT; weight-reconstruction-bound; construction-only; byte-exact; NOT-e2e),factory-block-dot,null(kernel-axis: front-door constructed but S6 tiling NULL; vs-opponent 0.176x->0.191x still ~5.2x LOSS; spill 978->894 maxVreg v31 no <=32 cliff),"[XFER-1] validation point #1 = PREDICTION HIT. Predicted NULL (weight-reconstruction-bound like q6_K), measured NULL. q3_K = 3-bit SUBTRACTIVE hmask (2-bit qs | 1-bit hmask, vsub 4) + 16 signed 6-bit scales + NO min -- reuses the q6_K kquant_single_scale_no_min fold WHOLE (framework re-pay 0), only offsets + 3-bit hmask decode leaf net-new. UNTILED spill 978 (q6_K-magnitude ~900, v31 saturated), tiled residual ~894 = the two-plane qs@800|hmask@288 subtractive-weight reconstruction (NOT the decode strips S6 stages); the +8% tiled A/B is a byte-exact scale-panel overhead-shave NOT the register-cliff lever (<=32-vreg cliff NEVER reached, v31->v31 unlike q4_K/q2_K v30). Ships PLAIN construction-only per 更简单者胜. C_construct 38->39, whitelist 12->11.","board rvv/VLEN128 core8 2.6GHz clang-17 -O2/-O3 campaign-canonical fixture: objdump spill UNTILED 978 -> TILED 894 (-8.6%, the panel shaved only the ~84 staged scale strips; ~894 residual = 2048 vand + 2048 vsrl + 1024 vsll/vor/vsub two-plane 3-bit weight reconstruction), maxVreg v31->v31 (<=32 cliff NEVER reached; q4_K/q2_K hit v30), vwmacc 2176 UNCHANGED (byte-exact multiset). byte-exact GREEN: silicon verify UNTILED & TILED both INT_mismatch=0, identity o_untiled==o_tiled 0 mismatch. A/B tiled/untiled +8.0% nr64 / +8.4% nr16 (byte-exact overhead-shave, T-N pass but NOT the cliff lever, order-of-magnitude short of q2_K +565%). vs-opponent ggml_vec_dot_q3_K_q8_K (nr64 opp cv 1.26%): UNTILED 0.176x (reproduces board-harvest2 q3_K 0.176x LOSS) -> TILED 0.191x (still ~5.2x LOSS, +8% does NOT flip; contrast q2_K SAME structure-class 0.21->1.41 WIN). q3_K genuine repack LOSS regime at VLEN128; tiling does not rescue. [NG-4] kernel not beat.","weight-reconstruction-bound(the qs|hmask two-plane 3-bit subtractive reconstruction dominates the ~894 residual spill, NOT the decode-scale strips; the q4_K/q2_K register-cliff min-fold lever does NOT transfer to the no-min hmask family; construction-only ship byte-exact)",experiments/active/l1-t3-q3k-repack-gemm/objdump_tile_q3k_t3_seal.objdump + tile_q3k_t3_findings.md + tile_q3k_t3_ab.csv,q3K-XFER1-validation1-HIT(weight-bound NULL predicted AND confirmed on silicon; spill 978->894 v31 no-cliff; parity 0.176->0.191 still LOSS; the kquant_dmin_bsums_min min-fold register-cliff lever does NOT transfer to the no-min kquant_single_scale_no_min weight-bound family q6_K/q3_K),"T3-q3_K-construction-only(front-door CONSTRUCTED from abstract, C_construct 38->39, whitelist 12->11, [F-EMIT] GREEN, byte-exact vs oracle) + S6-NULL weight-bound(v31 no-cliff, ships PLAIN); [XFER-1] validation#1 PREDICTION-HIT (q3_K 不吃 as pre-registered); q5_K next (pre-registered predict 吃/register-cliff = min-fold family); kernel-axis NOT e2e",experiments/active/l1-t3-q3k-repack-gemm/MANIFEST.md,PENDING-COMMIT(G3-主线A-T3-q3_K-2026-07-08)
q5_K-repack-gemm-tile-T3-S6-HOLDS-XFER1-min-fold-survives-qh-rvv-vlen128-kernel-axis,B1(★CASE-COMPILER-ASYMMETRY[2026-07-10]-KERNEL-ACCT-WITHDRAWN{2.193x=clang-ours(-O2)-vs-gcc-shipped-_generic-UNTUNED-block-dot-artifact;symmetric-gcc/gcc-remeasure=0.775x(2.85x-reversal->LOSS;Stage1-EVAPORATED T-VALIDITY-STAGE1_rvv F2;gcc 2354-vsetvli/525-spill vs clang 71/105);SYSTEM-ACCT-retained=clang-domain-codegen-observation[LLVM17-RVV>>gcc15]+allocator/spill-bound;opponent-absence SEPARATE-survives;never-adapt-to-gcc};T3-tile-S6; XFER-1-validation#2-PREDICTION-HIT; register-cliff-min-fold-survives-qh-plane; <=32-cliff-reached; byte-exact; NOT-e2e;★RESTORED-M4-CLOSED:byte-exact=integer-exact-vs-mat-quant-oracle(kernel-bit-exact-to-real-dispatch-q8)/closer-to-int-exact-than-ggml-own-generic;real-dmin!=0-tensor;commit-4f765790;NOT-row-quant;vs-opponent-marginal-RESTORED),factory-block-dot,win(kernel-axis: vs-opponent 1.547x->2.193x; A/B tiled/untiled +41.7%; spill 155->105 maxVreg v30 <=32 cliff REACHED despite qh plane),"[XFER-1] validation #2 = PREDICTION HIT + the finest-resolution boundary point of the 5 K-quants. q5_K = q4_K nibble | qh 5th-bit inject (A = nibble|(qh_bit<<4)) + dual d/dmin + bsums-min (REUSES q4_K kquant_dmin_bsums_min fold WHOLE, has_min; framework re-pay 0; the ONE generalization = making hasMin and weightQhByteOffset INDEPENDENT so a min-fold family can carry a weight plane). Predicted HOLDS (register-cliff min-fold), measured HOLDS. The min-fold lever DOMINATES + crosses the <=32-vreg cliff (v31->v30, q4_K/q2_K signature) DESPITE the qh weight plane; the qh plane is a SECONDARY residual (~105 leftover spill, degrades-but-does-not-defeat). The lever is keyed to the MIN FOLD, not the weight-decode. NOTE q5_K untiled was ALREADY lean (155 spill, not the 600-900 of q2_K/q6_K) + ALREADY a 1.55x WIN (unlike q2_K un-tiled LOSS), so tiling pushes an already-winning kernel further. C_construct 39->40, whitelist 11->10. COMPLETES the K-quant repack family.","board rvv/VLEN128 core8 2.6GHz clang-17 -O2/-O3 campaign-canonical fixture: objdump spill 155->105 (-32%, -O2; residual ~105 = the qh 5th-bit weight-reconstruction plane the decode-scale/min panel does NOT stage), reload 288->110 (-62%, the throughput lever), maxVreg v31->v30 (<=32 cliff REACHED at BOTH -O2/-O3 = the min-fold HOLDS signature, unlike q6_K/q3_K v31 weight-bound), vwmacc 2240 UNCHANGED (byte-exact multiset). byte-exact GREEN: silicon verify INT_mismatch=0 both + identity 0 mismatch + oracle worst_norm 8.0e-07. A/B tiled/untiled +41.7% nr64 (2.0508->2.9056 GMAC/s cv 0.36-0.50% N=12) / +35.0% nr16, shape-robust non-overlapping T-N PASS. vs-opponent ggml_vec_dot_q5_K_q8_K block-dot (nr64 opp cv 0.35% 24 samples): UNTILED 1.547x (reproduces board-harvest2 ~1.5x vs-UNTUNED) -> TILED 2.193x WIN. [NG-4] kernel not beat (8-gate unwalked, single core, block-dot proxy).",register-cliff-min-fold-survives-qh(the min+bsums accumulator pressure DOMINATES + crosses the <=32 cliff v30; the qh 5th-bit weight plane is a SECONDARY residual ~105 not the dominant pressure; the S6 min-fold lever transfers WHOLE despite a co-resident weight plane; the lever is keyed to the min fold),experiments/active/l1-t3-q5k-repack-gemm/objdump_tile_q5k_t3_seal.objdump + tile_q5k_t3_findings.md + tile_q5k_t3_ab.csv,q5K-XFER1-validation2-HIT(min-fold register-cliff lever SURVIVES the qh 5th-bit weight plane; spill 155->105 v30<=32 cliff reached; parity 1.547->2.193; the lever is keyed to the kquant_dmin_bsums_min fold NOT the weight-decode; a co-resident weight plane costs a residual but does not flip the verdict),"T3-q5_K-S6-HOLDS + ★K-quant-family-COMPLETE(5/5 front-door constructed: q4_K/q6_K/q2_K/q3_K/q5_K) + [XFER-1]-4/4-CONFIRMED(min-fold q4_K/q2_K/q5_K HOLDS, weight-bound q6_K/q3_K NULL; q5_K = finest boundary min-fold survives qh plane as residual); C_construct 40; 吞吐兑现 3->4; kernel-axis NOT e2e; TRIGGERS 族收口大动作(5-format summary + whole-model llama-bench + q4_K 8-gate)",experiments/active/l1-t3-q5k-repack-gemm/MANIFEST.md,PENDING-COMMIT(G3-主线A-T3-q5_K-2026-07-09)
iq4_nl-repack-gemm-frontdoor-tile-NOOP-XFER1-codebook-already-lean-rvv-vlen128-kernel-axis,NULL-NOOP(M2-frontdoor; XFER-1-3rd-category-codebook-already-lean; construction-only; byte-exact; NOT-e2e),factory-block-dot,"n/a(front-door constructed; S6 tiling structural no-op = already at <=32 cliff; codebook-gather memory-based, no register pressure to relieve)","[XFER-1] 3rd category = codebook-gather ALREADY-LEAN (structural no-op, distinct from weight-bound NULL). iq4_nl codebook front-door constructed (framework grows to a 4th decode family +codebook via lowerToRepackGem{v,m}Codebook, reconstructs kvalues_iq4nl[16] from abstract + real vluxei16 gather, 0 vrgather). Board: UNTILED spill 7 / maxVreg v30 (ALREADY at the <=32 cliff), vwmacc=0 (the decode is a vluxei16 MEMORY gather, no idle decode registers to stage) -> S6 tiling has NO register pressure to relieve = structural no-op. Ships PLAIN construction-only. Refines [XFER-1] into a clean 3-category rule: tiling applicability <=> HIGH register pressure from STAGEABLE decode strips (min-fold q4_K/q2_K/q5_K HOLDS; weight-reconstruction-bound q6_K/q3_K NULL; codebook-gather already-lean iq4 no-op). C_construct 40->41, whitelist 10->9.","board rvv/VLEN128 core8 2.6GHz clang-17 -O2/-O3 (read-only tcrv-opt): iq4_nl UNTILED objdump spill 7, maxVreg v30 (already at <=32 cliff, never v31), vlux 64, vwmacc 0 (vluxei16 memory-gather codebook decode). No tiled binary fabricated (tiling is a structural no-op, forecloses the register-cliff lever = nothing to stage). byte-exact: construction-path emit == region-path emit (GEVM zero diff, GEMM only %argN ABI perm), vs iq4_nl oracle. [NG-4] kernel not e2e.","codebook-gather-already-lean(vluxei16 memory-gather, spill 7/v30 already at cliff, NO stageable decode strips, S6 structural no-op; construction-only ship byte-exact = retired direct emitter verbatim)",experiments/active/l1-m2-iq4/objdump_iq4_untiled_seal.objdump + MANIFEST.md,iq4-XFER1-3rd-category(codebook-gather already-lean structural no-op; the [XFER-1] rule GENERALIZES = tiling applicability iff high register pressure from STAGEABLE decode strips; the codebook case is the rule's lower bound = nothing to relieve),"M2-iq4_nl-construction-only(front-door codebook CONSTRUCTED from abstract, C_construct 40->41, whitelist 10->9, [F-EMIT] GREEN, byte-exact vs oracle, 538/538 lit) + framework grows to +codebook (4th decode family); [XFER-1] 3rd-category codebook-already-lean; iq4_xs next (same codebook brick, K-quant 6-bit scale); kernel-axis NOT e2e",experiments/active/l1-m2-iq4/MANIFEST.md,PENDING-COMMIT(G3-M2-iq4_nl-2026-07-09)
iq4_xs-repack-gemm-frontdoor-tile-NOOP-XFER1-codebook-already-lean-rvv-vlen128-kernel-axis,NULL-NOOP(M2-frontdoor; XFER-1-3rd-category-codebook-already-lean; construction-only; byte-exact; NOT-e2e),factory-block-dot,n/a(front-door constructed; S6 tiling structural no-op = already-lean spill 73/v30; completes iq4 codebook pair),"iq4_xs codebook front-door constructed (SUPER-BLOCK QK_K=256 + K-quant-style 6-bit SIGNED per-sub-block scale, no min, reuses the iq4_nl codebook family + real vluxei16 gather, new fold_model codebook_superblock_signed6_no_min). Same [XFER-1] 3rd category as iq4_nl: codebook-gather ALREADY-LEAN (board spill 73/v30 at cliff, memory-gather, no stageable strips) -> S6 tiling structural no-op -> ships PLAIN construction-only. C_construct 41->42, whitelist 9->8. Completes the iq4 codebook pair (iq4_nl+iq4_xs).","board rvv/VLEN128: iq4_xs UNTILED spill 73, maxVreg v30 (already at <=32 cliff), vluxei16 memory-gather codebook decode; no tiled binary (structural no-op). byte-exact: construction-path emit == region-path (verbatim body move) vs iq4_xs oracle. [NG-4] kernel not e2e.",codebook-gather-already-lean(same as iq4_nl; construction-only ship byte-exact),experiments/active/l1-m2-iq4/MANIFEST.md,iq4_xs-XFER1-3rd-category(codebook-gather already-lean; iq4 codebook pair complete),"M2-iq4_xs-construction-only(front-door codebook CONSTRUCTED from abstract, C_construct 41->42, whitelist 9->8, [F-EMIT] GREEN, byte-exact) + iq4 codebook pair COMPLETE; framework stays {q4_0,ternary,K-quant,codebook}; kernel-axis NOT e2e",experiments/active/l1-m2-iq4/MANIFEST.md,PENDING-COMMIT(G3-M2-iq4_xs-2026-07-09)
q4_K-repack-gemm-S6-k1-VLEN256-BOARD-B-kernel-axis-closes-8gate-3-and-5,B1(★CASE-COMPILER-ASYMMETRY[2026-07-10]-SYMMETRIC-CLANG-SURVIVED{k1-shipped-ggml=CLANG-18 NOT gcc[CMakeCache CMAKE_C_COMPILER=clang-18 + build-log clang-diagnostics + .comment-clang-18 + objdump factory _vl256=19-vsetvli/0-spill==our-clang-18-rebuild = 4-proof];orig 'same asymmetry as board A'=FACTUALLY-WRONG(board A/rvv-shipped=gcc-15->evaporated 0.272x vs board B/k1-shipped=clang-18->SURVIVED 3.10x = ONE-DEAD-ONE-ALIVE not-same-asymmetry);3.106x=as-shipped-beat kernel-axis-MICRO NOT-e2e(k1-e2e=separate K1-SEAL line;NO-extrapolation);Stage1 T-VALIDITY-STAGE1_k1 3-way-reproduced ~3.10x};kernel-axis-path-win; board-B k1/VLEN256; closes q4_K [PERF-1] 8-gate ③ dual-board-objdump + ⑤ dual-board-verified; NOT-sealed-8-gate; NOT-e2e;★RESTORED-M4-CLOSED:byte-exact=integer-exact-vs-mat-quant-oracle(kernel-bit-exact-to-real-dispatch-q8)/closer-to-int-exact-than-ggml-own-generic;real-dmin!=0-tensor;commit-4f765790;NOT-row-quant;vs-opponent-marginal-RESTORED),factory-block-dot,win(kernel-axis: k1/VLEN256 median 3.106x vs factory block-dot; ALL 12 rounds >1; NOT-e2e),board-B companion of board-A rvv/VLEN128 1.884x (l1-tile-s6-q4k-repack-gemm),"board k1/SpacemiT-X60/VLEN256(vlenb=32) 8c clang-18.1.8-Bianbu -O2 zfh-march(0 __extendhfsf2 libcall) gov=perf 1.6GHz, cold N=12 iters=20 K=2048 nr=64 nc=512, core7: OUR S6-tiled q4_K repack GEMM (front-door-constructed emitRepackKQuantGemmBodyQ4K; md5 90d454da; REUSED cached export, NO regen) = 3.550 GMAC/s (cv 0.41%) vs factory-dispatched ggml_vec_dot_q4_K_q8_K block-dot (/data/k1build-stock libggml-cpu.so, VLEN256 branch) = 1.146 GMAC/s (cv 0.46%) => median ratio 3.106x IQR[3.096,3.112] min 3.054 max 3.120, ALL 12 rounds>1 (sign-test p=2^-12, non-overlapping). ggml ships NO K-quant repack trait so block-dot IS the factory K-quant mul_mat fallback. gate③ k1 objdump: S6 -O2 spill 81->4, vwmacc=2240 UNCHANGED golden->S6 AND identical to board-A rvv128 (2240), maxVreg v31 (<=32), vtype e8,mf2/e16,m1/e32,m2 = same VLA descriptors as VLEN128 => capability-keyed codegen VLEN-invariant. golden==S6 byte-identical on k1 (int+norm 0 mismatch). [NG-4] kernel-axis prefill-GEMM, not e2e, 8-gate not sealed (② VLEN256-flip-lit + ④ e2e still open); ours=clang-18 vs factory-as-shipped-CLANG-18 [★CASE-COMPILER-ASYMMETRY CORRECTION 2026-07-10: k1 factory ggml IS clang-18 (CMakeCache+objdump 19/0) so this leg = symmetric-clang SURVIVED; 'same asymmetry as board A' self-statement FACTUALLY WRONG -- board A/rvv shipped=gcc-15 (evaporated 0.272x), board B/k1 shipped=clang-18 (survived 3.10x)].",n_a(kernel-axis-win; no gap/triage),experiments/active/kquant-k1-vlen256-kernel-axis-t4a/objdump_k1_seal.objdump + experiments/active/l1-tile-s6-q4k-repack-gemm/objdump_tile_s6_seal.objdump,dual-board-kernel-axis-verified-q4_K(rvv/VLEN128 1.884x + k1/VLEN256 3.106x) + VLEN-invariant-vtype(vwmacc 2240 identical both boards; e8mf2/e16m1/e32m2 same VLA vtype at VLEN128 & VLEN256; repack-locality-vs-blockdot amplifies at VLEN256),"q4_K [PERF-1] 8-gate ③ CLOSED (dual-board objdump: rvv128 + k1 VLEN256) + ⑤ CLOSED (dual-board kernel-axis 1.884x + 3.106x) => 4/8 -> 6/8; remaining ② VLEN256 codegen-flip-lit (lib-side) + ④ e2e (blocked-projection)",experiments/active/kquant-k1-vlen256-kernel-axis-t4a/paired_k1_vlen256.csv + MANIFEST.md,PENDING-COMMIT(G3-主线C-SEL-1-T4a-k1-board-batch-2026-07-09)
q5_K-repack-gemm-k1-VLEN256-BOARD-B-kernel-axis-dual-board,B1(★CASE-COMPILER-ASYMMETRY[2026-07-10]-SYMMETRIC-CLANG-SURVIVED{k1-shipped-ggml=CLANG-18 NOT gcc[4-proof CMakeCache+objdump];orig 'same asymmetry as board A' self-statement FACTUALLY-WRONG(board A/rvv=gcc->evaporated vs board B/k1=clang->survived);1.916x=as-shipped-beat kernel-axis-MICRO NOT-e2e(k1-e2e separate K1-SEAL;NO-extrapolation);Stage1 T-VALIDITY-STAGE1_k1 3-way-reproduced ~1.92x. NB rvv128 2.193x sibling EVAPORATED->0.775x(kernel-acct-withdrawn) => 'dual-board' now k1-ONLY-survives};kernel-axis-path-win; board-B k1/VLEN256; dual-board with rvv128 2.193x; NOT-sealed-8-gate; NOT-e2e;★RESTORED-M4-CLOSED:byte-exact=integer-exact-vs-mat-quant-oracle(kernel-bit-exact-to-real-dispatch-q8)/closer-to-int-exact-than-ggml-own-generic;real-dmin!=0-tensor;commit-4f765790;NOT-row-quant;vs-opponent-marginal-RESTORED),factory-block-dot,win(kernel-axis: k1/VLEN256 median 1.916x vs factory block-dot; ALL 12 rounds >1; NOT-e2e),board-B companion of board-A rvv/VLEN128 2.193x (l1-t3-q5k-repack-gemm),"board k1/VLEN256 8c clang-18.1.8-Bianbu -O2 zfh-march(0 fp16 libcall) gov=perf 1.6GHz, cold N=12 iters=20 K=2048 nr=64 nc=512, core7: OUR q5_K repack GEMM (gemm_q5_K_q8_K.kernel.c md5 ba30ba54; REUSED cached export) = 1.118 GMAC/s (cv 0.46%) vs factory ggml_vec_dot_q5_K_q8_K block-dot = 0.583 GMAC/s (cv 0.26%) => median ratio 1.916x IQR[1.910,1.922] min 1.909 max 1.939, ALL 12>1 (sign-test p=2^-12, non-overlapping). gate③ k1 objdump Q5K -O2: vsetvli=53 spill=151 vwmacc=2240 (byte-exact multiset) maxVreg v31, vtype e16,m1/e8,mf2/e32,m2. [NG-4] kernel-axis prefill-GEMM, not e2e, single-core; ours=clang-18 vs factory-as-shipped-CLANG-18 [★CASE-COMPILER-ASYMMETRY 2026-07-10: k1 factory=clang-18=symmetric-clang SURVIVED; rvv-sibling 2.193x evaporated->0.775x kernel-acct-withdrawn].",n_a(kernel-axis-win),experiments/active/kquant-k1-vlen256-kernel-axis-t4a/objdump_k1_seal.objdump + experiments/active/l1-t3-q5k-repack-gemm/objdump_tile_q5k_t3_seal.objdump,dual-board-kernel-axis-verified-q5_K(rvv/VLEN128 2.193x + k1/VLEN256 1.916x; repack-locality-vs-blockdot holds on both VLENs),q5_K dual-board kernel-axis verified (no formal 8-gate ledger yet; byte-exact rvv identity + dual-board objdump + dual-board kernel-axis WIN); carried alongside q4_K T4a as second format,experiments/active/kquant-k1-vlen256-kernel-axis-t4a/paired_k1_vlen256.csv,PENDING-COMMIT(G3-主线C-SEL-1-T4a-k1-board-batch-2026-07-09)
# [M1 INSTRUCTION-LEVEL EVIDENCE — 2026-07-09 G3-minterm-fix M1 instrumented bisect;append-only,数值不改、行不删,裁决待用户]
# ★裁决输入(未由用户宣布):上方 "★M2c-NARROWED:min-term-VLEN128-bug" 标注的 defect 归因经 M1 逐环 bisect
#   FALSIFIED —— kernel 无缺陷,"5% parity" 是 CERT-HARNESS activation-quant-path 伪影。证据 cell:
#   experiments/active/t4b-m1-minterm-bisect/ (MANIFEST.md + m1_bisect_result.log + m1_probe.cpp + instrument_kernel.py).
# 方法:本地重发射 S6 q4_K kernel md5 90d454da(树 quiescent)-> instrument(纯观测 memory-capture,零向量算改)
#   -> ssh rvv 真 ggml_mul_mat dispatch(banner nr=4 nc=64 nb=2, VLEN128)-> 逐(block,row,col)读 kernel 真中间值.
# 决定性结果(m1_bisect_result.log):
#   (1) q8-FREE: min_int(oracle-weight-min × KERNEL-自己的-bsums) vs kernel v46 = 0 mismatches(两 block 全 row/col)
#       => 两-8-lane-strip min VALUE unpack + bsums pairing + accumulation 结构 CORRECT;d/dmin fp16 = 0 mismatches.
#       ==> half_lanes=8 双-strip min-物化假设 FALSIFIED(bit-exact 证据).
#   (2) ZERO-MODEL: kernel v47 MAIN 与 v46 MIN vs recompute-from-(ggml 自己的 ggml_quantize_mat_q8_K_4x1 q8) = 0/0 mismatches;
#       kernel captured bsums vs ggml mat-quant bsums = 0 => kernel 对其被喂的(mat-quant)激活 q8 计算 q4_K·q8 BIT-EXACT.
#       recompute-from-ROW-q8 mismatches=64/63(kernel 不吃 row-quant).
#   (3) 根因: ggml GEMM-path 激活量化 ggml_quantize_mat_q8_K_4x1(generic) ≠ scalar-path RISC-V arch quantize_row_q8_K(SIMD):
#       qs diffs 780/2048, bsums diffs 64/128. 两成分:(a) 良性 SIGN-FLIP(正-abs-max block riscv d=+1/iscale vs generic
#       −1/iscale;q8·a_d 复原同值;dot 内抵消——q4_K 两项 sign-flip-invariant);(b) ROUND-HALF 分歧(generic nearest_int
#       −63.5→−63 vs RNE −64,~1.5% 半整值)= 真 ±1 q8 噪,主项主导,在近零输出抵消处放大到 ~5-20% 相对(R-vs-F max ABS 12.5 @ F=3662 = 0.34%).
#   objdump 指令级(min-fold): vsetivli zero,8,e32,m2(两-8-lane strip)-> vfmul.vf v30,v6,fa5(dmin·a_d)
#       -> vfmacc.vv v2,v4,v30(main)-> vfnmsac.vv v2,v30,v16(减 dmin·a_d·min_acc)= 正确 min 减法.
#   objdump_evidence_ptr: experiments/active/t4b-m1-minterm-bisect/m1_bisect_result.log(objdump min-fold section)
# 对 M2/M3/M4 的方向:emitter/kernel 无需修;M2c "latent min-term defect" 判据经 M1 推翻为 harness 伪影;
#   re-cert(M3/M4)须以【实际 dispatch q8 = mat-quant】为 oracle(kernel 对之 bit-exact)或 vs ggml 自己的 repack GEMM;
#   ggml mat-quant vs riscv-row-quant 分歧(sign 选择 + round-half)=正交的 ggml-side numerics 问题,非本编译器.
# A-tree 板末 byte-exact restored(GEN deb61a29 / ARCH 99131cf7, pristine .so 860736B, golden=0);无 emitter 源改;confirm-only.
# ############################################################################
# [CASE-MINTERM] 卷宗 — 误诊→逆转→终审 全链 CASE CLOSED (2026-07-09 G3-cert-hardening;append-only,数值不改、行不删,★M4 定案 commit 4f765790)
# 一句话:q4_K/q5_K repack-GEMM 的 "5% min-term VLEN128 bug" 是 CERT-HARNESS 激活量化路径失配伪影,非 kernel 缺陷。
# 全链(逐 commit 指针):
#   ① 误诊(决定性 outcome-b): M2c 真 dispatch 重测判 min fold latent bug(dmin≠0 语料 rel 5–314% + 列-parity
#      0.947/0.637),HYPOTHESIS 归因 VLEN128 两-8-lane-strip(half_lanes=8)min 物化。commit 53666846,
#      cell experiments/active/t4b-m2c-dispatch/m2c_dispatch_result.log。→ 触发全表 M2c-NARROWED 收窄(上方行 26–49)。
#   ② 逆转(ZERO-MODEL bit-exact): M1 逐(block,row,col)instrumented bisect(纯观测、零向量算改)。三决定性证据:
#      (a) q8-FREE: min_int(oracle-weight-min × KERNEL-自己 bsums) vs kernel v46 = 0 mismatch(两 block 全 row/col)
#          + d/dmin fp16 = 0 → half_lanes=8 双-strip 物化假设 FALSIFIED(bit-exact);
#      (b) ZERO-MODEL: kernel v47 MAIN / v46 MIN / bsums vs recompute-from-(ggml 自己 ggml_quantize_mat_q8_K_4x1)
#          = 0/0/0 → kernel 对被喂的 mat-quant 激活 BIT-EXACT;recompute-from-ROW-q8 = 64/63(kernel 不吃 row-quant);
#      (c) 根因: ggml GEMM-path mat-quant ≠ scalar-path row-quant(qs diffs 780/2048、bsums diffs 64/128)=
#          SIGN-FLIP(dot 内抵消,良性)+ ROUND-HALF(~1.5% 半整值真 ±1 q8 噪,近零抵消放大 ~5-20% 相对,max ABS 0.34%)。
#      commit 8ede2779,cell experiments/active/t4b-m1-minterm-bisect/(m1_bisect_result.log + MANIFEST.md + m1_probe.cpp);
#      objdump min-fold 指令级正确:vsetivli zero,8,e32,m2 → vfmul.vf(dmin·a_d) → vfmacc.vv(main) → vfnmsac.vv(减 min)。
#   ③ 终审(★定案 CASE CLOSED,commit 4f765790): M4 决定性 positional(cell experiments/active/t4b-m4-decisive)——
#      真 Q4_K_M dmin≠0 模型张量 blk.0.attn_k.weight、两侧同喂 mat-quant 激活、call ggml 自己的
#      ggml_gemm_q4_K_16x1_q8_K_generic + 独立 int-exact double oracle。三决定性:(a) 整数 MAIN/MIN capture vs
#      recompute-from-mat-quant-q8 = 0/0 mismatch => INTEGER BIT-EXACT;(b) OURS vs int-exact rel 2.86e-6 <
#      ggml-generic vs int-exact 6.31e-5 => 我方比 ggml 自身 generic 更接近 int-exact;(c) q5_K(共享 min fold+qh 面)
#      vs int-exact rel 7.75e-7。残差 = 纯 FP-reassoc(ggml_generic 逐元素折叠 vs 我方整累加后一次折叠),~1000×
#      低于 M2c "5-40%" 伪影地板;RVV ggml_gemm_q4_K_16x1_q8_K(vl=16 硬编码)在 VLEN128 4081/4096 坏 = VLEN256-only,
#      证 M2c 结构注记但那是 ggml-side 非我方(VLEN128 正确实现 = ggml 的 _generic)。A-tree 板末 byte-exact restored
#      (ARCH 99131cf7 / GEN deb61a29,pristine .so 860736B,our kernels 0/0),emitter 源未改。详 docs/reports/
#      2026-07-09-ggml-q8-quant-dual-path-memo.md + m4_decisive_result.log。→ M2c-NARROWED 全表 RESTORED(上方 9 行
#      tag + 顶 banner);repack-GEMM 验收 oracle 确立 = mat-quant(kernel 对之 bit-exact)/ vs ggml 自身 generic。
#      注册两 FULL cert(schema/cert-lineage.v1.json:M4-q4K/M4-q5K-repack-gemm-decisive;cert-gate GREEN)。
# 方法学素材(论文): (i) 定罪与翻案同等严谨 —— M2c failure-cert 抓到真现象(数值确实分歧)但误归因 kernel;
#   M1 ZERO-MODEL 逆转、正确归因 ggml-side 激活量化惯例;(ii) ZERO-MODEL(recompute-from-实际-dispatch-q8)=
#   数值终审标准工具,专排"oracle 失配/错源"这一类空心 cert;(iii) 列-parity 是 mat-vs-row 差在交织列布局上的投影,非 kernel。
# ############################################################################
# [CERT-3REQ] cert 三要件补标 — 全表旧 K-quant min cert (2026-07-09 G3-cert-hardening;append-only;基于 M0 审计 4f8d815c)
# 三要件(空心证书禁令):① 语料完备,每算术项非退化 exercise(dmin≠0 ∧ mins≠0);② 输入路径同源(oracle 与被测 kernel
#   同喂真-dispatch 激活量化 = mat-quant,非 row-quant / 独立 lrintf −127/max);③ oracle 独立不共享读取(非自比
#   PRE≡POST / untiled≡tiled)。★M1 揭示:全表旧 cert 系统性违反的正是 ②(oracle 用 row-quant/lrintf,与 GEMM 真 dispatch
#   喂的 mat-quant 不同源)—— M2c 恰好抓到该差却误归因 kernel;M1 证 kernel 对 mat-quant bit-exact。缺项一律降 partial,
#   注【排队补测(oracle=mat-quant)】;★不 un-narrow(M2c-NARROWED 全持,等 M4)。逐 cert 判据源 = docs/reports/2026-07-09-minterm-fold-audit.md §3 表。
# cert 逐项(#=M0 审计编号 | ①②③ | 判定 | 备注):
#   #1  M2c t4b-m2c-dispatch(53666846)         | ①✔ ②✔(oracle=mat-quant) ③✔ | FULL(唯一充分;且是 failure-cert,抓到真 mat-vs-row 差、误归因 kernel) | 保持 FULL 记账;结论(kernel 缺陷)经 M1 逆转
#   #2  M0 tracer t4b-m0-q4k-tracer(039133ea)  | ①部分(INT dmin=0) ②✗(非真 mul_mat) ③✔ | PARTIAL | 排队补测(oracle=mat-quant);NORM worst 2.4e-5 ≪ 真差 → 语料漏抓
#   #3  M1 repacker cert t4b-m1-repacker        | ①部分(INT dmin=0) ②✗(独立 harness,喂 raw 非 repacked=非 mat-quant) ③✔ | PARTIAL | 排队补测(oracle=mat-quant);7-shape INT 0-mismatch 仅证 repack 布局,非 min 惯例
#   #4  q4_K L1-candidate(T8 行 50)             | ①✗ ②✗ ③✗(托 039133ea 构造 oracle) | PARTIAL | 排队补测(oracle=mat-quant);correctness NOT re-verified this run
#   #5  q5_K L1-candidate(T8 行 51)             | ①✗ ②✗ ③✗(同 #4,共享 fold)         | PARTIAL | 排队补测(oracle=mat-quant)
#   #6  q2_K L1 SILICON numeric(T8 行 53)       | ①声称✔ ②✗(独立 harness 非 mul_mat) ③✗ | PARTIAL / ★HOLLOW | 声称 min-active 却 NORM 5.77e-7 ≪ 真差 → 独立 ref 与 kernel 共享 bsums 读法/语料列-对称;排队补测(oracle=mat-quant);T8 已标 q2_K-PENDING-AUDIT
#   #7  q6_K L1 SILICON numeric(T8 行 52)       | N/A(q6_K no-min,无 min-term)         | N/A-本缺陷 | 记录 harness 与 #6 同源、同非-dispatch;不收窄(q6_K 不受累)
#   #8  l1-tile-s1 identity                      | ①退化(unit scale) ②✗ ③✗(PRE≡POST 自比) | PARTIAL | 自比只证 tiling 保序不变量,无法抓两变体共享缺陷;排队补测(oracle=mat-quant)
#   #9  l1-tile-s6 identity(T8 行 57)           | 同 #8(S1≡S6 自比)                     | PARTIAL | ★结构缺陷:M2c 正证 S1/S6 同时带差、自比 0-mismatch 仍漏;排队补测(oracle=mat-quant)
#   #10 l1-reroll / l1-pipeline q4_K             | ①✗ ②✗ ③✗(untiled≡reordered 自比)    | PARTIAL | 相对不变量;correctness 引 039133ea 未 re-verify;排队补测(oracle=mat-quant)
#   #11 l1-t3-q5k oracle_q5K.cpp(T8 行 61)      | ①✔(bsums mean 186.1) ②✗(独立 harness) ③声称独立 | PARTIAL / ★HOLLOW/SUSPECT | 反例守卫最强(NOMIN 149291×/ROWROT 6.15M×)却仍 NORM 8.0e-7 → 未复现真-dispatch interleaved 列-parity;M2c 明推 q5_K 带同差;排队补测(oracle=mat-quant)
#   #12 l1-t3-q2k(T8 行 59)                     | ①部分(INT dmin=0) ②✗ ③✗(untiled≡tiled 自比) | PARTIAL | q2_K 共享 fold,PENDING-AUDIT;排队补测(oracle=mat-quant)
#   #13 k1-VLEN256 t4a identity(T8 行 64)       | ②✗ ③✗(golden≡S6 @VLEN256 自比)        | PARTIAL / 无关 VLEN128 | VLEN256 16-lane 单-strip 本无两-strip 差(M2c: NO counterpart);identical 属预期、非 VLEN128 语料证据
#   #14 emit-golden lit(M0 §3a 清单)           | 结构文本,无数值断言                   | N/A-numerics | 无法抓任何数值缺陷,与本审计正交;不得当 correctness 证据
# 小结(★M4 定案后更新 2026-07-09):FULL = #1(M2c failure-cert)+ ★M4 q4_K/q5_K repack-GEMM(cert-lineage
#   M4-q4K/M4-q5K,真 mat-quant 头对头 vs ggml 自身 generic + 独立 int-exact);旧降 partial 的 K-quant repack-GEMM
#   正确性判据经 M4 recover(见下 M4 补标),仍 partial 的只是 GEVM 路径 + q2_K direct cert;两 ★HOLLOW = #6
#   (q2_K-SILICON)/#11(q5_K-oracle)之空心根因(oracle 非真 dispatch mat-quant)已被 M4 正源覆盖(q5_K→FULL、
#   q2_K→待 direct);自比 NORM 结构缺陷记录保留(#8/#9/#10/#12/#13);N/A = #7(q6_K no-min)/#14(emit-golden)。
#   ★M4 已定案(commit 4f765790)= un-narrow 完成(全表 RESTORED);详见下 [CERT-3REQ · M4 补标]。
# ############################################################################
# [CERT-3REQ · M4 补标 — 2026-07-09 G3-cert-hardening 裁决二.1;M4 CASE CLOSED 4f765790]
# ★M4 决定性 positional(cell experiments/active/t4b-m4-decisive)以真 dmin≠0 模型张量 + 真 mat-quant dispatch +
#   独立 int-exact oracle(且头对头 vs ggml 自己的 generic)满足三要件 → 注册两 FULL cert
#   (schema/cert-lineage.v1.json:M4-q4K-repack-gemm-decisive / M4-q5K-repack-gemm-decisive;cert-requirements-gate GREEN)。
# 逐项补标:
#   • q4_K repack-GEMM(旧 #2/#4/#8/#9/#10 + tile-S1/S6 行 56/57)= ★FULL:M4 头对头 vs ggml 自身 generic、整数-exact
#     (MAIN/MIN 0/0)、且比 generic 更近 int-exact(rel 2.86e-6 < 6.31e-5)—— 旧 PARTIAL 判据被 M4 recover。
#   • q5_K repack-GEMM(旧 #5/#11 + 行 61)= ★FULL:共享 min fold + qh 面,vs 独立 int-exact rel 7.75e-7;ggml 无
#     q5_K 16x1 gemm 故无头对头,靠 q4_K 头对头 + 本 int-exact 覆盖共享 fold。
#   • 仍 PARTIAL(owed):(i) repack-GEVM 路径 —— M4 头对头/oracle 走 GEMM,GEVM 未直接过 mat-quant 头对头;
#     (ii) DIRECT q2_K dmin≠0 cert(旧 #6/#12 + 行 53/59)—— q2_K 目前仅经 M4-proven 共享 kquant_dmin_bsums_min fold
#     间接验证,direct q2_K mat-quant 头对头 cert OWED(排队补测)。
#   • 不受影响:#7(q6_K no-min)/#14(emit-golden 无数值断言)/#13(VLEN256 16-lane 单-strip 本无两-strip 差)。
# ############################################################################
# [8-GATE-STATUS · q4_K = 7/8 PASS · ④ board-availability-gated — 2026-07-10 G3-cert-hardening 线D 状态口径;append-only,数值不改、行不删]
# ★q4_K [PERF-1] 八门当前口径 = 7/8 PASS · 1 partial(④ e2e-perf pending)。权威缺项清单 docs/reports/2026-07-09-q4k-8gate-status.md(Verdict 7/8)。
#   PASS 7 门:①字节精确(bounded-ULP;立在 M4-proven 现证正确 kernel 上)· ②VLEN翻转lit{128,256}(2026-07-10 新增 in-tree lit,strip vl 8↔16 键控于 -march 派生 VLEN,emitter 源未改)· ③双板objdump(rvv128 + k1/T4a)· ⑤双板都验证(rvv 1.884× + k1 3.106×,T4a)· ⑥实验纪律 · ⑦机制合成归因(SEL-1 T2,reason=prior 键控 fold_model 瓶颈 SHAPE 非 format 名)· ⑧措辞门。
#   partial 1 门:④ micro∧e2e —— micro PASS(S6 1.884× vs 出厂 block-dot);e2e-PERF 未闭。
#   ★④ 标注:board-availability-gated(外部依赖:共享板 SPEC CPU2006 + ai-test vllm 争用、loadavg 门中止),【非能力缺口】。集成正确性已兑现(见下 [E2E-CORRECT] 行),缺的仅是 e2e-PERF 板测(board-gated)。
#   ★仍非 sealed 8-gate Win;beat/outperform 措辞 LOCKED([NG-4])。唯一可引句 = kernel-轴 / 板A(rvv/VLEN128)/ prefill 的 fully-bound claim。
# ############################################################################
q4_K-e2e-integration-CORRECT-full-construct-rvv-vlen128,C(integration-CORRECTNESS;NOT-perf-win;NOT-sealed-8-gate;e2e-CORRECT-proven/perf-PENDING-board-gated),e2e-factory(stock upstream ggml block-dot f3e1828; correctness reference NOT a perf opponent),correct-not-beat(integration correctness PROVEN; NOT an e2e-beat/perf win),full-construct 集成支柱兑现(route+weight-repack+q8_K-activation+dispatch 自建);[NG-4] 集成正确性≠e2e-beat,"on ssh rvv (openEuler/VLEN128) full-construct q4_K 集成:全模型 q4_K 路由 + 权重 repack(block_q4_Kx16)+ q8_K 激活量化 + dispatch 自建集成,经 ggml-generic 对照 + OUR compiler-emitted GEVM ENGAGED 证正确:PPL 12.008 ≈ stock upstream block-dot 12.05、route banner 'TCRV EMITTED GEMV(q4_K_16x1 VLEN128 compiler-emitted) ENGAGED'、greedy 相干(coherent)。★部署变体 NOW == 证过变体:VLEN128 vl=8 compiler-emitted GEVM 已部署进集成树(re-emit md5 90d454da),RESOLVES 2026-07-10 t4b doc 记的 wrong-VLEN256-variant(vl=16,曾 PPL 822057 垃圾、OUR kernel 未部署、仅 ggml-generic 参考 PPL 11.97)残差。[NG-4] 这是集成正确性兑现,不是 e2e-beat/perf 赢;无 measured e2e-PERF Δ(board-gated,见 ④)。e2e = correct-proven + perf-pending。",n_a(correctness-not-gap; e2e-perf pending board-gated),tools/e2e-harness/board/t4b_ppl.sh + t4b_seal.sh + t4b_scripts(py/txt) + docs/reports/2026-07-10-t4b-e2e-seal-integration-proven-kernel-variant-residual.md(variant-residual RESOLVED by kernel-swap),full-construct-e2e-integration-correctness-proven(route+repack+q8_K-activation+dispatch;OUR compiler-emitted VLEN128 GEVM engaged;PPL 12.008≈stock 12.05 coherent),e2e-CORRECT-proven(integration 支柱兑现)/perf-PENDING(board-gated);NOT sealed 8-gate;beat 措辞 LOCKED[NG-4];集成正确性≠perf赢,tools/e2e-harness/board/t4b_scripts(sh/py/txt),2026-07-10-G3-cert-hardening-线D-e2e-CORRECT(full-construct integration correctness;PENDING-COMMIT)
q6_K-netnew-scaffold-e2e-rvv-vlen128-YELLOW-対手更强-FINAL,B1,factory-block-dot,loss,净新-scaffold perf 不延伸 K-quant(C3′ arithmetic-intensity: FLAT=bandwidth-win / K-quant=weight-reconstruction-bound),"[FINAL·L-7+L-11 两查转正 2026-07-12] q6_K 净新 riscv 1,16 scaffold correctness GREEN BUT prefill ON<0.28 vs OFF 4.14 t/s=<0.07× LOSS·★L-7 反汇编钉死确认:forward-routes-to=REPACK(我方 emitted vl=8·generic-fallback 排除[VLEN==128 beq 恒 taken·fallback not-taken 死路运行时永不执行·banner-fire⟺emitted 被调]·stock-block-dot 排除[白嫖会给≈1×·0.07× 只能来自 emitted 真跑])·0.07×=全展开-vectorized-repack(NOT scalar NOT table·83858 指令单函数全展开无 loop·6-bit 双平面 decode 全向量+vwmacc 2048·病灶=regfile spill vs1r.v 1980+vl1re16.v 2027+6278 vsetvli 无调度)=first-emission 未成熟身体·非部署病不改判·结构造得出≠性能立得住(集成层)·[NG-4] 不以 perf 名义入台账·维持 perf-covered 6/83",missing_pattern(first-emission 全展开 regfile spill·S6 tiling NULL on gcc)+physical-bound(weight-reconstruction floor),experiments/active/g5-wiring/M2-q6_K/L7_reverse-control_disasm.md + L7_raw_wrapper-nm-objdump.txt(fallback-exclusion 三链[指令级 unreachable+banner⟺emitted+慢速方向]+热循环反汇编 83858 指令) + evidence.md §二/§七,[GAP-KQUANT-GCC-CODEGEN]+weight-reconstruction-bound+XFER-1-hit(净新 scaffold perf 不延伸 K-quant·曳光弹预注册命中),FINAL(黄-对手更强·L-7 fallback 排除+first-emission 双层归因确认+L-11 同域标注·两查转正·可修性 open[裁〇.2 修正:现有具名杠杆均不适用(与 XFER-1 二类预测一致:瓦片化 NULL)·新杠杆未具名·与 [K-7] 兼容]·前误标「可修性=低」撤回),docs/reports/2026-07-12-perf-covered-q6_K-yellow-kernel-axis.md + experiments/active/g5-wiring/M2-q6_K/L7_reverse-control_disasm.md,23642f18(曳光弹)+L-7-2026-07-12
k1-compiler-symmetry-CORRECTION-t4a-kquant-kernel-axis-VALID,B1,factory-repack,win(kernel-axis·编译器对称-VALID·NOT-e2e),★订正 t4a 'asymmetry identical to board A' 假设(FACTUALLY-WRONG),k1 stock ggml = clang-18(CMakeCache CMAKE_C/CXX_COMPILER 铁证)→ k1 kernel-axis 编译器对称(两侧 clang-18)·与 rvv([CASE-COMPILER-ASYMMETRY] stock=gcc-15→蒸发撤回)根本不同。t4a k1 ratios q4_K 3.106×/q5_K 1.916× RE-LABELED 编译器对称-VALID(NOT clang-ours-vs-gcc artifact)·双账本在 k1 收敛(kernel=system=clang-18)。stock 无 SpacemiT/IME vendor 路径(sym=0)。[NG-4] kernel-axis NOT-e2e·e2e 传导=[WORK-ITEM-K1-KQUANT-E2E] 未测(sibling K-quant e2e LOSS 全测于 rvv-gcc 742-spill-death·k1-clang 可能规避→未测),n_a(台账订正·非新 win/loss),experiments/active/line-c-k1-strike/opponent_map_k1.md + raw_probe_evidence.txt(CMakeCache clang-18 铁证),[CASE-COMPILER-ASYMMETRY]-k1-refinement(k1=clang-symmetric-VALID·rvv=gcc-asymmetric-withdrawn·判别键=板出货编译器),k1-kernel-axis-VALID-confirmed; e2e-transduction=[WORK-ITEM-K1-KQUANT-E2E]-OPEN(q4_K e2e on k1 = 廉价决定性下一步),experiments/active/line-c-k1-strike/opponent_map_k1.md,Line-C-K1-strike-2026-07-12
q8_0-k1-vlen256-HEALTHY-AND-frag-2nd-evidence,C(对手侧碎片化证据·C1 供弹),factory-repack,n_a(碎片化证据·非 win/loss),q8_0-k1 = 硬对拼格(healthy@256) ∧ 碎片化2nd证据(broken@128) = 同一 non-portable body,"q8_0-k1 VLEN256:上游 q8_0_16x1 用 vsetivli zero,16,e32,m2 = VLMAX@256(256*2/32=16)满宽正确=健康(硬对拼格·parity=好结果·well-vectorized ~65 rvv insns)。同一 hardcoded-AVL=16 body 在 VLEN128 VLMAX(e32,m2)=8 钳位→半 16-interleave 列跳过→garbage(G5-M1b 已证:裸翻 gate='olta' RED / 我方 emitted vl=8 carrier=coherent GREEN)。Healthy@256 ∧ broken@128 = 一个 VLEN-不可移植手写 body = C1 对手侧碎片化供弹(手写库仅在恰好一个 VLEN 正确·非 capability-driven)。【口径纠·B2-caliber-audit 2026-07-15】garbage 仅『裸翻强制』(手动去 VLEN gate 强跑 AVL=16 body)之产物·shipped 出货本身有 VLEN guard→VLEN128 出货路径回退慢标量/generic block-dot(正确但慢·非跑 garbage)·故公平对拼对手 = 出货回退慢标量【非】garbage(碎片化证据不得升格为『我方 beat garbage』的 win)·定位 = 手写快路径 VLEN 不可移植:对(回退慢标量·数值正确)与快(仅恰好一个 VLEN 满宽)不可兼得。sibling [GAP-Q4K-VLEN128](q4_K arch body 亦 hardcode AVL=16·PPL 822057 garbage@128)同类",n_a(对手侧碎片化证据),experiments/active/line-c-k1-strike/opponent_map_k1.md P4,[GAP-Q8_0-VLEN128-KERNEL]-fragmentation-2nd-evidence(healthy@256 ∧ broken@128 = non-portable hand-written body·C1 对手侧供弹),碎片化2nd证据-confirmed(C1 对手侧供弹·手写库 VLEN 不可移植),experiments/active/line-c-k1-strike/opponent_map_k1.md,Line-C-K1-strike-2026-07-12
iq4_nl-correctness-carrier-GREEN-perf-env-blocked-GAP-VLEN128-3rd-family,C(correctness-carrier·C1 证据·非 perf win),factory-block-dot,correct-not-beat(correctness GREEN·perf env-blocked·no ratio),codebook 家族首 correctness-carrier + [GAP-Q8_0-VLEN128] 第3 quant-family 实例,"iq4_nl 上游 riscv 1,16 repack scaffold present 但 VLEN128-broken(hardcoded AVL=16+register vrgather)+dispatch-gated OFF(case128 break //TODO)= [GAP-Q8_0-VLEN128-KERNEL] 第3 quant-family 实例(flat q8_0 / super-block q4_K / codebook iq4_nl·★碎片化跨3族·手写库仅在恰好一个 VLEN 正确=C1 对手侧碎片化供弹强化)。我方 emitted vl=8 memory-gather(vluxei16 非 vrgather·VLEN128-safe) correctness-carrier GREEN(greedy A==B 5/5 byte-identical 真 IQ4_NL 模型+silicon UT INT byte-exact 6 shapes 0-mismatch+38 banners)。perf BLOCKED-environmental(共享板 load 22→30 他用户 VLLM/paper3/ai-test·llama-bench Bus error on 4.7GB mmap·★stock OFF 与 ON 同崩=决定性证明非我方 kernel·correctness llama-completion 单进程 10× clean)→维持 perf-covered 6/83·cell 黄-未接线→correctness-wired·harness ready quiet-board(load<~10) rerun=唯一上色步。[NG-4] correctness-carrier≠perf 赢",n_a(correctness-carrier·perf env-blocked·非 kernel 缺陷),experiments/active/g5-wiring/M2-iq4_nl/evidence.md + perf_BLOCKED_raw.txt(stock-OFF Bus-error env-block 决定性证),[GAP-Q8_0-VLEN128-KERNEL]-3rd-quant-family-instance(codebook·碎片化跨 flat/super-block/codebook 三族·手写库 VLEN 不可移植),correctness-carrier-GREEN-confirmed(codebook 家族首); perf-verdict-BLOCKED-environmental(quiet-board rerun pending·非 kernel 问题),experiments/active/g5-wiring/M2-iq4_nl/evidence.md,1a9c065b(G5-M2 iq4_nl·2026-07-12)
WORK-ITEM-K1-KQUANT-E2E-RESOLVED-POSITIVE-q4_K-clang-transduces,C(thesis-resolution·C3′ 绿路径证据·winner=stock repack 非 TCRV kernel),e2e-factory,win(repack e2e 传导 2.644×·但 stock repack·thesis-resolution 非 TCRV-kernel win),C3′ 绿路径确认·rvv LOSS 非普遍物理墙(K-quant e2e 可传导存在性证明·k1)·候选因素={gcc codegen[spill 3→742]|VLEN128 重建摊销|uarch}·隔离 pending 二.2·[裁二.1 锁定],[WORK-ITEM-K1-KQUANT-E2E] RESOLVED-POSITIVE(传导存在性): q4_K repack GEMM/GEVM e2e 在 k1-clang 传导 prefill 2.644×/decode 1.284×(REPACK vs stock vec_dot·both stock clang·VLEN256·n=20·DVFS 1.6GHz)·★方向翻转 vs rvv-gcc 0.42×/0.18×(同 repack-vs-vec_dot apples-to-apples)。★[裁二.1 锁定句式]=K-quant e2e 可传导的存在性证明(k1)；rvv LOSS 非普遍物理墙；候选因素={gcc codegen([CASE-COMPILER-ASYMMETRY] spill 3→742 历史直证)|VLEN128 重建摊销|uarch}·隔离 pending(二.2 决定性实验)——「gcc-death」冠名权待二.2 出口 A 兑现方可用·当前不得断言 gcc 为唯一因(k1 亦异 VLEN256/uarch·confounded)。q6_K 收口 framing 精化 weight-recon→候选含 compiler-codegen·SHARPENS [CASE-COMPILER-ASYMMETRY]+L3(出货 clang 正门·gcc codegen 是 rvv 候选因素之一)。双账本 k1 clang-18 收敛(kernel==system)。★诚实 scope:winner=stock repack(k1 ship q4_K case256·无我方 emitter 混淆)·非 TCRV kernel·perf-covered 6/83 不变·我方 via Win-K1-VLEN 1.085× parity transitively≈2.64×·Phase-2 部署我方 emitted DEFERRED(recipe 在手)。[NG-4] thesis-resolution 非 headline 绿,n_a(thesis-resolution·非 kernel win/loss),experiments/active/workitem-k1-kquant-e2e/evidence.md + phase_split_analysis.txt(objdump VLEN256-native vsetivli16·wrapper LD_LIBRARY_PATH bug 抓修),C3′-green-path-CONFIRMED-on-clang(K-quant repack e2e transduces·传导存在性证明·rvv LOSS 非普遍物理墙·候选因素{gcc codegen[spill 3→742]|VLEN128 重建摊销|uarch}·隔离 pending 二.2·[裁二.1 锁定·gcc-death 冠名权待二.2 出口A]),thesis-传导存在性-RESOLVED-POSITIVE(q4_K·因素隔离 pending 二.2 决定性实验); q5_K/family-e2e-reopened(裁四.2 unblocked·q5_K@k1 NEW GREEN 兑现·裁〇.3); Phase-2-our-emit-deploy-DEFERRED,experiments/active/workitem-k1-kquant-e2e/evidence.md,b12afd57(2026-07-12)
IME-forward-bridge-forward-wired-q4_0-ime-family2-forward-DONE,C(C1 跨范式 structural·非 perf win),e2e-factory,correct-not-beat(forward-wired·correctness 可辩护·perf 跨范式名义未测),family#2 forward 完成·[GAP-IME-E2E-INTEGRATION] forward-traffic 层闭·C1 跨范式,G5-M3 IME forward bridge 3-session 收口(9aeaab2d): forward-wired=T(env-gated parallel tcrv tensor_traits·我方 IME 核路由真 q4_0 prefill mul_mat·5/5 banner 'routed real q4_0 PREFILL real vmadot 0xe210312b'·shipped .so vmadot 32→33)=C1 跨范式 family#2 forward 完成(template 延伸到 IME 矩阵执行范式·区别 RVV 向量范式)。correctness 可辩护(session-2 单tensor bit-exact max_abs_vs_float_order=0 + session-3 e2e coherent in-family·MIRAGE 决定性 de-risk·ON==vendor-IME 4/5·near-tie argmax flip=异核 f32-reassoc 非 bug·严格 ON==OFF byte-identical 3/5 未达成 诚实不粉饰)。perf 跨范式名义未测(IME 格→黄-传导稀释带账·compute-account ~2.09× T5b·micro↛e2e vendor ceiling·decode M=1 有意 native fallback·非绿非headline)。[NG-4] 跨范式结构成就≠perf 赢·仅 q4_0@ime forward-wired(q8_0/q4_K@ime 同法未做),n_a(C1 结构·跨范式名义),experiments/active/g5-wiring/M3-ime-q4_0-bridge/session3_forward-wired.md + session2_forward-integration.md(单tensor A==B bit-exact 0.000e+00) + session-1 evidence.md,[GAP-IME-E2E-INTEGRATION]-forward-traffic-layer-CLOSED(C1 跨范式 family#2 forward·env-gated parallel tcrv tensor_traits·q4_0@ime forward-wired·真 vmadot traffic),family#2-forward-DONE(q4_0@ime forward-wired·correctness 可辩护); next=logit-level bounded-ULP 量化 + q8_0/q4_K@ime 同法(未做),experiments/active/g5-wiring/M3-ime-q4_0-bridge/session3_forward-wired.md,9aeaab2d(G5-M3 session-3·2026-07-12)
IME-forward-wired-q4_K-ime-super-block-family2-forward-CROSS-PARADIGM-COMPLETE,C(C1 跨范式 structural·非 perf win),e2e-factory,correct-not-beat(super-block forward-wired·correctness 可辩护·perf 跨范式名义未测),IME family#2 forward 跨 flat→super-block 范式完整(q4_0 flat✓+q4_K super-block✓),q4_K@ime forward-wired(d73096da·env-gated TCRV_IME_Q4K_BRIDGE·真 q4_K super-block prefill traffic 路由我方 IME 核·两级 fold q8_K·5/5 banner·vmadot 32→33)=★IME family#2 forward 跨 flat→super-block 范式 gap 完整(C1 跨范式 claim 从单格→跨范式:template IME forward 泛化 flat[q4_0]→super-block[q4_K])。#4 super-block weight repack byte-exact vs REAL dequantize_row_q4_K·#3 q8_K activation byte-exact vs REAL quantize_row_q8_K·单tensor A==B ~1e-7 vs 3 oracle(含真 ggml_vec_dot_q4_K_q8_K)·★VEN==OFF 0/5(vendor 自身 IME 每 prompt 偏离 stock·我方桥更忠实 ggml)。perf 跨范式名义未测(IME 格→传导稀释带账·非绿非headline)。[NG-4] 结构≠perf·板 restored md5 双证,n_a(C1 跨范式结构·跨范式名义),experiments/active/g5-wiring/M3-ime-q4_K-forward/evidence.md(super-block #4/#3 byte-exact + 单tensor A==B ~1e-7 3-oracle),IME-family2-forward-CROSS-PARADIGM-COMPLETE(flat q4_0 + super-block q4_K forward-wired·env-gated parallel tcrv tensor_traits·template 跨执行范式×跨量化范式),cross-paradigm-DONE(q4_0 flat + q4_K super-block); next=logit bounded-ULP + q8_0@ime(flat marginal),experiments/active/g5-wiring/M3-ime-q4_K-forward/evidence.md,d73096da(2026-07-12)
P-4-cold-start-接入-drill-C1-头牌-external-接入实录-FIRST-EVIDENCE,C(C1 头牌证据·外部接入实录 pre-flight·非 perf),e2e-factory,partial-followable(判断依据外部可读=强·落地层不自足·8 gap 具名),M4 [P-4] pillar 第一版证据·[C1-4] 外部接入实录·诚实 gap-list·[裁三.1: X3 代号废止→canon [P-4]/T1c·gap-ID [GAP-X3-*]→[GAP-P4-*]],[P-4] 冷启动接入 drill(盲适配者仅读接入协议 docs 试加 toy 家族 DemoAccel·禁读实现·禁改主树): external-followability=②部分——协议*判断依据*外部可读(能力事实 shape/registry/[SEL-1]+[D-4]/falsifier 六门/typed-body→route→EmitC 全成文自洽·强·真 C1 证据)·但*落地到能编译的家族*有系统缺口。★8 具名 gap: [GAP-P4-TOUCHSET](五件套 docs 讲 5 文件·实测 6 目录/~20 文件/6 CMakeLists+1 共享注册·首 build 撞缺失 Dialect/Target link)·[GAP-P4-REGISTER](注册须编辑共享 BuiltinExtensionPlugins.cpp 违 [F-3]·docs 无此步)·[GAP-P4-SCHEMA-DIVERGENCE](capability.schema $meta 明文 grep=0-in-code·aspirational·盲适配者按契约白写)+5(三份互斥五件套枚举/落点无 doc/无集成模板/README 入口断链/hook 签名不在 docs)。★建议头牌措辞收窄「判断依据外部可跟(强)/落地步骤需内部知识补全(欠账具名)」非无条件「可复制扩展接入协议」(canon 必问·flag 用户)。盲纪律保持(未偷读 RVV/IME/Scalar 实现),n_a(C1 头牌证据·pre-flight gap-list),docs/reports/2026-07-12-X3-冷启动接入-drill-外部接入实录.md(五件套 friction log + 触碰集量化 + 8 gap 具名 + [P-4] 标准分层建议),[C1-4]-外部接入实录-FIRST-EVIDENCE-pre-flight(external-followability=部分·判断依据强/落地层 8 gap·wording-narrowing 建议),pre-flight-evidence-DONE(gap-list); ★POSITIVE-兑现-PENDING(须真接入 build 绿+falsifier 六门+触碰集符 [F-3]·理想真第三方/退求非协议作者 in-house agent·必问 [P-4] 标准) + 8-gap-fix(spec/canon 编辑·必问),docs/reports/2026-07-12-X3-冷启动接入-drill-外部接入实录.md,drill-2026-07-12
IME-family2-forward-RATIFIED-TRIPLE-COMPLETE-q4_0-q8_0-q4_K-all-forward-wired,C(C1 跨范式 structural·family 完整·非 perf),e2e-factory,correct-not-beat(ratified IME triple 全 3/3 forward-wired·correctness 可辩护·perf 跨范式名义未测),IME family#2 forward RATIFIED TRIPLE 完整(q4_0 flat + q8_0 flat-int8-direct + q4_K super-block),★ratified IME triple {q4_0/q8_0/q4_K}@ime 全 3/3 forward-wired 完成(9aeaab2d q4_0 flat / d73096da q4_K super-block / 1cb56fc7 q8_0 int8-direct)=IME family#2 forward 全形态完整(C1 跨范式:template IME matrix 执行范式 forward 泛化 flat[q4_0 nibble]+int8-direct[q8_0]+super-block[q4_K]·env-gated parallel tcrv tensor_traits pattern 三次复用)。correctness 阶梯:单tensor A==B q8_0 max_abs=0.000e+00 全网格(int8-direct 零 reassoc 最强)>q4_0/q4_K ~1e-7·真-llama coherent in-family(VEN==OFF q8_0 5/5=我方桥比 vendor IME 更贴 stock)·near-tie flip=异核 fold ULP 非 bug。perf 跨范式名义未测(3 格全 黄-传导稀释带账·非绿非headline·compute-account ~2.09× T5b·micro↛e2e)。[NG-4] 结构≠perf·板 restored md5 双证·[裁三 IME 性能桥定位] 三格{q4_0/q8_0/q4_K}@ime perf=黄-传导稀释·桥为 correctness-first 形态(单线程 ith==0[1/4 hart]·repack 未缓存·参考实现)·性能兑现=具名工程 GAP 非物理墙(厂商同 regime VEN/OFF q4_0 1.98×/q4_K 1.49× 证上限存在)·登记 [GAP-IME-BRIDGE-PERF](本表末新行·具名·可修·现不立项)·★叙事禁令(裁三.3)=禁在 [GAP-IME-BRIDGE-PERF] 收口前把三格稀释数字用于『IME 不行』或『IME 将转绿』叙事·现状=结构闭环成立 ∧ 性能兑现待工程,n_a(C1 跨范式 family 完整·跨范式名义),"experiments/active/g5-wiring/M3-ime-q{4_0,q4_K,q8_0}-*(三格 forward-wired evidence + 单tensor A==B byte-exact)",IME-family2-forward-RATIFIED-TRIPLE-COMPLETE(flat+int8-direct+super-block 全 forward-wired·template 跨执行范式×跨量化形态),ratified-triple-DONE(q4_0/q8_0/q4_K 全 forward-wired); next=logit bounded-ULP 量化(near-tie flip 精确化) + perf 另裁(黄-带账),experiments/active/g5-wiring/M3-ime-q8_0-forward/evidence.md,1cb56fc7(2026-07-12)
q5_K-k1-声明例外-推翻-重开-NEW-GREEN-e2e-prefill-1.641x,C(例外重估钩子首个实弹·C3′ 绿路径·声明例外治理),e2e-factory,win(q5_K@k1 e2e prefill 1.641× 绿·our-kernel K-quant transduction #2),声明例外重估钩子首个实弹·跨域推断证伪→重开→转绿,[裁〇.3] 例外重估钩子首个实弹:原 q5_K@k1 声明例外系跨域推断(依据=q4_K rvv 0.42× LOSS sibling·跨 format 跨 board 外推)→被 [WORK-ITEM-K1-KQUANT-E2E] clang 传导(q4_K@k1 2.644×)证伪→q5_K@k1 重开→e2e prefill 1.641× WIN(≥parity·our-kernel·47e29b35)/decode 0.729× 黄-物理墙(roofline)。★引以为戒:声明例外禁跨域推断(format/board 外推)·须同域实测方可立例外。perf-covered 6/83→7/83(q5_K@k1 NEW GREEN·第2 K-quant our-kernel transduction)·[裁五.1 对手成色] 对手=stock 通用 block-dot 路径(k1 ships ZERO q5_K repack→dispatch NEON-only[q5_K_8x8/8x4 under has_neon]→riscv nullptr at every VLEN→block-dot·objdump-confirmed 唯一 q5_K mul_mat on riscv·非 SELF)·非手调 repack→path-win 性质(按 q4_1 体例·区别 q4_K/q2_K@k1 手调 hand-brick case256 真出货 repack)·对手探针工件=experiments/active/g5-wiring/M2-q5_K-k1-e2e/evidence.md §opponent+raw/objdump_gemm_q5_K.txt+raw/objdump_gevm_q5_K.txt·[裁五.2 成色三维]单板(k1/VLEN256)×kernel账净绿(kernel==system·clang-18 对称)×对手=通用路径(block-dot·非手调 repack),n_a(治理+绿路径·例外重估钩子),docs/reports/2026-07-12-perf-covered-q5_K-k1-green-7of83.md,[EXC-REOPEN-HOOK]-first-live-fire(声明例外禁跨域推断·须同域·q5_K@k1 跨域外推 premise 被证伪→重开转绿),REOPENED-POSITIVE(q5_K@k1 NEW GREEN·prefill 1.641×·perf-covered 7/83); 治理律=声明例外禁跨域推断·须同域(canon 候选),docs/reports/2026-07-12-perf-covered-q5_K-k1-green-7of83.md,47e29b35(2026-07-12)·裁〇.3
q8_0-k1-HEALTHY-升格-C1-对手侧一级证据链-VLEN碎片化×3族,C(C1 对手侧一级证据链·升格注记),factory-repack,n_a(碎片化证据升格·非 win/loss),q8_0@k1 健康=预注册出口 A 命中+correctness-carrier/VLEN 碎片化×3族→升格 C1 对手侧一级证据链,[裁〇.4 升格注记] q8_0@k1 健康(healthy@256 ∧ broken@128=预注册出口 A 命中)+correctness-carrier/VLEN 碎片化证据 ×3 族{flat q8_0 / super-block q4_K / codebook iq4_nl}→由「碎片化 2nd 证据」升格为 C1 对手侧【一级】证据链(手写库仅在恰好一个 VLEN 正确·非 capability-driven·跨三结构族一致=系统性非偶发)。三族覆盖=flat/super-block/codebook 结构谱系全命中·非单点。入 T5d 指针(C1 对手侧证据链),n_a(C1 对手侧一级证据链),experiments/active/line-c-k1-strike/opponent_map_k1.md P4 + T5d(C1 对手侧证据链指针),[GAP-VLEN128-KERNEL]-fragmentation-升格-C1-一级证据(×3族:flat q8_0/super-block q4_K/codebook iq4_nl·非 capability-driven 手写库),C1-对手侧一级证据链-CONFIRMED(升格自碎片化2nd证据·预注册出口A命中·×3族·入 T5d 指针),experiments/active/line-c-k1-strike/opponent_map_k1.md + T5d,Line-C-K1-strike-2026-07-12·裁〇.4-升格
决定性实验-K-quant-e2e-gcc-vs-VLEN-归因隔离-出口A-gcc-death-冠名解锁,C(归因隔离实验·[CASE-COMPILER-ASYMMETRY] K-quant 侧兑现),factory-block-dot,MIXED(prefill clang 翻 WIN·decode 残留 LOSS)·主=出口A gcc-death 坐实,★二.2 决定性实验·gcc-death 冠名权解锁(出口A prefill headline 翻正),★[二.2 决定性实验] surgical compiler-isolation(gcc-15 build tree·唯一变量=2 repack TU[含 emitted kernel]编译器·clang-18 重编+g++ 重链·其余全 gcc-15=T-PERF1b 同账·EXACT 部署 kernel 非 sibling)。VERDICT: clang-重编 repack vs block-dot A/B prefill 0.237×/0.334× gcc LOSS → clang 1.326× WIN(翻正)·decode 0.18× gcc → clang 0.500×(~2.8× 改善但仍 LOSS block-dot 快2×)。★出口A(主): prefill headline LOSS 主因=gcc-742-spill codegen 病理·clang 消 spill(742→4)即翻 WIN → gcc-death 坐实·冠名解锁=TRUE·[CASE-COMPILER-ASYMMETRY] K-quant 侧兑现。decode 残留=真实 VLEN128 权重重建摊销(次要因素·非纯 gcc)→整体 MIXED 非纯 A。correctness GREEN(clang-重编 greedy A==B byte-identical)。★闭 provenance gap: 首次 objdump EXACT 部署 kernel(6cbd9c19/e909a9bd) spill 742/217(gcc GEMM/GEVM) vs 4/8(clang)·deployed .so seal 一致(此前 742 是 sibling 90d454da),n_a(归因隔离·非 kernel win/loss·机制探针),experiments/active/decisive-kquant-gcc-vs-vlen/evidence.md + raw/objdump_spill_compare.txt(EXACT 部署 kernel 742/217 gcc vs 4/8 clang),gcc-death-冠名权-UNLOCKED(二.2 出口A·prefill headline 翻正≥parity)·[CASE-COMPILER-ASYMMETRY]-K-quant-侧兑现·decode-残留=VLEN128-recon-次要-非gcc,出口A-gcc-death-坐实(prefill 主因)·MIXED(decode VLEN128-recon 次要残留)·冠名权解锁·可用于后续措辞(裁二.1 解锁),experiments/active/decisive-kquant-gcc-vs-vlen/evidence.md,二.2-决定性实验-2026-07-12
# ############################################################################
# [CASE-GATE4-VOID] void gate④ = 测量纪律正面案例 (2026-07-10 G3-cert-hardening 线D;append-only;链 [[zero-model-adjudication-cert-hardening]] 规则三)
# 上次 q4_K ④ e2e-perf 板测(workflow w5y3n36v8)= VOID(0 样本、按纪律中止,非失败):
#   • 板 loadavg 8-11(co-tenant:zzliang SPEC CPU2006 401.bzip2 + ai-test vllm 争用),超 loadavg<4 门 → 板测中止、0 perf 样本。
#   • correctness 轴照常再确认(不受 loadavg 影响);A-tree byte-exact 复原(pristine .so、golden=0)。
#   • ★正面教材(非造数):拒在污染板上造 perf 数(loadavg 门=拒噪声地板下的伪测量);"部署变体≠证过变体"纪律兑现(只认证过的 VLEN128 vl=8 变体、板末复原)。
#   • 链 [[zero-model-adjudication-cert-hardening]] 规则三(部署变体≠证过变体);④ 缺口 = board-availability-gated(外部争用),非能力缺口(见上 [8-GATE-STATUS])。
# ############################################################################
# [CASE-MINTERM 收尾指针 — 2026-07-10 线D 确认] 本表 [CASE-MINTERM] 卷宗(上 line 101)已 CASE CLOSED(★M4 定案 commit 4f765790;3 次反转:M2c 误诊→M1 ZERO-MODEL 翻案→M4 决定性终审 = kernel 整数 bit-exact vs 真 mat-quant dispatch、比 ggml 自身 generic 更近 int-exact、"min-term bug"=cert-harness quantizer 失配伪影非 kernel 缺陷)。相关 docs(2026-07-09-minterm-fold-audit.md / 2026-07-09-zero-model-adjudication-method.md)本轮各补 CASE-CLOSED 收尾指针于文顶(不重写正文,append-only)。cert-lineage M4-q4K/M4-q5K = FULL、cert-requirements-gate GREEN。
# ############################################################################
q2_K-repack-gemm-k1-vlen256-e2e-our-emit-vs-stock-handbrick,B2(our-emit-vs-factory-repack),"factory-repack(k1 STOCK hand-tuned RVV q2_K 16x1 repack, case256 fires -- NOT block-dot)",loss,"★OPPONENT-IDENTITY CORRECTION: q2_K@k1 opponent = STOCK hand-brick (case256 ships), NOT block-dot -> q4_K Win-K1-VLEN contest not q5_K net-new","k1/VLEN256 clang-18 SYMMETRIC e2e: our compiler-emitted VLA S6-tiled q2_K repack (GEMM vwmacc=2304 spill=6 text=27KB fully-unrolled) vs k1 STOCK hand-tuned RVV q2_K_16x1 repack (compact rolled loop vwmacc=16 spill=4). PREFILL(pp64) 0.873x / DECODE(tg32) 0.875x, both <parity LOSS. n=12/side (2pass x6rep) relIQR<0.6% all sides; LOSS not env-induced (OFF is fast+clean). correctness GREEN@bounded-ULP (silicon byte-exact-INTEGER 0-mismatch all 8 shapes + e2e ppl ON 17.2702 vs OFF 17.2078 Delta 0.36% within +/-4.50 + MIRAGE ruled out). [NG-4] NOT a beat: our-emit LOSES to stock hand-brick. CONTRAST to q4_K Win-K1-VLEN (same opponent class hand-brick; q4_K emitted WON 1.085x, q2_K emitted LOSES 0.873x -- emitted-kernel-quality gap: 27KB fully-unrolled vs stock compact loop). CLOSES the registry fix-hypothesis 'fixable via k1/VLEN256 deployment' (tested: still loses; clang-domain flip works vs weak block-dot [q5_K] not vs strong hand-brick [q2_K]).",physical(emitted-kernel-quality: fully-unrolled 27KB vs stock compact rolled loop; I-cache/code-size on k1 microarch),experiments/active/g5-wiring/M2-q2_K-k1-e2e/raw/objdump_OUR_gemm_q2_K.txt + objdump_STOCK_gemm_q2_K.txt + phase_split.log,q2K-k1-e2e-our-emit-LOSES-to-stock-handbrick(opponent=factory-repack NOT block-dot; q4_K Win-K1-VLEN contrast; perf-covered stays 黄-对手更强 7/83),CLOSED-LOSS(pre-registered dual-exit LOSS branch met; perf-covered 维持 7/83; q2_K registry symmetric_account_pointer 追加 k1 clang 数),experiments/active/g5-wiring/M2-q2_K-k1-e2e/evidence.md,G5 2026-07-13 k1/VLEN256 clang-18 e2e
q6_K-repack-gemm-k1-vlen256-X0-precheck-defer,NULL(X-0 gate not passed -- no board line burned),factory-block-dot / factory-repack (moot -- not measured),null(X-0 defer),q6_K@k1 X-0 前置核查 = 不过门 (裁二.3 板批捎带 defer),q6_K@k1 X-0 = 不过门 (预判 LOSS·不投板线). 依据: q6_K = weight-reconstruction-bound (T8 row 68 XFER-1 二类 NULL·q4_K S6 lever 不迁移·spill 913->949 升); emitted vl=8 = 2995 vsetivli + 6065 e8mf2 巨大展开·无调度 = emitter 指令数不成熟·板+编译器无关 (redundant vsetivli 在发射 IR 里·clang 删不掉); rvv e2e 已实测 0.07x (docs/reports/2026-07-12-perf-covered-q6_K-yellow-kernel-axis.md); 现有具名杠杆均不适用·新杠杆未具名. q6_K 保持 黄-对手更强 (any-board·rvv 0.07x·k1 预判同 LOSS)·不烧 k1 板线.,missing_pattern(reconstruction-bound emitter immaturity; no named lever applies; new lever unnamed),docs/reports/2026-07-12-perf-covered-q6_K-yellow-kernel-axis.md (rvv e2e 0.07x) + T8 row 68 (XFER-1 NULL),q6K-k1-X0-DEFER(reconstruction-bound·2995-vsetivli giant·no named lever·new lever unnamed),DEFER(X-0 not passed; k1 board line NOT burned; q6_K FINAL 黄-对手更强 per 〇追认.2),"n/a (X-0 precheck only, no measurement)",G5 2026-07-13 X-0 board-batch defer
GAP-IME-BRIDGE-PERF-registration-三格-q4_0-q8_0-q4_K-ime,C(GAP 登记·具名工程 GAP·非 win/loss·裁三.2),e2e-factory,n_a(GAP 登记·具名·可修·现不立项),[GAP-IME-BRIDGE-PERF] IME 三格 e2e 传导稀释具名工程 GAP·结构闭环成立 ∧ 性能兑现待工程,[裁三.2 IME 性能桥定位·GAP 登记] IME 三格{q4_0/q8_0/q4_K}@ime e2e 传导稀释=具名工程 GAP·非物理墙。★桥现状=correctness-first 形态(单线程 ith==0[1/4 hart]+每 prefill 调用重 repack 未缓存+参考实现)→e2e 净退化(prefill ON/OFF q4_0 0.0128×/q8_0 0.166×/q4_K 0.0617×·decode 0.715×/0.868×/0.618×)。★上限证据=厂商同 regime VEN/OFF q4_0 1.98×/q4_K 1.49× vendor-ceiling(证 prefill 有头顶空间→稀释非物理墙)。GAP 字段=具名 ∧ 可修 ∧ 现不立项。重估条件=C1/C2 毛刺收口后 或 新证据表明修复成本显著低于预期。以性能名义开工前置=Amdahl 传导预估 + 厂商路径占比核算 + [X-0] 三问。★叙事禁令(裁三.3)=禁在 [GAP-IME-BRIDGE-PERF] 收口前把三格稀释数字用于『IME 不行』或『IME 将转绿』叙事·现状=结构闭环成立 ∧ 性能兑现待工程。挂 schema IME 三格 note(transduction_dilution.note)+T8 ratified-triple 行(IME-family2-forward-RATIFIED-TRIPLE),missing_pattern(bridge-overhead·单线程+repack-uncached+参考实现·非物理墙),experiments/active/g5-wiring/M3-ime-e2e-pairing/evidence.md §0/§2 + raw/agg_q4_0.txt(prefill 0.0128×/decode 0.715×·VEN/OFF=1.98×) + raw/agg_q8_0.txt(0.166×/0.868×) + raw/agg_q4_K.txt(0.0617×/0.618×·VEN/OFF=1.49×),[GAP-IME-BRIDGE-PERF](具名·可修·现不立项·厂商同 regime 1.98×/1.49× 证上限存在→稀释非物理墙),NAMED-NOT-PROJECTED(具名工程 GAP·现不立项·重估条件=C1/C2 毛刺收口后 或 新证据表明修复成本显著低于预期·以性能名义开工前置=Amdahl 预估+厂商路径占比核算+[X-0] 三问),experiments/active/g5-wiring/M3-ime-e2e-pairing/evidence.md,裁三.2-IME-性能桥定位-2026-07-13
# ############################################################################
# [K-6 归因环范例] gcc-death 双相双因归因环 — 2026-07-13 〇.2 卷宗 (append-only·指向上 line 193 决定性实验-K-quant-e2e-gcc-vs-VLEN 行·不重写既有裁决行)
# [K-6] Construction Gap-Closure Loop (.trellis/spec/lowering-runtime/emission-runtime-contract.md:404·四选一 {缺能力事实|缺模式|选择错误|物理}) 的教科书归因环 = 命名→关闭→复测→归因引用 gap-ID:
#   • 命名: gap = [CASE-COMPILER-ASYMMETRY] K-quant 侧 (板出货编译器 rvv=gcc-15) → K-quant e2e prefill LOSS 疑似 gcc codegen 病理·冠名候选 "gcc-death"。
#   • 关闭(隔离): surgical compiler-isolation (gcc-15 build tree·唯一变量 = 2 repack TU[含 emitted kernel] 换 clang-18 重编 + g++ 重链·其余全 gcc-15 = T-PERF1b 同账·EXACT 部署 kernel 非 sibling)。
#   • 复测: prefill A/B 0.237×/0.334× gcc LOSS → clang 1.326× WIN (翻正); decode 0.18× gcc → clang 0.500× (~2.8× 改善但仍 LOSS·block-dot 快 2×)。objdump EXACT 部署 kernel spill 742/217(gcc GEMM/GEVM) vs 4/8(clang)。
#   • 归因引用 gap-ID (★双相双因·MIXED 非纯 A): prefill 主因 = gcc-death codegen 病理 (spill 742→4·clang 消 spill 即翻 WIN) → [CASE-COMPILER-ASYMMETRY] K-quant 侧兑现·gcc-death 冠名解锁=TRUE; decode 0.500× 残余 = 真实 VLEN128 权重重建摊销 (reconstruction-bound·次要因素·独立归因·非纯 gcc)。
# ★范式价值: 一个 MIXED 判读 (prefill 翻正 / decode 残留) 被拆成两条【独立归因】的因 (compiler-asymmetry vs VLEN128-recon)·每条各引其 gap-ID·非笼统归一因 = [K-6] 归因环闭合 (命名·关闭·复测·归因引用 gap-ID) 的正面教材。correctness GREEN (clang-重编 greedy A==B byte-identical)。
# 链: [CASE-COMPILER-ASYMMETRY] (CLAUDE.md 性能常驻规则3) · line 193 (决定性实验行·裁二.1 冠名解锁) · line 186 (WORK-ITEM-K1-KQUANT-E2E-RESOLVED-POSITIVE)。
# ############################################################################
GAP-EMIT-UNROLL-q2_K-rolled-loop-emit-mode-G6-B-P1,C(emit 质量杠杆 GAP+机制化·[K-7] 第五杠杆·裁二.1·非 win/loss),hand-brick(SpacemiT rolled loop·q2_K@k1 case256),mechanized-not-e2e(Phase-1 杠杆 byte-exact·perf 序 Phase-2),[GAP-EMIT-UNROLL] q2_K 全展开 emit-质量 gap·rolled-loop 模式机制化·同 [T8·LAW-FIRST-EMISSION] q6_K 2995-vsetivli 根因,[裁二.1 G6-B·[GAP-EMIT-UNROLL] 立项+Phase-1] q2_K@k1 e2e 0.873× LOSS 根因=emit-质量 gap(我方全展开 2304 vwmacc/27KB vs 对手 compact rolled 16 vwmacc)。杠杆=发射器 rolled-loop 模式(能力键控 code-volume-vs-Icache·[PAT-1] PAT-EMIT-ROLLED-LOOP mechanized·Phase-1 default 冻结 unrolled 零行为改动)。byte-exact 硬门 GREEN(oracle INT_mismatch=0 + A/B 43008/43008 identity)。FORM seal(clang-17 对称·vwmacc 2304→384·text −53.6%·spill 7→63 显式换紧凑)。perf 终判=Phase-2(q2_K@k1 复测 vs hand-brick+gcc-15 seal·预注册翻正=第五杠杆坐实[K-7] 五例连档/不翻正=反汇编再归因)。[NG-4] form seal 非 beat 非 e2e。commit 6379bda2。,missing_pattern(emit-quality-gap·全展开 vs rolled·发射器成熟度·非算法非物理墙),experiments/active/g6-b-emit-unroll/raw/board_seal_clang17.txt,[GAP-EMIT-UNROLL] + [PAT-1] PAT-EMIT-ROLLED-LOOP-repack-gemm-main-term(mechanized·能力键 code-volume-vs-Icache),MECHANIZED-PHASE1(byte-exact 硬门过·[PAT-1] mechanized·perf Phase-2 pending·[K-7] 第五杠杆建成),experiments/active/g6-b-emit-unroll/evidence.md + MANIFEST.md,裁二.1-G6-B-P1-2026-07-13(6379bda2)
GAP-IME-BRIDGE-PERF-立项翻案-G6-A-M1-2026-07-13,C(GAP 状态翻案·现不立项→立项·裁 G6〇·非 win/loss),vendor-IME(厂商 VEN/OFF 1.98×/1.49× 上限参照),n_a(立项翻案+M1 曲线第一点·非 win/loss),[GAP-IME-BRIDGE-PERF] 现不立项→★立项(G6-A 战役)·supersedes registration 行 现不立项,[裁 G6〇 定向声明·2026-07-13] [GAP-IME-BRIDGE-PERF] 由「挂起待重估」转「立项」·翻案理由如实入档=用户裁定性能优先(非新证据·非成本重估·纯优先级用户定向)。重估条件[C1/C2 毛刺收口]部分满足(F-3/F-2' 必问-1/-2 done b7c60476·C2 zvfh done e2a31ce2)+用户定向叠加。G6-A M1 repack 缓存化=曲线第一点(q4_0@ime 桥 1.138×·e2e 0.0128×→0.0145×·真但小)·★X-0 profile 纠正过归因(repack 仅 11.8% 非主导·matmul 88% 单线程主导)→M2 多线程=最大杠杆。逐包袱消融曲线{0.0128×→M1 0.0145×}·M2/M3 续·预注册双出口(达厂商量级转绿/到顶归因黄格带账·禁物理墙)。IME 三格维持黄-传导稀释在档·叙事禁令仍在。,missing_pattern(bridge-overhead·单线程 matmul 88% 主导[profile 纠正]+repack-uncached 11.8%+参考实现·非物理墙),experiments/active/g6-a-ime-perf-bridge/M1-repack-cache/evidence.md,[GAP-IME-BRIDGE-PERF](立项·G6-A·翻案理由=用户裁定性能优先·M1 曲线第一点 1.138×),PROJECTED-G6-A-立项(现不立项→立项·supersedes registration 行·M1 done 6e126c4d·M2 多线程在飞·M3 待),experiments/active/g6-a-ime-perf-bridge/M1-repack-cache/MANIFEST.md,裁-G6〇-立项翻案+G6-A-M1-2026-07-13(6e126c4d)
GAP-EMIT-UNROLL-Phase2-verdict-NOT-FLIP-rvv-gcc15-k1-clang18-2026-07-13,C(emit 杠杆 Phase-2 verdict·perf-null·re-roll trap·非 win/loss),hand-brick(k1 stock q2_K 16x1 case256·clang-18)+block-dot(rvv·gcc-15),NOT-FLIP(rolled 回归·k1 e2e prefill 0.406× vs unrolled 0.875×·2.15× 慢),[GAP-EMIT-UNROLL] Phase-1 机制化(byte-exact)·Phase-2 perf null/negative·[K-7] 第五杠杆=emitter-maturity 里程碑非 perf win,[裁二.2 G6-B Phase-2 预注册出口 NOT-FLIP] rolled q2_K emit 不翻正·k1 e2e prefill 0.406×(vs unrolled 0.875× 复现 g5·rolled/unrolled 0.464× 慢 2.15×)·decode wash(memory-bound)·q2_K@k1 维持黄-对手更强·无成色质变·无 K-quant flip。★[GAP-P1] re-roll trap 实证:rolled 赢 code-volume(vwmacc 2304→384·text −55%)但 runtime loop 存 i16 partials 到 stack panel(324 vle16+373 vse16+spill 6→53=~1.8 mem-op/vwmacc)·compute-bound prefill round-trip 主导·瞄准瓶颈(code-volume/I-cache)非真瓶颈(性能宪章规则2 直觉投影不可信)。★真杠杆=stock hand-brick compact(16 vwmacc)∧register-resident(spill 4)同时·我方两 emit 形态都产不出 rolled-WITHOUT-accumulator-spill tiling(那才是真需杠杆·非 schedule knob)。★[CASE-KQUANT-GCC-CODEGEN](rvv gcc-15):gcc full-unroll 爆炸(104KB text/1433 vset)·rolled 愈合(text −82.9%/vset −92.9%·vs clang −53.6%)=部署编译器 gcc 下杠杆帮助更大·但 kernel-axis 吞吐仍回归(rolled 0.106× vs unrolled 0.390× block-dot·[CASE-MICRO-E2E] I-cache 杠杆 e2e-only·hot microbench 非赛场)。★连锁重估 NEGATIVE(naive 滚 q6_K/q3_K 加同 spill·q6_K 还 weight-bound+2995 vsetivli)→不自动施工·连锁 DEAD。commit 6379bda2(P1)/80d18ad5(rvv)/79b2ffe8(P2)。,missing_pattern(真杠杆=compact∧register-resident tiling·我方 emit 产不出·非 schedule knob·re-roll trap [GAP-P1]),experiments/active/g6-b-emit-unroll/P2-q2k-k1-e2e/evidence.md + rvv-gcc15-kernel-axis/raw/board_seal_gcc15.txt,[GAP-EMIT-UNROLL] Phase-2 NOT-FLIP + [GAP-P1] re-roll trap 实证 + [CASE-KQUANT-GCC-CODEGEN] + [CASE-MICRO-E2E],MECHANISM-MILESTONE-PERF-NULL(P1 byte-exact 机制/[K-7]·P2 perf null/negative·连锁 DEAD·q2_K 维持黄-对手更强·perf-covered 无变 7/83),experiments/active/g6-b-emit-unroll/P2-q2k-k1-e2e/evidence.md + rvv-gcc15-kernel-axis/evidence.md,裁二-G6-B-Phase2-NOT-FLIP-2026-07-13(79b2ffe8)
GAP-IME-BRIDGE-PERF-G6-A-曲线终点-M1-M2-M3-exit-b-2026-07-13,C(IME 桥性能曲线终点·exit b 黄格带账·非 win/loss·裁 G6-A),vendor-IME(k1 硅 vmadot·VEN/OFF 1.997×)+stock(k1 clang-18),exit-b-黄格带账(桥 44× 改善 0.0126→0.5529× stock·仍<parity·1.81× gap 逐项工程归因),[GAP-IME-BRIDGE-PERF] G6-A 逐包袱消融曲线完成·M1 cache/M2 多线程/M3 去参考·IME 三格维持黄-传导稀释,[裁 G6-A 终点判读 exit b] IME correctness 桥→performance 桥逐包袱消融曲线终点:{onnc 0.0126× → M1 cache 0.0143×(1.138×) → M2 多线程 0.0554×(3.886× 干净传导) → M3 去参考 0.5529× stock(9.98×)}·combined 44×·全程 bit-exact byte-neutral。★M2 多线程干净 micro→e2e 传导(桥主导 e2e→并行直兑现·区别 decode-washout kernel 小占比)。★M3 去参考=cache 已解 int8 B(消 per-call B-dequant 86.7% matmul 浪费·repack_dequant_weight 组合逐字)+register epilogue(消 N-strided round-trip)·核 vmadot int32 锚不动·喂入字节逐位相同。★预注册出口(b):onderef 0.5529× stock<parity 且 0.2769× vendor<<1.997×→不达厂商量级→IME 三格维持黄-传导稀释(未改标·与 perf-covered=≥parity 头条一致)。剩余 1.81× vs stock 逐项工程归因(禁物理墙·厂商同 k1 硅同 vmadot 达 1.997× 即反证):① 串行 ith==0 setup 未并行(最大残留)② scalar epilogue 未向量化(保 bit-exact)③ deref-cache 带宽(int8 B ×1.78)④ vmadot tiling vs block-dot ⑤ busy-wait barrier。commit 6e126c4d(M1)/8156e017(M2)/0c7511ab(M3)。,missing_pattern(桥剩余 1.81×=5 具名工程残留·非物理墙·厂商 1.997× 反证·可修但非 warranted[不达 vendor 需 5 项全攻]),experiments/active/g6-a-ime-perf-bridge/M3-deref-form/evidence.md,[GAP-IME-BRIDGE-PERF] G6-A 曲线终点 exit b + 桥主导 e2e 传导律 + 5 具名工程残留,G6-A-CURVE-COMPLETE-EXIT-B(逐包袱 44× 改善·bit-exact·仍<parity·黄格带账逐项归因·IME 三格维持黄-传导稀释·perf-covered 7/83 不变·剩余=5 工程残留非物理墙),experiments/active/g6-a-ime-perf-bridge/M1-repack-cache/evidence.md + M2-multithread/evidence.md + M3-deref-form/evidence.md,裁-G6-A-曲线终点-exit-b-2026-07-13(0c7511ab)
GAP-EMIT-KNEST-K-nest-deep-refactor-decision-keying-headnamed-L3-2026-07-13,C(决策键控轴·五.2 头号未键控决策具名实例·K-nest 深重构·非 win/loss),hand-brick(k1 stock q2_K 16x1 case256·compact 16 vwmacc ∧ register-resident spill 4 同时),not-a-win(决策键控轴 GAP 登记·q2_K/q3_K/q6_K gemm@rvv 现居黄-对手更强·纯 [GAP-EMIT-KNEST]=q2_K·+weight-floor 双阻=q3_K/q6_K),[GAP-EMIT-KNEST] distinct-from [GAP-EMIT-UNROLL](rolled-loop emit-mode Phase1/2)+[GAP-P1](re-roll-trap/VLEN-selector-key)·相关但 distinct: 后两者=已登记 rolled-loop emit-形态失败(rolled∨unrolled 二选一皆产 spill); 本 GAP=K-nest 深重构(真杠杆=compact∧register-resident tiling 同时·发射器当前不可兼得·非 schedule knob 非算法非物理墙),[五.2 决策键控轴头号未键控决策具名实例] 主导性能决策=循环形态(loop morphology)+累加器驻留(accumulator residency); 发射器当前写死 unrolled(全展开 2304 vwmacc/27KB) ∨ rolled(re-roll trap·i16 partials→stack round-trip) 二选一·两形态都产不出对手 stock hand-brick 的 compact(16 vwmacc)∧register-resident(spill 4) 同时·=真杠杆缺失(K-nest 深重构) 非 schedule knob。q2_K=纯实例; q3_K/q6_K=同类+weight-reconstruction floor 双阻(即使循环形态键控闭合仍受权重重建 floor 封顶)。★对照正例: q4_K/q5_K@k1 的 S6 min-fold tile 已闭合该杠杆(register-cliff spill→0·v30≤32)=证明 [GAP-EMIT-KNEST] 在 min-fold K-quant 可闭·在 no-min/weight-bound(q3_K/q6_K) NULL。措辞锁: 描述性键控状态·非 perf 主张·非 e2e 收益(令六)。,missing_pattern(循环形态决策未键控·发射器写死·真杠杆=compact∧register-resident tiling 同时·K-nest 深重构·非 schedule knob·非算法·非物理墙),cross-ref T8 [GAP-EMIT-UNROLL]-Phase2-NOT-FLIP(rolled 0.406×/unrolled 0.875× k1 e2e·spill 6→53) + [GAP-P1] re-roll-trap; schema opponent_stronger q2_K/q3_K/q6_K gemm@rvv named_gap,[GAP-EMIT-KNEST](K-nest 深重构·循环形态+累加器驻留决策键控化·q2_K/q6_K/q3_K 类·distinct-canonical vs [GAP-EMIT-UNROLL]/[GAP-P1]),OPEN-registered(决策键控轴头号具名实例·重估条件=终止线后第一优先·预注册评估问题=循环形态决策键控化后 q2_K/q6_K 硬对拼格能否翻正·对照正例 q4_K/q5_K@k1 S6 min-fold 已闭·[主会话4裁定③ 新 canonical]),experiments/active/l3-triage/决策键控轴-回填-candidates.md §2.1/§5.2 + experiments/active/result-tables/T-KEYING_decision_keying_axis.md,L3-apply-decision-keying-2026-07-13
GAP-IME-BRIDGE-PERF-G6-A-CLOSED-M7-PARITY-CROSSED-q4_0-ime-green-2026-07-13,C(IME 桥性能收口·[GAP-IME-BRIDGE-PERF] CLOSED for q4_0@ime·C3′ 能力键控发射器杠杆·非碾压 win),e2e-factory(stock 非-IME=opponent-of-record) + vendor-IME(1.996× 更强天花板·我方 0.505× vendor),win-parity-vs-stock(≥parity·统计 tie IQR 重叠·非碾压·lose-vendor 2×·G6 成色质变 bar 未达),G6-A [GAP-IME-BRIDGE-PERF] CLOSED(q4_0@ime)·★supersedes row220 exit-b framing(M3 0.5529× 非终点·M4-M7 续),[裁 G6-A 真终点·M7 PARITY CROSSED] IME correctness 桥→performance 桥逐包袱消融曲线【真终点】(row220 M3 exit-b framing 撤销·M3 非终点):{onnc 0.0126× → M1 cache 0.0143×(1.138×) → M2 多线程 0.0554×(3.886× 干净传导) → M3 去参考 0.539× → M4 setup 0.5807× → M5 epilogue 0.6817× → M6 feed-locality 0.9042× → ★M7 wide-vmadot-tiling 1.0088× stock(≥parity 跨线)}·combined ~72×·全程 bit-exact byte-neutral(md5 f5e77482 M1-M7 谱系)。★M7=首个 G6-A 发射器改动(前 6 步 orchestration/板 patch·零发射器)·[PAT-1] wide-vmadot-tiling(macKloopHelperBodyWide njw·ONE vle8 A 喂 NJW 独立 vmadot 链·capability-keyed selectVmadotTilePattern by 32-vreg budget→W2·W4 measured-negative epilogue-spill 边界)·array-util compute 1.740→1.095s(w2·1.589×)→0.890s(w4·1.955×=vendor headroom 兑现)·matmul 1.159×·e2e onw2/onjout 1.1385× clean(98% 传导·填平 M6 10% 缺口)。★成色 honest(措辞门·四披露):①对手=stock 非-IME(≥parity 统计 tie·IQR 重叠·非碾压)②★vendor IME 1.996× 更强手调可部署·我方 0.505× vendor 披露不隐瞒③令一.2 内存税(int8-deref ~1.07GB/×1.78·prefill 口径·decode 反向·非 free lunch)④★G6 成色质变(硬碰硬赢手调对手)bar 未达=metric-letter 绿+C3′ 方法学·非赢手调 IME。★[裁三.3 叙事禁令]解除(桥已收口实测跨 parity=非 premature『将转绿』叙事)。perf-covered 7/83→8/83(q4_0@ime 黄-传导稀释→绿·recon 机算·0ed58a5a)。q8_0/q4_K@ime 共用同 leaf 但仅 projected 未各自板测→维持黄-传导稀释 pending(deployment≠proven·补测入队)。commit 6e126c4d(M1)/8156e017(M2)/0c7511ab(M3)/M4-M6/468fcef7(M7 发射器)。,missing_pattern→CLOSED(array-util under-utilization=单累加器串行+A 重载+per-block toggle·wide-vmadot-tiling [PAT-1] W2 发射器杠杆填补·byte-exact 三重证),experiments/active/g6-a-ime-perf-bridge/M7-vmadot-tiling/evidence.md §0/§6.1 + raw/(K1 单测 memcmp=0/e2e md5 f5e77482) + test/Target/IME/q4-0-vmadot-tile-wide-int32-oracle.c(host ZERO-MODEL mismatch=0),[PAT-1]-IME-vmadot-wide-output-tiling-array-utilization(schema/pattern-registry.v1.json) + [GAP-IME-BRIDGE-PERF]-CLOSED(q4_0@ime),CLOSED-GREEN(q4_0@ime·perf-covered 8/83·[PAT-1] mechanized W2)·PARTIAL(q8_0/q4_K@ime projected-pending 板测),docs/reports/2026-07-13-perf-covered-q4_0-ime-green-8of83.md + experiments/active/g6-a-ime-perf-bridge/M7-vmadot-tiling/evidence.md,裁-G6-A-真终点-M7-PARITY-CROSSED-q4_0-ime-green-2026-07-13(468fcef7 发射器/0ed58a5a 绿翻)
L2-q2_K-rvv-系统账-LOSS-gcc-death-necessary-not-sufficient-2026-07-13,S(系统账 deployment-vs-deployment·LOSS·非 win·裁决权主会话),e2e-factory(stock 板出货 gcc-15 as-shipped block-dot·rvv/VLEN128),LOSS-三账全负(① 系统账 clang-deploy prefill 0.857×/decode 0.516× ② 对称-gcc 0.497×/0.150× ③ k1 kernel-axis 0.873×/0.875× 引用),q4_K-vs-q2_K 同构对局【相反结果】(ours-clang-repack vs stock-gcc-block-dot·rvv 系统账·q4_K 1.344× WIN / q2_K 0.857× LOSS)=gcc-death 必要非充分,"[L2 q2_K@rvv 系统账·预注册意外分支命中·维持黄-对手更强] 承 q4_K 成功模板(b2531fe1)的诚实负结果。路由与 q4_K 完全同构(rvv repack.cpp q2_K case128 TODO→VLEN128 不激活→block-dot·OFF=ggml_vec_dot_q2_K_q8_K×4·ON=我方 emitted VLA repack vsetvl 运行时 AVL·复用 M2-q2_K-k1 export)。correctness GREEN 硬门(rvv greedy A==B byte-identical 两 prompt + k1 ZERO-MODEL INT bit-exact 全8 shapes + MIRAGE 排除=干净 perf LOSS 非 broken kernel)。★三账 e2e(DeepSeek-8B-Q2_K·pp128/tg16·4 clean passes·disjoint-pin cores 8-15·relIQR 0.10-0.33%): stock-gcc block-dot prefill 5.030 / ours-clang repack 4.310 / ours-gcc repack 2.502 → ① 系统账 clang/stock=0.857× LOSS ② 对称-gcc/stock=0.497× LOSS。★★关键归因: gcc-death 真但【不足】——spill 2937→6 治愈(比 q4_K 742/4 更极端)但系统账 clang 0.857× 仍<parity(区别 q4_K 治好 gcc-death 后【反超】block-dot 1.344× WIN)。我方 q2_K 全展开 27KB S6-tiled 核在 clang 部署域仍慢 stock block-dot ~14%。★跨双板一致真 kernel-quality LOSS(rvv clang-deploy 0.857× ≈ k1 clang-sym 0.873×·both ~0.86×·both clang)=emitter-quality gap 非 gcc artifact→CLOSES rvv/VLEN128 fix-hypothesis(同 k1 已 closed)。★q4_K-vs-q2_K 同构相反结果=印证 [CASE-COMPILER-ASYMMETRY]「gcc-death 消除是 WIN 的【必要非充分】条件·消除后仍须 emitter-quality 达标」。★本格无 win→天然免疫重售被撤回的 micro 1.413× artifact(那正是本系统账换轴同物·此处坐实 LOSS)。load-12 巡检误报订正=我方 8-thread bench 自身负荷非 co-tenant 污染(taskset 实证 vLLM cores 0,1 disjoint)。board restore md5 双证 clean(live=05a62e6a OFF-pristine·source byte-exact·stray .inc=0·weft_sym=0·straggler=0)。",missing_pattern(emitter-quality gap·全展开 27KB S6-tiled 核在 clang 部署域仍慢 stock block-dot ~14%·跨双板一致 rvv 0.857×≈k1 0.873×·非 gcc artifact·真 kernel-quality LOSS),"experiments/active/l2-kquant-rvv-systemacct/q2_K/evidence.md + raw/(deploy_5verify_reverse_control/correctness_gate/build_seal + json/{clang,gcc}_p1-4.json)",[CASE-COMPILER-ASYMMETRY]-gcc-death-necessary-not-sufficient(q4_K WIN vs q2_K LOSS 同构对局) + rvv/VLEN128-fix-hypothesis-CLOSED,LOSS-CONFIRMED(q2_K 维持黄-对手更强·perf-covered 8/83 不变·rvv/VLEN128 fix-hypothesis CLOSED·schema IDX 18 symmetric_account_pointer ③ 补 rvv 系统账数据点),docs schema/perf-covered-category.v1.json IDX 18 + experiments/active/l2-kquant-rvv-systemacct/q2_K/evidence.md,L2-q2_K-rvv-系统账-LOSS-2026-07-13(14f4631a casefile)
G6-A-M7-IME-triple-spread-q8_0-green-q4_K-format-boundary-2026-07-13,C(IME array-util 铺三格·q8_0 beat green·q4_K format-boundary·非碾压强手调),e2e-factory(stock 非-IME block-dot) + vendor-IME(q8_0 弱 0.984× / q4_K 强 1.493×),SPLIT(q8_0 beat stock 2.233× WIN→绿 9/83 / q4_K 0.909× <parity LOSS→维持黄),M7 wide-vmadot-tiling format-keyed 适用边界·perf-covered 8→9/83·q4_0+q8_0 绿 q4_K 黄,[裁 G6-A M7 铺 IME 三格剩二·分裂结果·byte-exact] wide-vmadot-tiling [PAT-1] W2 铺到 q8_0@ime + q4_K@ime(同 q4_0 format-invariant vmadot leaf·compute-isolation ~1.56-1.59× 三格一致)。★分裂:full-matmul 传导按 format 的 non-vmadot epilogue 权重分化——① q8_0@ime int8-direct【最轻】epilogue→e2e onw2/off **2.233× 真 beat stock(无 IQR 重叠·非 tie)** + onw2/ven **2.269× 赢 vendor**·onw2/onjout 1.086×·**无内存税**(int8-direct·区别 q4_0 ×1.78)→**转绿(perf-covered 8→9/83·最强 IME 绿)**·★诚实前提=所赢 vendor q8_0 路【弱】(VEN/OFF=0.984× stock·vendor 未优化 q8_0 IME 非强手调)→'我方产出最快可得 q8_0 IME 核'非'赢强手调'·仍非成排赢强手调；② q4_K@ime super-block two-level fold(scale+min)【重】epilogue 把 array-util 增量稀释到 e2e 仅 1.024×→onw2/off **0.909× <parity(decisive)**·stock q4_K 已快 14.61·vendor 强 1.493×→**维持黄-传导稀释(现 measured 非 projected)**。★C3′ 结论=**array-util 杠杆的 e2e payoff 是 format-keyed(on epilogue weight)非 universal**——int8-direct/轻 epilogue 传导·super-block/重 fold 需更深 epilogue-向量化杠杆(M7 深度外·机制目标非 warranted perf battle)=**能力键控优化模式的 format-keyed 适用边界(C3′ 负结果·同价值)**。correctness byte-exact 两格(板 md5 onw2==onjout==off·q8_0 5b3fa260[含 vendor 全同]/q4_K a4a623d2·wide-neutral 硬门由构造·leaf int32-exact 由 q4_0 host oracle 证)。A-tree restore md5 双证(40962c7e/71cc4d29)。纯板 orchestration 未触 lib/。,q8_0=missing_pattern→CLOSED(array-util 传导·int8-direct 轻 epilogue) / q4_K=missing_pattern(super-block 重 fold epilogue 稀释 array-util·format-boundary·需更深 epilogue 向量化发射器),experiments/active/g6-a-ime-perf-bridge/M7-vmadot-tiling-q80-q4k/evidence.md + raw/(bench_onw2/onw4/ven/off × q80/q4k·c_*.out correctness),[PAT-1]-format-keyed-applicability-boundary(int8-direct 传导/super-block heavy-fold 稀释) + q8_0@ime-green,SPLIT: q8_0@ime CLOSED-GREEN(perf-covered 9/83·真 beat stock 2.233×) / q4_K@ime measured-yellow(array-util format-boundary·非 projected),docs/reports/2026-07-13-perf-covered-q8_0-ime-green-9of83.md + experiments/active/g6-a-ime-perf-bridge/M7-vmadot-tiling-q80-q4k/evidence.md,裁-G6-A-M7-IME-triple-spread-2026-07-13(9acb6f3b casefile/6af32c5a 绿翻)
GAP-REPACK-GEVM-归因修正-主因改判-GEVM-plan-缺席-2026-07-13,C(GAP 归因修正·canon 级·[GOV-9] G7 全量令〇.5·非 win/loss),e2e-factory(decode GEVM·repack vs 原生 vec_dot),n_a(GAP 归因修正·结构级 plan 缺席改判),[GAP-REPACK-GEVM] 主因改判: 布局之罪→GEVM plan 缺席(GEMM 家族 kernel M=1 退化兼职)·布局降为待审计假设,[裁 G7〇.5 归因修正·canon] [GAP-REPACK-GEVM](散在 q5_0/q5_1/q5_K@rvv/q5_K@k1 等绿格 decode-loss 归因) 主因**改判**: 原框 '结构性权衡·memory-bound interleaved-layout 多带宽 for nr=1(布局之罪)' → **改判主因='GEVM plan 缺席'(GEMM 家族 kernel 在 M=1 退化兼职做 GEVM·[K-10] 实证①·结构级差异被当同一 plan 退化用法)**。布局之罪**降为待审计假设**(G7 P0 字节审计 H1/H2 裁: H1 字节≈同而慢=GEVM 结构不成熟[主预期] / H2 字节显著多=布局字节税)。★反证在案: stock repack-GEVM@k1 decode **1.284×** 胜原生 vec_dot(b12afd57·[WORK-ITEM])→**布局非墙**(同布局 stock 能赢·故 decode-loss 非布局固有)。修法 = G7 独立 GEVM plan([PAT-2]/P9·regime-plan 接管·流式 K 归约×列组·权重零复用字节最少化)。★per-cell quality_note 的旧'布局'framing 待 P4(GEMV plan 落地→decode 重分类)更新·现 canon 修正立于本行 + [PAT-2] P9 + [K-10] 实证①。内存墙免检章作废(裁四.2): <0.9× decode 格禁物理墙标签·物理墙=双方同贴一墙≈parity。,misselection→missing_pattern(结构级 plan 缺席·非布局物理墙·非选择错误·GEMM 兼职 GEVM=[K-10] 结构级误当退化用法),commit b12afd57(stock repack-GEVM@k1 decode 1.284× 反证) + schema cells q5_0/q5_1/q5_K [GAP-REPACK-GEVM] framing,[GAP-REPACK-GEVM]-归因修正(主因=GEVM plan 缺席·布局=待审计假设 H1/H2) + [PAT-2]-P9(修法) + [K-10]-实证①,CANON-REVISED(主因改判·布局降假设·G7 P9 修法·per-cell 待 P4 重分类),.trellis/spec/architecture/core-invariants.md [K-10] 实证① + schema/pattern-registry.v1.json PAT-2-P9,裁-G7〇.5-GAP-REPACK-GEVM-归因修正-2026-07-13
GAP-EMIT-KNEST-正名-结构级-plan-缺席-KNEST-2026-07-13,C(GAP 正名·canon 级·[GOV-9] G7 补充令一.1·非 win/loss),self(K-quant 超块流式嵌套·compact∧register-resident),n_a(GAP 正名·结构级 plan 缺席改判),[GAP-EMIT-KNEST] 正名: '发射器深度优化候选'→'结构级 plan 缺席(K-quant 超块流式嵌套 plan)'·与 GEVM plan 同类欠账并列挂号,[裁 G7 补充令一.1·GAP 正名·canon] [GAP-EMIT-KNEST](原 G6-B: q2_K 真杠杆=compact∧register-resident tiling·我方 emit 产不出·登记为'发射器深度优化候选') **正名**='**结构级 plan 缺席**(K-quant 超块流式嵌套 plan·整个 K super/sub-block nest 单宽 resident accumulator)'·**与 GEVM plan 同类欠账并列挂号**(北极星执行图第①步 plan 库: GEVM[在建]→IME-epilogue[待判]→KNEST[挂号])。★re-roll trap([GAP-P1])**追溯登记为'结构级差异误当旋钮'的第二实证**(第一=GEMM 兼职 GEVM·[K-10] 实证①): loop-schedule knob 拧不出 compact∧register-resident 结构·因那是结构级 plan 非 schedule 参数。**地位不变**: 留档·GEVM plan 完工后按 [X-0] 评估(G7 期内评估位保留)。术语精确化(补充令三.1): 此格'发射器不成熟'=**缺 plan(KNEST 超块流式嵌套 plan)**非模糊总称。立柱一预测: q2_K/q6_K 预挂'柱一缺口(KNEST plan 缺席)'·KNEST plan 若落地该批格应转赢=柱一可证伪延迟检验点。,missing_pattern→正名 missing_plan(结构级 KNEST 超块流式嵌套 plan 缺席·非 schedule knob·re-roll trap 第二实证),experiments/active/g6-b-emit-unroll/ (re-roll trap [GAP-P1] 实证) + T8 [GAP-EMIT-KNEST]/[GAP-P1] 前序行,[GAP-EMIT-KNEST]-正名(结构级 plan 缺席·KNEST 超块流式嵌套) + [K-10] 实证③ + re-roll trap 第二实证,RENAMED-STRUCTURAL-PLAN-GAP(挂号·与 GEVM plan 并列·GEVM 完工后 [X-0] 评估·地位不变留档),.trellis/spec/architecture/core-invariants.md [K-10] 实证③ + experiments/active/g6-b-emit-unroll/,裁-G7-补充令一.1-GAP-EMIT-KNEST-正名-2026-07-13
L2-q5_K-rvv-系统账-LOSS-gcc-death-必要非充分-第三点-2026-07-13,S(系统账 deployment·LOSS·非 win·裁量主会话),e2e-factory(stock 板出货 gcc-15 as-shipped block-dot·rvv/VLEN128),LOSS(系统账 clang prefill 0.8688×/decode 0.6522× · 对称-gcc ~0.120× env-blocked · ③k1 kernel账 引用 1.641× WIN),L2 三格定律完成(q4_K 1.344× WIN/q2_K 0.857× LOSS/q5_K 0.8688× LOSS)·[GAP-Q5K-VLEN128-QH-REGCLIFF] 同核 k1WIN/rvvLOSS,[L2 q5_K@rvv 系统账·令第三格·gcc-death 必要非充分律第三点·q5_K 属 q2_K-class] 预注册出口<parity 命中。★三账: ① 系统账 our-clang vs stock-gcc-15 block-dot prefill 0.8688×/decode 0.6522× LOSS(n=4·disjoint-pin 净测·relIQR<1%·vLLM 未重启) ② 对称-gcc ~0.120×(schema/T9·fresh repro **env-blocked**=q5kON.gcc spill 4124 e2e >10min 测不动·gcc-death 慢到测不动=二次佐证) ③ k1 kernel账 引用 1.641× WIN(已绿·不重测)。★gcc-death 直证: 部署核 objdump spill gcc GEMM 4124/GEVM 454 vs clang GEMM 155/GEVM 97(~27× 差)。★**gcc-death 必要非充分律第三点**: clang 治 gcc 0.120×→0.8688×(spill 4124→155 治愈大半)但**未反超** block-dot(同 q2_K 0.857× 量级)→q5_K 属 q2_K-class。L2 三格定律定: q4_K WIN(emitter-quality 足·反超) / q2_K LOSS / q5_K LOSS(emitter-quality 不足)。★★**[GAP-Q5K-VLEN128-QH-REGCLIFF]**(新识·律精化): 同一 VLA 核 q5_K@k1 **WIN 1.641×**(VLEN256) vs q5_K@rvv **LOSS 0.87×**(VLEN128)·判别=qh 5th-bit plane 在 VLEN128 register-cliff(clang q5_K GEMM spill 155 vs q4_K spill 4·VLEN128 做 2-strip)→**律精化: emitter-quality-beat 是 per-board(VLEN-dependent register-cliff)·非 per-format 单值**·k1 核 fits→WIN / rvv 核 register-cliff→LOSS。此 GAP=**参数级**([K-10] 三问: 同 plan·register 压力·VLEN128 需 register-aware tile·柱二参数键控边界)非结构级 plan 缺席。correctness GREEN(ZERO-MODEL INT bit-exact + rvv greedy A==B·非 broken 干净 LOSS)·board restore md5 三证(05a62e6a)·q5_K cell 维持绿(via k1 any-board·perf-covered 9/83 不变)。,misselection→参数级 GAP([GAP-Q5K-VLEN128-QH-REGCLIFF]·VLEN128 qh plane register-cliff·同 plan register 压力·柱二参数键控边界·非结构级非物理墙),"experiments/active/l2-kquant-rvv-systemacct/q5_K/evidence.md + raw/(build_seal spill gcc 4124/clang 155 · 5verify · json/{clang,stock} p1-4)",[GAP-Q5K-VLEN128-QH-REGCLIFF](同核 k1WIN/rvvLOSS·VLEN register-cliff·参数级) + gcc-death-必要非充分-第三点(律精化 per-board),LOSS-CONFIRMED(q5_K 维持绿 via k1·rvv系统账 LOSS·律第三点·[GAP-Q5K-VLEN128-QH-REGCLIFF] 参数级 GAP 挂号·L2 三格定律完成),docs schema/perf-covered-category.v1.json IDX20 + experiments/active/l2-kquant-rvv-systemacct/q5_K/evidence.md,L2-q5_K-rvv-系统账-LOSS-2026-07-13(e30c0055 casefile)
G7-L1-GEVM-P0-字节审计-H1-confirmed-布局之罪证伪-2026-07-13,C(P0 设计输入·H1 confirmed·[GAP-REPACK-GEVM] 布局假设证伪·非 win/loss),e2e-factory(decode GEVM·我方 repack vs stock·同布局同字节),n_a(P0 字节审计设计输入·H1[结构不成熟]confirmed·H2[布局税]REJECTED),P0 4/4→H1: 我方读 0.995-0.998× stock 字节(≤roofline)·布局非墙·GEVM plan 攻结构不攻布局,[裁 G7 L1 GEVM P0·字节审计 DECISIVE] 4 回退格(q4_K@rvv/q5_0/q5_1/q4_1 对照)per-token DRAM 字节实测(cache-misses×64B·+0.05% 校准·两点差分 N64-N16): 我方/stock = **0.995-0.998×**(甚至略少·全 ≤1.0≈理论 roofline)。★**H2(布局字节税)4/4 REJECTED·[GAP-REPACK-GEVM] 布局之罪假设证伪**(无一格 >>stock 或 >>理论×1.5·布局=permutation 非 duplication·字节已触底)。★**decode win↔loss 判别键全在结构轴·从不在字节轴**(同 DRAM 字节流下): q4_K 慢=IPC 崩塌 0.52→0.29+2× cycles(M=1 无算力藏延迟)·q5_0/q5_1 慢=+43~62% 重建指令(qh 组装/unpack 不摊销)·q4_1 赢=更少指令+高 IPC(stock q4_1 block-dot 病态 IPC 0.39)→**[K-10] 实证① GEMM 兼职 GEVM 结构损坐实**。★设计输入: ① 攻结构不攻布局(H2 全否·沿用 resident repack 布局·不做双布局) ② [PAT-2] P9 目标精化=M=1 带宽→吞吐结构效率(IPC/削重建指令/藏装载延迟)·非字节最少化(字节=roofline 约束非杠杆) ③ P1 首格=q4_K@rvv(roofline 利用率 gap 最大·IPC 0.29·2× cycles·超块最难·sealed 正确性·现成部署)·次序 q4_K→q5_0/q5_1→q4_1(健康 decode 回归锚) ④ plan 成功信号=同字节下 IPC/cycles 向 stock roofline 收敛(q4_K IPC 0.29→≥0.52)且字节保持≈roofline 不回升。q5_K@k1 PENDING(k1 被 L2 hot/cold 占·H1-implied via canon 反证 stock repack-GEVM@k1 decode 1.284×)。restore TRUE(live 05a62e6a)·disjoint-pin 净测·NO git。,missing_pattern(GEVM plan 缺席=结构不成熟·非布局[H2 证伪]非物理墙·GEMM 兼职 GEVM 结构损·[K-10] 实证①),experiments/active/g7-l1-gevm/P0-byte-audit/evidence.md + raw/calib + raw/q4_K + raw/stock_roofline_flat.txt + raw/ours_flat.txt,P0-字节审计-H1-confirmed(布局之罪证伪) + [PAT-2]-P9-mechanism-精化(结构效率非字节最少化),DESIGN-INPUT-DELIVERED(H1 confirmed·GEVM plan 攻结构·P1 首格 q4_K@rvv·[PAT-2] mechanism P0-refined),schema/pattern-registry.v1.json PAT-2 mechanism(P0-refined) + experiments/active/g7-l1-gevm/P0-byte-audit/evidence.md,裁-G7-L1-GEVM-P0-字节审计-2026-07-13(95a8a768)
q4_K-k1-hand-brick-另测-FALSIFIED-0-verified-hand-brick-2026-07-13,S(kernel-sym 成色核实·对手身份改判·主张证伪·非 win/loss),factory-repack(真 hand-brick ggml_gemm_q4_K_16x1_q8_K·k1 真出货 case256·VLEN256 满宽 vl=16 专调·clang-18 对称),LOSS(ours vs 真 hand-brick 16x1 = 0.622×·hand-brick 快 1.61×)·主张证伪(sealed 3.106× 是 vs block-dot 非 hand-brick),q4_K@k1 '赢 hand-brick·成色最硬' 证伪·kernel-sym 0 verified hand-brick·两赛道成色质变未达确认,[裁 q4_K@k1 hand-brick 另测·T9 §6 争议裁决 FALSIFIED] sealed kernel-sym 3.106× 的实际对手 = `ggml_vec_dot_q4_K_q8_K` **block-dot**(三重证: t4a MANIFEST 自述 + paired driver OPP_CALL + runner preflight)·**非** hand-brick。真 hand-brick `ggml_gemm_q4_K_16x1_q8_K` 确在 stock(@0xabe58·k1 真出货默认 case256 ON·T9 §5 e2e winner)·VLEN256-native healthy(vwmacc 80·wide LMUL·rolled 913 insns)·clang++-18 对称(无 [CASE-COMPILER-ASYMMETRY])。★micro A/B(同 vx/vy·同 shape·对称·N=12·3 seed·HOT+COLD·O2+O3): **ours/真-16x1 = 0.622×**(全 recipe 一致 IQR<0.3%)·correctness bounded-ULP(max_abs 2.9e-3·A/B 公平非空转)。三方 GMAC/s: block-dot 1.146 < **ours 3.72(3.25×≈sealed 3.106×)** < **16x1 hand-brick 5.98(5.22×·比 ours 1.61×)**。机制: ours=全展开 25KB blob(VLEN-invariant·不激进吃宽度) vs hand-brick=紧凑 rolled+vl=16 满宽(VLEN256 专调)→**展开体量赢≠perf 赢**(同 [CASE-KQUANT-GCC-CODEGEN]/[GAP-P1] re-roll trap 家族)。★★裁决: q4_K@k1 kernel-sym 3.106× 是 **vs block-dot**·对真 hand-brick **输 0.622×**·成色=**vs-block-dot(弱—中对手)·非 hand-brick**。hand-brick 可测(测了输了·非不可测)。★**kernel-sym 9 = 0 verified hand-brick + 2 better-vec + 7 block-dot/light**。★★**两赛道诚实结论: perf-covered 9/83 + kernel-sym 9 均无一格赢手调对手(hand-brick/vendor IME 全赢我方)→ G6/G7 '成色质变=硬碰硬赢手调对手' 在两轴皆【未达】·计数 vs 成色两轴分开报的铁证**。board restore clean(stock lib read-only 871169a0)·NO git。,missing_pattern([GAP-KQUANT-VLEN256-UNROLL-VS-ROLLED]·ours 全展开 25KB VLEN-invariant 输 hand-brick 紧凑 rolled+vl=16 满宽 VLEN256 专调·连 [GAP-EMIT-KNEST]/wide-LMUL 领域·非物理墙),experiments/active/g7-l2-kernelsym-hotcold/q4K-handbrick-resolve/evidence.md + summary_q4k_handbrick.csv + raw/run_k1_q4k_handbrick.log + objdump 对手身份三重证,[GAP-KQUANT-VLEN256-UNROLL-VS-ROLLED](全展开≠perf·紧凑 rolled+满宽 VLEN256 专调 gap) + kernel-sym-0-verified-hand-brick + 两轴成色质变未达,FALSIFIED-CORRECTED(q4_K@k1 hand-brick 主张证伪·成色=vs-block-dot·kernel-sym 0 hand-brick·两轴成色质变未达定稿),experiments/active/g7-l2-kernelsym-hotcold/q4K-handbrick-resolve/evidence.md + T9 §1.1/§6,裁-q4_K-k1-hand-brick-另测-FALSIFIED-2026-07-13(b29c269c)
G7-L1-P1-GEVM-plan-构造-mechanized-q4_K@rvv-首格-2026-07-13,C(结构级 novelty 构造·首个独立 GEVM Emission Plan·byte-exact 机制里程碑·非 perf win[P2 pending]),n_a(构造里程碑·byte-exact·perf 验证 P2 pending),MECHANIZED(byte-exact 三证 mismatch=0·lit+oracle green·Conversion/RVV 242/242 零回归·perf P2 pending),★首个独立 GEVM Emission Plan(q4_K@rvv 首格·[K-10] 结构级·[PAT-2] P9 ratified-pending→mechanized)·北极星第①步 plan 库补齐,"[G7 L1 P1 GEVM plan 构造·首格 q4_K@rvv·806a7cc1] ★首个【独立 GEVM Emission Plan】(列组切片 column-group tile·block 流·共享激活[每 block 只载一次·shared_act_block_base·对比现有 GEVM 每列组重载]·register-resident 累加器 bank·预取进结构 weight_strip_prefetch·无 redsum)。交付四件: ODS TypedRepackGemvColgroupTiledLoopBodyOp+column_group_tile 结构属性(RVVOps.td·GEVM yield parent ParentOneOf 拓宽) + verifier(bounded fail-closed·anti-bypass 校 q4_K core brick) + emitter dispatch emitTypedRepackGemvColgroupTiledLoopBody+body emitRepackKQuantGemvColgroupTiledBodyQ4K(复用同一 per-block q4_K leaf·仅改 envelope) + lit(rvv-to-emitc-repack-gevm-colgroup-tiled-q4-K-q8-K.mlir·default/NOWALL/ROUNDTRIP) + host ZERO-MODEL oracle(byte-exact 三证)。★byte-exact 三证(mismatch=0): ① tiled envelope==per-column(GEMM-M=1) ② ==独立 ZERO-MODEL 重算(raw 字节独立物化+canonical get_scale_min_k4·异 code path) ③ anti-hollow(naive 结合序差 1.86e-7=fold 序 load-bearing·NOMIN 差 2.47e-2=min fold 真实非空心)。by-construction 论证: GEVM 输出列独立归约·切片只重排独立列访问序·任一固定列 per-block 归约/拆分/fold 全不动⇒逐 bit 相等。★[K-10] 结构级机检锚点: emitc 每 op 带 source_op=typed_repack_gemv_colgroup_tiled_loop_body 戳(异于 GEMM plan)·独有结构条目(colgroup_tile_count/register_resident_bank_seed/shared_act_block_base=1/weight_strip_prefetch/无 redsum)。check gate GREEN: weft-opt 构建 clean(LLVM-20)·新 lit 三前缀 PASS·Conversion/RVV 242/242 零回归(spot-check 确认)·全库 907/910(3 FAIL 预存无关 scripts/)。★PENDING P2 板 IPC 验证(recipe P1-construct/evidence.md §6·部署 sealed .so+ssh rvv cache-misses+M∈{1,8} 扫描→M* 写回·成功信号=同字节下 IPC 0.29→≥0.52 向 roofline 收敛·字节不回升[回升即 H2 布局税回退])。",missing_pattern→MECHANIZED(GEVM plan 结构级构造·补 [GAP-REPACK-GEVM] plan 缺席·[K-10] 实证① 修法·byte-exact 由构造),test/Conversion/RVV/rvv-to-emitc-repack-gevm-colgroup-tiled-q4-K-q8-K.mlir + test/Target/RVV/q4-K-q8-K-repack-gevm-colgroup-tiled-oracle.c + experiments/active/g7-l1-gevm/P1-construct/evidence.md,[PAT-2]-P9-mechanized(首个独立 GEVM Emission Plan·q4_K@rvv 首格) + [K-10] 结构级实证(GEVM 独立 plan·provenance 异于 GEMM),MECHANIZED-BYTE-EXACT(P1 构造毕·byte-exact 三证·lit+oracle green·零回归·P2 perf 验证 pending),experiments/active/g7-l1-gevm/P1-construct/evidence.md + schema/pattern-registry.v1.json PAT-2-P9(mechanized),裁-G7-L1-P1-GEVM-plan-构造-mechanized-2026-07-13(806a7cc1)
G7-L1-P2-GEVM-板IPC验证-NEGATIVE-register-pressure-board-falsified-2026-07-13,S(GEVM plan perf 板验证·成功信号 NEGATIVE·board-falsified·非 win),e2e-factory(decode M=1·NEW GEVM plan vs OLD GEMM-M=1 vs stock·both clang-18),NEGATIVE(NEW colgroup-tiled IPC 0.214 < OLD 0.294 < STOCK 0.517·e2e decode 0.336×·比 OLD 0.49× 更慢·结构回归),GEVM plan colgroup-tiled TG=2 M=1 decode board-falsified·register-pressure spill·首版结构假设未兑现,[裁 G7 L1 P2 GEVM 板 IPC 验证·NEGATIVE·干净板证伪] P1 构造的 colgroup-tiled GEVM plan(TG=2·806a7cc1) M=1 decode board-verify: per-token 两点差分(3-pass median·taskset 8-15·三 .so 交织): STOCK IPC 0.517(roofline)/OLD per-column IPC 0.294(=P0 0.50×)/**NEW colgroup-tiled IPC 0.214(e2e 0.336×·比 OLD 更慢=结构回归)**。① IPC 反向(OLD 0.294→NEW 0.214·未向 roofline 0.517 收敛)·cyc/tok +45% ② 字节 0.998× stock≈roofline·**H2 布局税仍 REJECTED·纯结构回归** ③ correctness GREEN(A==B 3/3 byte-exact·P1 oracle 部署级复核)。★成功信号(IPC→≥0.52∧字节不回升)判读=**NEGATIVE**(字节不回升✓·IPC 反向✗)。★★反汇编归因(objdump NEW vs OLD·根因)= **register-resident bank 溢出反噬**([GAP-P1] register-pressure trap 同型): scalar stack spill(sp-rel ld/sd) **534 vs OLD 10 = 53×**(+静态核 2.22×·vle/vwmacc/vsetvli 翻倍)·TG=2 把 2 列组 state(4 f32m2 bank+2× 权重条带+共享激活)叠 q4_K 超块重叶→爆 32-vreg 预算→per-iter spill 回栈重载。dynamic insn 仅 +5.5%·**杀伤全在 IPC**(M=1 memory-latency-bound 无算力藏延迟[P0 证]·534 spill 往返串行化流水→IPC 崩)。★候选③(激活共享空转)坐实='成本收不回'(M=1 下每 block 省 1 activation 读收益≈0·却付 2× 寄存器压力)·prefetch(2 hint)可忽略。**对齐性能宪章规则1(没打中 M=1 memory 瓶颈·反加寄存器压力)+规则2('共享激活+bank+prefetch→抬 IPC'方向投影板证伪)**。★污染判(insn-based 硬信号): pin 8-15(vLLM 0-7)·insn NEW>OLD +5.5% 跨 pass 一致→结构损真实·bytes flat 三变体→非带宽争用·是 spill/stall(L1 栈往返)·NEW-vs-OLD(both clang·交织·同 load)=干净结构信号→回归=结构非污染。★M* 实测=ggml 自有 gemv↔gemm dispatch M=1↔M≥2(P3 selector 键控 ggml 形状 nr/M·非硬编码 if(M==1)·分流本身正确但被路由 GEVM plan 需重设计)。★★framing: P1 构造(byte-exact·mechanized·[K-10] 结构级 novelty·plan 库 extensibility DEMONSTRATED)仍成立·P2=首版结构假设 board-falsified(同 M7 W4/re-roll trap measured-negative 家族·design-space 边界)·redesign 方向=TG=1(不加宽 bank·软件流水+深 prefetch·减 per-iter live set) 或攻'削 M=1 重建指令'(qh+超块 scale·非加宽 bank·bank 假设已证伪)。q4_K@rvv decode 仍 LOSS 不转正·colgroup-tiled TG=2 不得部署。restore md5 双证 clean(05a62e6a·NO git)。,misselection→board-falsified(register-pressure trap·[GAP-P1] 家族·TG=2 bank 加宽在 M=1 memory-latency-bound 反噬·spill 53×·structural regression 非布局非污染),experiments/active/g7-l1-gevm/P2-board-verify/evidence.md + raw/{pertoken_twopoint.txt·results.txt·new_gevmct.dis·old_gevm.dis·seal_gevmct.dis},[GAP-P1]-register-pressure-trap(GEVM colgroup TG=2 M=1·spill 53×) + GEVM-plan-P2-board-falsified(bank 假设证伪·redesign=TG1/削重建指令),NEGATIVE-BOARD-FALSIFIED(P2 成功信号未兑现·TG=2 结构回归·P1 构造 novelty 仍立·redesign 待·q4_K@rvv decode LOSS 不转正),experiments/active/g7-l1-gevm/P2-board-verify/evidence.md + schema/pattern-registry.v1.json PAT-2-P9(P2 NEGATIVE),裁-G7-L1-P2-GEVM-板IPC验证-NEGATIVE-2026-07-13(67d49316)
G7-重编令-〇-排险-GEVM-TG2-未在生产路由-SAFE-2026-07-13,C(排险·生产路由核实·SAFE·非 win/loss·[GOV-9] 重编令〇),n_a(排险·selector 路由状态核实),SAFE-未路由(TG=2 GEVM plan 未入生产候选集·front-door 不创建 op·q4_K@rvv decode 生产不受影响·无回归),GEVM Plan 首版 TG=2 生产路由核实=未路由(front-door 不产 colgroup-tiled op·仅 lit+board-patch)·无需下架无回归事故,[裁 G7 重编令〇 排险·SAFE] GEMV Plan 首版(TG=2·P2 board-falsified 67d49316)生产路由状态核实: emitTypedRepackGemvColgroupTiledLoopBody(RVVToEmitC.cpp:628 lowering dispatch表 + 7112 emitter body)是 **lowering(consume-if-present·op 缺则 notifyMatchFailure 落其他路径)**·**全 lib grep 无 route-provider/protocol/realizer 创建 ColgroupTiled op**(仅 lowering dispatch + emitter consume 7116 + verifier RVVDialectWideningOps:13171 + lit hand-written rvv-to-emitc-repack-gevm-colgroup-tiled-q4-K-q8-K.mlir)。★裁决=**未路由**(front-door 不创建该 op·selector 从不选它·它仅经 lit hand-written + P2 board-patch swap-only 存在)→ q4_K@rvv decode 生产=front-door 实际路径(DECLINE repack GEVM→block-dot/OLD per-column·仍基线 0.50×·未受 TG=2 污染)→ **无回归事故·无需下架**。归 §〇「未路由」分支: 劣变体隔离于 lit+board-patch·未入生产·P1 结构成果保留 plan 库(byte-exact·[K-10]·[PAT-2] P9 mechanized)。★正面素材(T4a-adjacent): board-falsified 变体天然隔离于生产(dispatch-on-op 架构·op 不被 front-door 创建则不 lower)·符合 G6-B P3 前例(实验撤销·casefile 保留·此处更强=从未 ship)。,n_a(排险·未路由·无 triage·SAFE·dispatch-on-op 架构天然隔离 board-falsified 变体),lib/Conversion/RVV/RVVToEmitC.cpp:628/1702 + RVVToEmitCBlockQuantLinear.cpp:7112-7124(notifyMatchFailure if op missing) + grep 无 route-provider create,GEVM-TG2-未在生产路由-SAFE(dispatch-on-op 隔离·未污染生产 selector),SAFE-NO-REGRESSION(TG=2 未路由·q4_K@rvv decode 生产仍基线·P1 plan 库保留·无需下架),lib/Conversion/RVV/RVVToEmitC.cpp + RVVToEmitCBlockQuantLinear.cpp:7112,裁-G7-重编令-〇-排险-SAFE-2026-07-13
五-Win-K1-VLEN-对手复核-hand-brick-维持-b29c269c-scope-收窄-2026-07-13,S(成色复核·sealed Win 对手确认·b29c269c scope 收窄·[GOV-9] 五.3),factory-repack(真 hand-brick·sealed vl=16 核 vs / kernel-sym vl=8 核 vs 分立),★分轴修正: kernel-sym(micro·vl=8) 0 verified hand-brick / perf-covered+sealed(e2e·vl=16) 1=Win-K1-VLEN 1.085×,Win-K1-VLEN 对手=hand-brick 维持 sealed·b29c269c scope 收窄=vl=8 kernel-sym(测错核·外推 sealed 倒 撤回),[裁 G7 重编令五.3·Win-K1-VLEN 对手复核·维持 sealed] 板 objdump 双证: sealed Win-K1-VLEN 核=s6_q4K_vl16_sealed.c md5 e437fd3b vwmacc 1120(vl=16 满宽) ≠ b29c269c 证伪核=s6_q4K.c md5 90d454da vwmacc 2240(vl=8 半宽·kernel-sym t4a)。b29c269c 的 0.622× LOSS 是 **vl=8 核 vs 真 16x1**(正确证伪 kernel-sym 3.106× 的对手类=block-dot)·**但从未测过 sealed vl=16 核**。sealed 台架 bench_vl16.sh 头条对手 Cbrick=TCRV_Q4K_HANDBRICK='hand-written q4_K repack brick vl=16'(非 block-dot·block-dot 是分开 Boff 慢 2.7×)·e2e A_vl16 15.656 > Cbrick 14.453(hand-brick) ≈ Bstock 14.454(真 as-shipped·nm 证 ggml_gemm_q4_K_16x1_q8_K 字节等 0x9d6) → **sealed vl=16 e2e 击败真 hand-brick 1.085×/1.0876× byte-exact CI>1 = verified e2e hand-brick win**·memory [[sealed-win-1]] 本记'1.085× vs 真出货 hand-brick'(我 b29c269c 时与之矛盾未察)。★裁决=**维持 sealed·不改判 block-dot**(令五.3 若真 hand-brick→维持·pre-authorized)。★**分轴订正**: kernel-sym(micro 轴) 0 verified hand-brick(vl=8 正确) / perf-covered+sealed(e2e 轴) **1 verified e2e hand-brick win=Win-K1-VLEN**(vl=16 勉强 1.085×·micro 未直测·投影~1.2×)→ 我 earlier '两轴 0 verified hand-brick' 是 **b29c269c 测错核过度外推·须收窄'micro 轴 0·e2e 轴 1'**。★b29c269c 功过分开: 功=修正 vl=8 kernel-sym 对手类(block-dot 正确) / 过=外推成 sealed 倒(测错核·撤回)。q4_K@k1 双核分立·挂 [GAP-Q4K-HANDBRICK](vl=8 vs 16x1 输·联动 [GAP-EMIT-KNEST])。G 待办: vl=16 核 vs 16x1 kernel-axis micro 直测(决定 sealed 双轴 or e2e-only)。,n_a(成色复核·scope 收窄·维持 sealed·[SEL-1] hand-brick 对手确认·非 triage),experiments/active/visibility/2026-07-13-G7-成色重述-追认.md + sealed Win-K1-VLEN bench_vl16.sh + objdump(e437fd3b vl=16 / 90d454da vl=8),Win-K1-VLEN-verified-e2e-hand-brick-win(vl=16 1.085×·维持) + b29c269c-scope-收窄=vl=8 + [GAP-Q4K-HANDBRICK](双核分立),MAINTAINED-SCOPE-CORRECTED(sealed 维持·b29c269c scope=vl=8·分轴 micro 0/e2e 1·vl=16 micro 待补 G),experiments/active/visibility/2026-07-13-G7-成色重述-追认.md + .trellis/spec/architecture/core-invariants.md [VERIFY-LADDER] 双核分立限定,裁-五-Win-K1-VLEN-复核-维持-b29c269c-scope-收窄-2026-07-13(27658b8a)
G7-L2-GEVM-重设计-G1-静态账-q4_K-重建count-打回-2026-07-14,C(重设计 G1 静态门·q4_K 重建-count 打回·SOP 生效·非 win/loss),n_a(G1 静态账·打回·未上板·SOP 省板时),PUSHED-BACK(register-pressure 修[TG=1 spill-free] 但 instruction-count NOT MET[1.12-1.14×]+zvbb 舰队缺席 0-yield),GEVM 重设计 q4_K 重建-count thesis G1 打回·削重建指令真靶=qh-plane 格·q4_K=latency-hiding·zvbb 舰队缺席,[裁 G7 重编令 L2 GEVM 重设计·G1 静态账·d0826caa·SOP-gated 打回] 分裂门: ① register-pressure 子门 ✅ 修(TG=2→TG=1 复原 OLD 轮廓·spill-free·板 clang-18 vs TG=2 的 534·P2 killer 修) ② instruction-count 子门 ❌ NOT MET(q4_K OLD/TG1 5.86G/tok vs stock 5.14G=1.12-1.14×·无 board-available 杠杆闭合)。★zvbb P8 三问 NO(决定性): 两板 isa 均无向量 zvbb(舰队缺席·zvbb 内核板上 illegal)·q4_K 6-bit scale lift baseline 已 u8 域单次共享 widen·zvbb 净0·重建-amenable 仅 80/1714=4.7%→[X-ZVBB]=capability-fact 舰队缺席·P8 registered-but-not-board-selectable·不作 G7 杠杆·硅[远期]。★★方法学新发现(入 [VERIFY-LADDER] 精化): (1) [CASE-COMPILER-ASYMMETRY] 扩展 G1 静态 spill 轴(同 OLD 核·板 clang-18=10 spill vs 本地 clang-20=527·~50×→绝对 spill 须部署编译器测·本地仅同编译器相对排序) (2) instruction-count 子门对 memory-latency-bound decode 是错判别键(M=1 停顿型 IPC 崩·latency-hiding prefetch +指令但助·会被误拒·register-budget-fit+G2 IPC 才对) (3) q4_K M=1 损=停顿型(非指令爆)·对症=latency-hiding·削重建指令 thesis 真靶=qh-plane 格(q5_0/q5_1/q5_K·+43~62% 重建 headroom·q4_K 无 qh)。★SOP 生效实证: G1 静态门零板时拦下 q4_K 重建-count(省板时·同 P2 的 register-pressure 本可 G1 拦)。下一步(三选·主会话裁): ① retarget 削重建指令→qh-plane 格(clearly-correct·无门豁免需) ② q4_K latency-hiding(灰区·instruction-count 子门豁免·已入 [VERIFY-LADDER] G1 精化② regime-keyed) ③ zvbb [远期]。[PAT-2] P9 mechanism 精化=register-budget-fit 列组+latency-hiding/削重建指令(regime-keyed)·非字节最少化。zero tracked 改动(TG=1 由 lit attr)。,missing_pattern(削重建指令真靶 qh-plane 非 q4_K·q4_K=latency-hiding·zvbb 舰队缺席·register-budget-fit board-proven),experiments/active/g7-l2-gevm-redesign/G1-static/evidence.md + raw/(静态账 .s·board isa 证据 zvbb 缺席),[X-ZVBB]-舰队缺席(两板无向量 zvbb·capability-fact) + [VERIFY-LADDER]-G1-精化(compiler-asymmetry spill + instruction-count regime-keyed) + GEVM-重设计-retarget-qh-plane,PUSHED-BACK-SOP-VALIDATED(q4_K 重建-count G1 打回·register-fit 修·retarget qh-plane·G1 静态门省板时),experiments/active/g7-l2-gevm-redesign/G1-static/evidence.md + .trellis/spec/architecture/core-invariants.md [VERIFY-LADDER] G1 精化,裁-G7-L2-GEVM-重设计-G1-打回-2026-07-14(d0826caa)
G-决胜局-sealed-vl16-双轴-verified-hand-brick-win-2026-07-14,S(成色收官·sealed kernel-axis 补测·双轴裁决·五复核 G 待办 RESOLVED),factory-repack(真 16x1 hand-brick ggml_gemm_q4_K_16x1_q8_K·k1 真出货 case256),★DUAL-AXIS WIN(sealed vl=16 vs 真 hand-brick·kernel-axis median 1.197× 12测全>parity + e2e 1.085×),sealed Win-K1-VLEN vl=16 = 首个双轴 verified hand-brick win·判别键=核形态(tiled/满宽 vs full-unroll)非 board/VLEN,"[裁 G7 G 决胜局·五复核 vl=16 kernel-axis 待补测 RESOLVED] sealed Win-K1-VLEN vl=16 核(s6_q4K_vl16_sealed.c md5 e437fd3b·板验)vs 真 16x1 hand-brick(ggml_gemm_q4_K_16x1_q8_K·机判 0xabe58 T)·复用 q4k_handbrick_driver.c 换 vl=16·对称 clang-18: **12 测(HOT∧COLD×O2∧O3×3seed)全 [1.1928,1.2017]·median 1.197×·mean 1.197×·全>parity(sign-test p=2^-12)**·ours 7.15 vs 16x1 5.98 GMAC/s·correctness bounded-ULP(nbad 0-1/32768 benign)。★objdump 机制: vl=16=spill 2-3/vwmacc 1120/text 12.8KB = **vl=8 核的一半**(spill 4/2240/25KB)·vl=16 吃满 VLEN256 宽=hand-brick 同策略→**正是 vl=16 赢而 vl=8 输 0.622× 的原因**。★★VERDICT=**双轴 verified hand-brick win**(kernel 1.197× + e2e 1.085×/1.0876×)·Win-K1-VLEN=**首个双轴 verified hand-brick win**·投影~1.2× 命中。★分轴最终定格: **kernel-sym 计数-9(vl=8 核) = 0 verified hand-brick / Win-K1-VLEN sealed(vl=16 核) = 双轴 1**·双核分立立([VERIFY-LADDER] line 129)。★**判别键=核形态(S6-tiled/vl=16 满宽 fit 32-vreg 预算 vs vl=8/full-unroll spill)·非 board/VLEN**=register-budget-fit 律又一实证(vl=16 spill 2-3 vs vl=8 spill 4·满宽核天然 register-fit)。附: q2_K/q3_K/q6_K@k1 全 <parity(0.60/0.34/0.30×·full-unroll spill 627/1058/971·VLEN256 不救·同律)·K-quant@k1 5/5 全扫·计数 9 不变。",n_a(成色补测·双轴裁决·register-budget-fit 律实证·非 triage),experiments/active/g7-l1-kernelsym-fullfill/k1-batch/evidence.md + q4k_handbrick_driver.c(vl=16 swap) + objdump(e437fd3b spill 2-3/vwmacc 1120),Win-K1-VLEN-双轴-verified-hand-brick-win(kernel 1.197×+e2e 1.085×) + 判别键-核形态-非-board-VLEN + register-budget-fit 律实证,RESOLVED-DUAL-AXIS(G 待办 closed·sealed 双轴 verified hand-brick win·kernel-sym 计数 9 不变·分轴最终定格),experiments/active/g7-l1-kernelsym-fullfill/k1-batch/evidence.md + T9 §1.1,裁-G-决胜局-sealed-vl16-双轴-2026-07-14(7d57a571)
G7-L2-GEVM-qh-plane-REDESIGN-B-G2-board-validated-2026-07-14,A(kernel-axis decode-GEVM M=1 micro·REDESIGN-B 削重建·结构 plan board-validated),factory-block-dot(stock ggml_vec_dot_q5_0_q8_0·机判 canonical block-dot·非 hand-brick) + internal-OLD(per-lane expand·同发射器前版),★WIN kernel-axis ≥parity 决定性(NEW vs stock 2.2-2.5× / NEW vs OLD 1.44-1.67×·墙钟·rvv VLEN128),REDESIGN-B = P2 TG=2 board-falsified 之后的 board-validated redesign·首个 board-validated GEVM 结构 redesign,[裁 G7 L2·REDESIGN-B G1(92c3968d)+G2(40c21de0)] q5_0/q5_1 GEVM leaf 削重建重设计: vlm_v_b16+vmnand+vsub_vx_i8_mu(q5_0)/vadd_vx_u8_mu(q5_1 raw mask) 4-op 替 OLD per-lane 展开链(splat/vid/vsrl_vv/vand/vsll/vncvt/vor)·移植 stock native-mask 技巧进 transposed-qh 布局·hasQh-guarded(q4_K hasQh=false 跳过·Win-K1-VLEN 保全·sealed GEMM leaf emitRepackGemmQ4LaneWiseIntegerCore 零 diff·nibble+vwmacc 序未改)。★三门全绿: ①隔离守住 ②byte-exact 硬门 GREEN(Conversion/RVV lit 242/242·板 oracle 0 mismatch/256000 f32·代数 q5_0/q5_1 各 0/32) ③G2 cold decode-GEVM M=1 micro(rvv 墙钟·rdcycle SIGILL 本板→CLOCK_MONOTONIC): NEW vs stock 2.23×/2.35×/2.40×/2.51×(4096²/1024×4096/512²/256²)·NEW vs OLD(decode 净·同足迹·同 constant-vl)1.44-1.67×·vsetvli 静态 NEW 7/OLD 14/STOCK 10。★★门 ≥parity 决定性达标·retarget thesis board-validated(P2 TG=2 加宽 bank M=1 spill 53× 反噬 board-falsified → REDESIGN-B TG=1 削重建 board-validated·q5_0 计算型真省周期传导墙钟 vs q4_K 停顿型 0-yield)。★诚实分账: 2.2× vs stock 主由 repack-GEVM 内存局部性(stock per-row 重读 act 29.4MB vs 12.6MB·路径赢·OLD 也有 1.2-1.7×)非 vset artifact·REDESIGN-B 削重建专属净贡献=NEW-vs-OLD 1.44-1.67×(两侧同 constant-vl·vset 非变量·真省周期)。★kernel-axis≠e2e 系统账 禁互推(e2e 传导冒烟 ac42e2f0 在飞)。★★板编译器纠偏: 本 rvv 板出货 gcc-12.3.1(无 riscv_vector.h·gcc 无法 build RVV ggml)+clang-17·RVV 部署编译器=clang-17(非 CLAUDE.md/[CASE-COMPILER-ASYMMETRY] canon 假设的 gcc-15)·G2 三方同 clang-17 对称·**与本会话他线(a8ed3a09/abb26043/FLAT@rvv)gcc-15.2 对称 记录冲突·待复核 canon [CASE-COMPILER-ASYMMETRY] 的 rvv=gcc-15 条款是否 STALE**。,n_a(结构 plan board-validation + retarget thesis 兑现·非 triage·诚实分账已注),experiments/active/g7-l2-gevm-redesign/qh-plane-G2/evidence.md + raw/(new/old/stock kernel .cpp·q5_0_gevm_NEW.emitc.c·vsetvli NEW7/OLD14/STOCK10) + git 40c21de0 diff(全 hunk 在 GEVM leaf 1651-1913·sealed 769 零 diff),REDESIGN-B-board-validated(首个 board-validated GEVM 结构 redesign) + retarget-thesis-board-validated(q5_0 计算型 vs q4_K 停顿型) + register-budget-fit-律(TG=1 fit vs TG=2 spill) + 板编译器纠偏-clang-17(rvv 部署·待复核 gcc-15 canon),G2-PASS-board-validated(e2e decode 传导冒烟 ac42e2f0 在飞·测 q5_0@rvv both-phase 绿候选),experiments/active/g7-l2-gevm-redesign/qh-plane-G2/evidence.md + docs/ROADMAP.md G7 进度 + git 40c21de0,裁-G7-L2-REDESIGN-B-G2-board-validated-2026-07-14(G1 92c3968d→G2 40c21de0)
G7-L2-REDESIGN-B-e2e-decode-传导冒烟-q5_0-rvv-2026-07-14,A(kernel-axis→e2e 传导测·[CASE-MICRO-E2E] 边界·非独立 win 类),e2e-factory(stock ggml q5_0 block-dot·deploy gcc-15.2·符号机判) + internal-OLD(per-lane expand 部署二进制),★部分传导·NO green flip: prefill 绿 INTACT NEW/stock 1.21× · decode NEW/stock 0.929×(<parity) · decode NEW/OLD 1.11×(REDESIGN-B 削重建 e2e 净改善),e2e 传导冒烟 = G2 kernel-axis win 的 e2e 传导验证(单格冒烟·L1 期间允许例外)·非新 win 类目,[裁 G7 L2·e2e 传导冒烟 40521445] q5_0@rvv 完整 6/6 side 3-variant(NEW REDESIGN-B / OLD per-lane / stock block-dot)·rvv VLEN128·deploy_cc gcc-15.2·8-thread disjoint-pin·PP=128 TG=32 REPS=6 PASSES=2。**系统账 e2e**: prefill NEW 4.081/OLD 4.075/stock 3.374→NEW/stock 1.210×(绿 INTACT·REDESIGN-B decode-only 不动 GEMM)·NEW/OLD 1.001×(prefill 恒等=隔离实证)。decode NEW 1.594/OLD 1.437/stock 1.715→**NEW/stock 0.929×(<parity·NO green flip)**·**NEW/OLD 1.109×(REDESIGN-B 削重建 e2e decode 净改善 ~11%)**·OLD/stock 0.838×(已知 q5_0 decode regression)。★★[CASE-MICRO-E2E] 边界实证: G2 kernel-axis decode-GEVM micro 1.44-1.67×(vs OLD)→e2e decode 稀释到 1.11×(vs OLD)·削重建净贡献真传导但被 memory-bound e2e decode 稀释(q5_0 GEVM 仅占 decode 一部分·KV/attention/其余层 memory 主导)·传导真实但不足翻越 stock block-dot decode 基线(repack-GEVM decode @memory-bound e2e 天然慢于 block-dot·削重建缩小未消除)。★COHERENCE GREEN(5/5 byte-identical·NaN/Inf 0)·routing deployed==proven(符号层 NEW 88 v-insn REDESIGN-B native-mask 签名 vlm.v/vmnot.m/v0.t vs OLD 105 per-lane 展开链 −16% + 运行时 ENGAGE banner NEW 49/OFF 0 hits)·decode 真调我方 GEVM 非空头传导。★★板编译器 flag RESOLVED: e2e ENV deploy_cc=gcc(GCC)15.2.0→RVV 部署 ggml=gcc-15.2·**canon [CASE-COMPILER-ASYMMETRY] rvv=gcc-15 CONFIRMED 非 STALE**(G2 报 clang-17=板默认 gcc-12.3.1 无 riscv_vector.h partial view·部署走 env gcc-15.2·G2 kernel-axis clang-17 域 symmetric 有效·e2e gcc-15.2 域=部署真相)。诚实定性: REDESIGN-B=真 kernel-axis win + 结构 redesign board-validated + e2e 部分传导·但非 e2e 系统账 win 非 both-phase 绿·structural/kernel-axis perf 立·e2e decode 传导受 memory-wall 限=C3′ 边界素材非失败。,n_a([CASE-MICRO-E2E] 传导边界·非 triage·perf-covered 不动 9/83),experiments/active/g7-l2-gevm-redesign/qh-plane-e2e-smoke/evidence.md + raw/measure_3variant.out(609 lines·6/6 side)+objdump_gevm_NEW.txt(REDESIGN-B 签名) + git 40521445,[CASE-MICRO-E2E]-削重建-partial-transduction(kernel 1.44-1.67×→e2e 1.11× vs OLD) + 板编译器-flag-RESOLVED(rvv=gcc-15.2 canon confirmed) + prefill-绿-INTACT-decode-NO-green-flip,DONE-partial-transduction(perf-covered 不动 9/83·q5_0@rvv 维持 prefill-only 绿·结构 novelty+kernel-axis perf 立·e2e 受 memory-wall),experiments/active/g7-l2-gevm-redesign/qh-plane-e2e-smoke/evidence.md §5 + docs/ROADMAP.md G7 进度 + git 40521445,裁-G7-L2-e2e-传导冒烟-partial-transduction-2026-07-14(40521445)
北极星①-q5_K-KNEST-GEVM-结构设计-G1-分裂裁决-2026-07-14,A(结构级 KNEST plan·[K-10] 结构级·G1 静态账·design+hand-construct·无板),factory-block-dot(stock ggml_vec_dot_q5_K_q8_K·quants.c:2081·130 v-insn/output·6-bit scale 标量+qh native-mask) + internal-CURRENT(emitRepackKQuantGemvBodyQ5K·qh OLD per-lane 展开),★分裂: byte-exact PASS(0/32) ∧ register-budget-fit PASS(0 spill·TG=1) ∧ 削重建兑现(qh-recon −22.6%/total −10.3%) BUT instruction-count NOT MET(3.76× stock·结构性不可达)→G2 perf 资格打回·结构级 C1 改良立·perf 打回,q5_K KNEST = 第一个真落地的 KNEST plan 设计(修 [GAP-EMIT-KNEST] 一半)·解 T-PILLARS 延迟检验点=柱一部分证伪坐实(结构对齐造得出不自动转赢),[裁 北极星①·q5_K KNEST G1 7a45a2fe] q5_K GEVM 结构设计+G1 静态账(纯本地 hand-construct·gcc-15.2 部署域·无板·无 tracked 源码改动·RVVToEmitC* read-only)。**① 结构分析**: q5_K=K-quant super-block(256 elem)·两层重建=super-block 6-bit scale/min(kmask 位打包·stock 走标量 0 v-insn)+ qh 5th-bit plane(byte 内 8 bit=8 sub-block)。★**热点反直觉**: qh 5th-bit recon ≈3968 v-insn=total 45% 压倒性主热点·super-block scale unpack 次要。现行我方 GEVM(emitRepackKQuantGemvBodyQ5K:8517-9080·qh-recon site 8976-8987)qh 走 OLD per-lane vsrl+vand+vsll+vor 展开(7-8 op/elem-step)未共享 q5_0 REDESIGN-B=**[GAP-EMIT-KNEST] 坐实**。**② [K-10] 三问 YES/YES/YES**=结构级独立 KNEST plan(迭代拓扑变四层嵌套+并行 min-fold·布局契约变 6-bit packed+qh sub-block-bit+bsums·优化目标变双热点+register binding)·非 q5_0 qh-leaf 参数化(qh 子技术可参数复用·envelope 是新 plan)。**③ KNEST 设计**: qh 用 vand(1<<bit)+vmsne+vadd_mu(+16) 6-op(撤 vsll/vor 链)·TG=1 不加宽 bank(P2 反噬明文拒)·register-budget-fit PASS(现行 0 向量 spill·KNEST 削 4 中间量→2 mask 更省)。**④ G1 静态账(gcc-15.2)**: byte-exact 0/32(stock==current==KNEST)·rolled cur 183→knest 165 v-insn(−9.8%·0 spill)·per-super-block qh-recon 3968→3072(−22.6%)·total 8714→7818(−10.3%)·per-output vs stock: current 4.19×→KNEST 3.76× stock。**⑤ G1 裁决=分裂**: byte-exact PASS·register-budget-fit PASS·削重建兑现(−22.6%)·**但 instruction-count ≤1.10× vs stock NOT MET(~3.76×·结构性不可达)**=q5_K M=1 GEVM element-wise broadcast·赢点在 memory-locality 非 instruction-count([CASE-MICRO-E2E])→**G2 perf 资格打回**([VERIFY-LADDER] 双子门须皆过)。★具名新 gap [GAP-EMIT-KNEST-QH-SUBBLOCK-PACK]: q5_0 vlm direct-mask 白嫖被 q5_K sub-block-bit-packed qh 布局阻断(byte 装 8 sub-block bit·不可 vlm 直装单 sub-block mask)·恢复需 re-transpose qh repack 布局=更深结构 plan(G1 scope 外·[远期])。★诚实定性: KNEST=合法结构级 C1 改良(plan 库 extensibility 再证·byte-exact·预算合规)·perf 打回=C3′ 边界素材(能力键控削重建在 K-quant super-block M=1 GEVM 的适用边界·同 [CASE-MICRO-E2E]/register-budget-fit 三级律)。解 T-PILLARS KNEST 延迟检验点=柱一部分证伪坐实(结构对齐造得出∧不自动转赢)。,n_a(结构级 C1 设计+G1 静态账·byte-exact 硬门过·perf G1 打回·非 triage·诚实负结果),experiments/active/g7-l2-gevm-redesign/q5k-knest-G1/evidence.md + raw/(stock/variants/CURRENT.emitc .c+.s·byteexact_model.c·metrics_summary.txt) + RVVToEmitCBlockQuantLinear.cpp:8976-8987([GAP-EMIT-KNEST] site·read-only),q5_K-KNEST-结构级-C1-plan(修 [GAP-EMIT-KNEST] 一半·byte-exact·register-budget-fit) + [GAP-EMIT-KNEST-QH-SUBBLOCK-PACK](新结构 gap·vlm 杠杆被 sub-block-pack 阻断·[远期]) + 柱一部分证伪坐实(结构对齐造得出不自动转赢) + [K-10] 结构级判定 clean 应用,G1-分裂(byte-exact+register-budget-fit PASS·perf instruction-count 打回·结构 C1 立·G2 perf 资格无·[远期] re-transpose plan 才可能),experiments/active/g7-l2-gevm-redesign/q5k-knest-G1/evidence.md + T-PILLARS 延迟检验点 RESOLVED + git 7a45a2fe,裁-北极星①-q5_K-KNEST-G1-分裂-2026-07-14(7a45a2fe)
北极星①-q2q3q6_K-KNEST-家族完成-G1-K-quant-GEVM-plan库-C1-完成-2026-07-14,A(结构级家族完成·[K-10] 组合式 extensibility·G1 静态账·design+survey·无板),"factory-block-dot(stock ggml_vec_dot_q{2,3,6}_K_q8_K·quants.c) + internal-CURRENT(emitRepackKQuantGevm* leaves)",★C1 完成✅(5/5 K-quant GEVM 覆盖·byte-exact)·C3′ 边界✅ 家族一致无反例(instruction-count 结构限全 NOT MET)·perf G2 资格家族全打回·q3_K 削重建靶 rolled −43.7% 兑现(emitter deferred),K-quant GEVM plan库 C1 完成陈述·组合式 extensibility(非 5 正交 plan)·解 T-PILLARS KNEST 延迟检验家族级,"[裁 北极星①·q2/q3/q6_K KNEST 家族完成 G1 05f96739] 纯本地 G1 静态账(gcc-15.2 部署域·无板·无 tracked 源码改动·RVVToEmitC* read-only)。★**A-priori 框架反转(正结果)**: q5_K native-mask 削重建靶实落 **q3_K(hmask=3rd-bit 单-bit plane·stock 用同 q5_K qh native-mask 技巧)**·**非 q6_K(qh=2-bit field·shift+or·native-mask 不适用)**→深做改投 q3_K。**① 结构**: q2_K(MIN-bearing{q2,q4,q5}·无 plane·vand+vsrl 2-bit unpack 已最优·靶=无)·q3_K(NO-MIN{q3,q6}·hmask 单-bit·OLD-style vand+vsll+vor+vsub 4op·**靶=有 q5_K 同类**)·q6_K(NO-MIN·qh 2-bit field·vsll+vand+vor required 匹配 stock·靶=无)·三格 #1 成本=vsetvli 税 25-30%(q2 861/q3 2675/q6 1931)压倒 recon+productive。**② [K-10] 三问**: q2_K 参数级(复用 q4_K MIN-bearing plan)·q3_K 混合(参数级 envelope+复用 native-mask KNEST 元件)·q6_K 参数级(vs q3_K 仅 plane 宽度异)→**家族判定=三格皆非 q5_K-式独立结构 plan·plan 库真实结构=2 envelope 结构级 plan × format-keyed decode-leaf + 1 可复用 native-mask 单-bit-plane 削重建 KNEST 元件(q5_K∧q3_K)=组合式 extensibility(比 5 正交 plan 诚实且更强)**。**③ G1 静态账**: byte-exact q3_K native-mask≡OLD≡stock 0/8 PASS(be_q3k 穷举)·q2/q6 by-construction·instruction-count per-output vs stock q2 1.62×/q3 4.77×/q6 4.92×(anchor q5_K 3.76×)全 NOT MET ≤1.10×。★**register-budget-fit 精度修正**: 部署 emitc 全有向量栈流量=vs*r.v store 143/174/137·vl*r.v reload=0=per-element-broadcast 把 full-unroll 16-col 解码 tile round-trip 过栈 scratch(**tile-materialization stores·非经典 RA spill/reload 对·≠q5_K 零栈流量**)·rolled strip 重构消除(q3_K rolled=0 vs*r.v/13-14 vreg)→部署 FAIL·rolled-redesign PASS 可达。q3_K 削重建兑现 rolled: cur 103→knest 58 v-insn(−43.7%)·recon-arith 24→8(−66.7%)·双零栈流量。q6_K 负结果: 2-mask 分解 7op>stock shift-or 3op=native-mask WORSE 具名。**④ 家族裁决**: C1 完成✅=5/5 K-quant GEVM leaf+byte-exact-by-construction·C3′ 边界✅ 家族一致无反例=K-quant M=1 GEVM instruction-count 结构限不因格式(2/3/4/5/6-bit·min/no-min·有/无 plane)而变·q2_K 1.62× 家族最近仍不达=坐实结构限非个别实现差。诚实前提坐实=结构 C1 完成+家族级 perf 边界确认·非 perf green·G2 资格家族全打回。scope: q3_K G1 完整/q2_K+q6_K 结构+[K-10]+G1 静态账完整(headroom 负结果量化·无 rolled-variant)。",n_a(结构级家族完成 C1+G1 静态账·byte-exact 硬门过·perf G2 家族打回·非 triage·诚实负结果+A-priori 反转正结果),experiments/active/g7-l2-gevm-redesign/kquant-family-knest-G1/evidence.md + raw/metrics_summary.txt + RVVToEmitCBlockQuantLinear.cpp(q2/q3/q6_K GEVM leaf·read-only),K-quant-GEVM-plan库-C1-完成(5/5 覆盖·组合式 extensibility=2 envelope×format-leaf+native-mask 元件) + C3′-家族级-instruction-count-结构限(无反例) + [GAP-EMIT-KNEST-Q3K-HMASK] + [GAP-EMIT-VSETVL-TAX](家族级) + [GAP-EMIT-KQUANT-GEVM-TILE-ROUNDTRIP]([CASE-MICRO-E2E] kernel 侧) + native-mask 削重建边界(仅单-bit-plane·[PAT-1] 适用边界) + tile-materialization-stores≠spill 精度修正,C1-完成-家族边界确认(5/5 覆盖·组合式 extensibility·perf G2 家族全打回·结构限家族一致·q3_K native-mask emitter 实装 deferred·[远期]),experiments/active/g7-l2-gevm-redesign/kquant-family-knest-G1/evidence.md + T-PILLARS + git 05f96739,裁-北极星①-K-quant-GEVM-plan库-C1-完成-2026-07-14(05f96739)
北极星①-q3_K-native-mask-KNEST-decode-leaf-DEPLOYED-2026-07-14,A(kernel-axis C1 maturity artifact·native-mask 元件部署·byte-exact·emitter 实装),internal-OLD(q3_K GEVM per-lane vsll/vor/vsub 展开·同发射器前版) + factory-block-dot(stock q3_K reference),★[GAP-EMIT-KNEST-Q3K-HMASK] RESOLVED·组合式 extensibility REALIZED(native-mask 元件跨 q5_0/q5_1/q3_K byte-exact·designed→deployed)·objdump −19.5% v-insn·NOT perf-covered(kernel-axis C1 maturity·非 green),q3_K native-mask 部署 = 组合式 extensibility 从 designed→deployed·native-mask KNEST 元件真跨 3 格复用,"[裁 北极星①·q3_K native-mask deploy df7dae7d] native-mask 削重建元件部署到 q3_K GEVM leaf(emitRepackKQuantGemvBodyQ3K·q3_K-specific 非 shared)·撤 OLD vsll/vor/vsub per-lane 展开→vmseq(vand(hm,1<<p),0)+vadd_vx_i8mf2_mu(mask,base,base,-4)=high-bit select+−4 bias 融一 masked op(同 q5_0/q5_1 REDESIGN-B native-mask 技巧·copy-then-adapt)。★byte-exact 硬门 GREEN: be_q3k 代数 0/8(NATIVE≡OLD≡stock)·Conversion/RVV lit 242/242 零回归·source 1024 vmseq+1024 masked vadd·zero vsll/vor/vsub。★隔离守住: hunk 全在 q3_K GEVM leaf(16843-16927)·sealed GEMM leaf(769)/q5_0-q5_1 REDESIGN-B(1506)/q2-q4-q5-q6_K leaves 零 diff。objdump(gcc-15.2 VLEN128): total 8846→7125(−19.5%)·vsll/vor 512/512→0/0 RETIRED·vsetvli 2675→2183(−18.4%)·stack stores 174→153(tile-materialization·非全消·rolled 正交)。★★组合式 extensibility DEPLOYED: native-mask 单-bit-plane 削重建元件现真跨 q5_0/q5_1/q3_K 三格 byte-exact 复用(C1 capability-keyed reuse 从 designed→deployed=emitter maturity)。★诚实定性: kernel-axis C1 maturity artifact·NOT perf-covered/green(q3_K M=1 GEVM instruction-count 结构限 4.77× unchanged·−19.5% 未近 ≤1.10% perf 子门·[CASE-MICRO-E2E])·rolled register-budget redesign deferred([GAP-EMIT-KQUANT-GEVM-TILE-ROUNDTRIP] 正交·−19.5% deployed vs −43.7% isolated-strip gap=fixed vsetvli/loop overhead)。价值=emitter maturity 非 perf 数字。",n_a(kernel-axis C1 maturity 部署·byte-exact 硬门过·gap 修复·非 triage·非 perf),experiments/active/g7-l2-gevm-redesign/q3k-native-mask-deploy/evidence.md + raw/(q3k_gevm_NATIVE.emitc.c·asm·reproduce) + git df7dae7d(RVVToEmitCBlockQuantLinear.cpp:16843-16927 + 2 lit),[GAP-EMIT-KNEST-Q3K-HMASK]-RESOLVED + 组合式-extensibility-DEPLOYED(native-mask 元件跨 q5_0/q5_1/q3_K byte-exact·designed→deployed) + emitter-maturity(−19.5% v-insn·vsll/vor RETIRED),DEPLOYED-byte-exact(kernel-axis C1 maturity·gap resolved·组合式 extensibility realized·非 perf green·rolled 正交 deferred),experiments/active/g7-l2-gevm-redesign/q3k-native-mask-deploy/evidence.md + git df7dae7d,裁-北极星①-q3_K-native-mask-DEPLOYED-2026-07-14(df7dae7d)
G7-perf-ceiling-prefill-emitter-quality-天花板-CONFIRMED-2026-07-14,A(perf-covered 天花板战略调查·prefill emitter-quality 轴·read-only+G1·无板),factory-block-dot(stock q2/q3/q6_K hand-brick as-shipped) + q4_K@rvv WIN 参照系,★perf-covered 9/83 天花板 CONFIRMED(prefill 轴已尽·四候选 q2/q3/q6/q5_K@rvv 无一 mover 全结构打回)·IME 为剩余 live mover(within-authority),天花板坐实=有效战略结论·q4_K WIN 键=weight-size sweet spot(非通用 emitter 成熟度)·下一 mover=IME 轴非 prefill-emitter,[裁 G7 perf-ceiling 63479747] prefill GEMM emitter-quality 破天花板调查(read-only 分析+hand-construct G1·无 emitter 改动·无板·部署域 gcc-15.2 objdump 补 G6-B DEFERRED)。★裁决=perf-covered 9/83 天花板 CONFIRMED(prefill 已尽)。**★q4_K WIN 键=三因合取(新识)**: ①gcc-death 治愈(clang 消 gcc vsetvli 爆炸·[CASE-COMPILER-ASYMMETRY]·必要非充分) ②emit-form 精简(跨格最低 vsetvli·nibble unpack 最简·plane-insertion trivial vsll=16) ③**★weight-size amortization sweet spot(决定性)=repack-GEMM 赢机制=weight memory-traffic 摊销·收益∝weight 大小·q4_K 144B/sblk 足够大·摊销收益>全展开核 overhead→净赢·q4_K 独占键非通用 emitter maturity**。四候选逐格: q2_K(部署 clang overhead 已近 q4_K parity vsetvl394vs320 但 e2e LOSS 非 instr-count gap·G6-B 板测穷尽 rolled/register-fit/nr 全 <parity 最好 0.63×·weight 84B 摊销不足·结构打回 whole-K-nest roll)·q6_K(6-bit qh-plane recon compute-volume 内禀 vsll/vor 32× q4_K·native-mask 更差·削 vsetvli 不触主项·结构打回)·q3_K(weight 110B 近 insufficient·唯一 lever native-mask 属 decode leaf 禁碰+不传导·结构打回)·q5_K@rvv(唯一真 headroom=[GAP-Q5K-VLEN128-QH-REGCLIFF] register-cliff·但 cell 已 green via k1 any-board·修只升 single→dual-board·不增计数·非 count mover)。★共性天花板机制(新识): prefill cross-parity 键=weight-size sweet spot∧unpack 简度·非 emitter-instruction 成熟度·四格皆结构/算法级偏离 sweet spot 非 instruction-level 可闭合。★下一步 potential mover 不在 emitter-instr 轴·候选(仅列不自决): ①whole-K-nest rolled 单-wide-accumulator S6 重构(mechanism 目标·风险高·G6-B 判 non-warranted perf 战) ②★IME 发射器路(G6-A 现役 mover·q8_0@ime 2.233× beat·within-authority·换 compute substrate 非 block-dot) ③q5_K@rvv register-cliff 修(dual-board 质量升级·不增计数·低优先)。诚实注: 天花板坐实=有效战略结论(与找 headroom 同价值)·部署 gcc-15.2 objdump 强化非推翻 L2/G6-B。,n_a(战略天花板调查·CONFIRMED·非 triage·四格结构打回具名·非 perf green mover),experiments/active/g7-perf-ceiling/kquant-prefill-quality-G1/evidence.md + raw/(q4_K/q2_K/q6_K gcc15+clang20 objdump·stock hand-brick .s) + git 63479747,perf-covered-9of83-天花板-CONFIRMED(prefill 轴) + q4_K-WIN-键=weight-size-amortization-sweet-spot(新识·非通用 emitter maturity) + IME-发射器路=剩余-live-perf-covered-mover(within-authority) + 四格结构打回具名(q2 weight-太小/q6 6-bit-plane-内禀/q3 decode-lever/q5 已绿非-mover),CONFIRMED-天花板坐实(prefill emitter-quality 轴无 mover·下一 mover=IME 轴或 用户裁 radical 新 lever·whole-K-nest S6 重构=mechanism 名义高风险),experiments/active/g7-perf-ceiling/kquant-prefill-quality-G1/evidence.md + docs/ROADMAP.md + git 63479747,裁-G7-perf-ceiling-天花板-CONFIRMED-2026-07-14(63479747)
G7-perf-ceiling-IME-发射器路-mover-NEAR-LIMIT-2026-07-14,A(perf-covered 天花板战略调查·IME 轴·research+design+byte-exact·k1 preflight deferred),e2e-factory(stock@ime block-dot·各格) + q8_0@ime 参照(唯一真 beat),★IME 轴近限 NEAR-LIMIT·perf-covered 9/83 质量天花板【含 IME 轴】坐实(第二独立确认·两轴齐尽)·IME mover 潜力=+1~2 metric-letter(计数膨胀非能力·非质量-mover),IME 轴天花板第二确认·G6-A IME-绿判别键纠偏(necessary-not-sufficient·stock-弱 也须)·q4_1/q5_0@ime 候选=count-inflation flag,"[裁 G7 perf-ceiling IME ee0853ac] IME 发射器路 perf-covered mover 调查(research+design+byte-exact·k1 preflight deferred·天花板调查判定 IME=唯一剩余 live mover 的兑现测)。★裁决=IME 轴近限·perf-covered 9/83 质量天花板【含 IME 轴】CONFIRMED(第二独立确认·prefill 63479747 + IME 本线两轴齐尽)。**★G6-A IME-绿判别键纠偏(关键)**: 板测三点(q8_0@ime 2.233× beat/q4_0@ime 1.0088× tie/q4_K@ime 0.909× lose)揭示 IME 绿由两通道非单因 epilogue: ①array-util headroom **format-INVARIANT 1.56-1.59×**(IME 绿【非】来自 vmadot 对某格优势) ②通道A epilogue 重→IME 路自塌(q4_K 23.8→13.28=0.56× 热循环 non-vmadot 串行税) ③**通道B(G6-A 漏·决定性)=q8_0 beat 真主因=stock 慢/弱**(大模型 memory-heavy+弱 stock 核·q8_0/q4_0 IME 路吞吐几乎同 23.74vs23.88·差全在对手速度)。**修正判别键=necessary-not-sufficient(同构 gcc-death): 轻 epilogue 必要(保 IME 路不塌)不充分·还须 stock 对手慢/弱才 beat(q8_0)·stock 快只 tie(q4_0)**。候选: 轻=FLAT{q5_0,q4_1,q5_1}(唯一 metric-letter 绿候选·保 IME 路 ~20-24)·K-quant 全稀释黄(q5_K/q6_K/q2_K/q3_K@ime per-sub-block epilogue 塌到 ~12-17·IME 轴无法 green 难格)。设计: q5_0@ime 纯参数级 decode-brick swap(复用 q4_0 GEMM plan+单-fold+vmadot leaf·byte-exact ZERO-MODEL 3 gate PASS decode INT8 0/int32 核 0/scale-fold 3e-7)·q4_1@ime 参数级偏结构(加 min-term epilogue·stock q4_1 弱 ~6insn 最可能 beat)。★mover 潜力=+1~2 metric-letter 但三重诚实缩水: (a)q4_1/q5_0/q5_1 已 rvv-engine 绿→加@ime=计数膨胀非能力扩张 (b)任何 beat 皆 vs block-dot(path-win 弱对手·同 q8_0 caveat·无成色质变) (c)机制=routing-normalization(同构 [q4-0-e2e-is-routing-not-kernel])。★战略=天花板坐实【含 IME 轴】=第二独立确认非破口·唯 用户裁 radical 新 lever(whole-K-nest S6 重构·mechanism 名义高风险)。诚实至上=IME 轴近限与找候选同价值(本线两者都给)。",n_a(战略天花板第二确认·IME 轴近限·非 triage·+1~2 metric-letter 候选 flag count-inflation),experiments/active/g7-perf-ceiling/ime-mover-G1/evidence.md + raw/(q5_0-ime-decode-zeromodel.c·zm log) + git ee0853ac,perf-covered-质量天花板-含-IME-轴-CONFIRMED(第二独立确认·两轴齐尽) + IME-绿判别键纠偏(necessary-not-sufficient·stock-弱 也须·G6-A 单因 epilogue 不完整) + array-util-headroom-format-INVARIANT-1.56-1.59×(IME 绿非 vmadot 优势) + q4_1/q5_0@ime-候选=count-inflation-非质量-mover,NEAR-LIMIT-天花板坐实含-IME-轴(两轴齐尽·+1~2 metric-letter count-inflation 候选待 coordinator 裁·唯 用户裁 radical 新 lever),experiments/active/g7-perf-ceiling/ime-mover-G1/evidence.md + [[measurement-offensive-perf-covered]] + git ee0853ac,裁-G7-perf-ceiling-IME-NEAR-LIMIT-2026-07-14(ee0853ac)
G7-whole-K-nest-S6-roll-feasibility-G1-结构可行零-perf-2026-07-14,A(结构可行性评估·C1-maturity 靶·G1 静态账·design+hand-construct·无板),internal-full-unroll(K-quant GEVM tile-roundtrip) + stock 参照,★结构可行∧byte-exact∧预算合规(三门全过)·tile-RT store 104→0 ELIMINATED·零 perf green(C1-maturity 非 mover)·informs 必问→收窄定义澄清 in-campaign 自决,whole-K-nest roll = 最深可行结构 gap 修·C1 emitter-maturity(closes tile-roundtrip 家族级)·零 perf·GEVM roll 规避 GEMM roll 杀手,[裁 G7 whole-K-nest S6 feasibility G1 dad1e1c2] 纯本地 G1 静态账(无板·无 tracked 源码改动)。裁决=结构可行∧byte-exact∧预算合规 三门全过·零 perf green·C1-maturity 靶。机制=super-block BODY nest(dominant 16-trip ii element-loop)full-unroll→runtime loop + per-element 解码即消即用 vwmacc 进单一 wide resident accumulator bank(SSA VariableOp 驻寄存器·G6-B P3 机制)·tile 不再 materialize 过栈·TG=1 非加宽 bank(P2 反噬规避)。G1 静态账 A/B(byte-identical 算法): tile-RT store vs*r.v 104→0 ELIMINATED·vsetvli 1419→46(−96.8% hot loop 内 0 hoisted)·v-insn 4277→311(−92.7%)·28 vreg/0 spill(fit≤32)·byte-exact(op-stream 恒等 280 vwmacc + oracle 0/32 + G6-B 板 43008 先例·数值硬件 A/B DEFERRED GNU sim 无 RVV)·家族级坐实(5 K-quant GEVM full-unroll 全带 vs*r.v q2-143/q3-174/q4-201/q5-209/q6-137·全 vl*r.v=0=tile-materialization 非经典 spill)。★GEVM roll 规避 GEMM roll 杀手(G6-B narrow-tile GEMM roll 板证伪 0.41-0.63× 元凶=redundant weight re-decode·GEVM M=1 无 output-tile 维度→无此罚·feasible where GEMM roll wasn't)。收益=C1 emitter-maturity(closes tile-roundtrip 家族级+vsetvli 塌 30× 家族最大单项+instruction-count 4.19×→1.78× 腰斩)·perf=零 green(1.78×>1.10% M=1 broadcast 密度限+[CASE-MICRO-E2E])·风险中低(5 leaf 共 envelope 串行·roll 机制 G6-B 已建 emit_loop_schedule capability-keyed byte-exact-neutral)。informs 必问=收窄决策为纯 C1-maturity 价值判断(排除结构不可行/perf-藏结构 两误判)·收窄定义澄清 in-campaign 自决→q5_K 实装在飞 a8c8b9b5。,n_a(结构可行性评估·三门全过·零 perf·非 triage·C1-maturity 靶·informs 必问),experiments/active/g7-perf-ceiling/whole-knest-s6-feasibility-G1/evidence.md + raw/(q5k_knest_roll.c/.s·be_q5k_host·q5k_ab·metrics) + git dad1e1c2,whole-K-nest-S6-roll-结构可行(三门全过·tile-RT 104→0·byte-exact·28vreg) + 零-perf-green(C1-maturity 非 mover·1.78×>1.10%) + GEVM-roll-规避-GEMM-roll-杀手(M=1 无 output-tile→无 redundant re-decode 罚) + informs-必问=纯-C1-maturity-价值判断,G1-可行(结构可行∧byte-exact∧预算·零 perf·in-campaign 自决 clarified·q5_K 实装在飞 a8c8b9b5·kernel-axis C1-maturity),experiments/active/g7-perf-ceiling/whole-knest-s6-feasibility-G1/evidence.md + git dad1e1c2,裁-G7-whole-K-nest-S6-feasibility-可行零perf-2026-07-14(dad1e1c2)
北极星①-whole-K-nest-S6-rolled-envelope-IMPLANTED-q5_K-GEVM-2026-07-14,A(kernel-axis C1 emitter-maturity·capability-keyed rolled envelope 部署·byte-exact·无板),internal-full-unroll(q5_K GEVM tile-roundtrip 前版) + stock 参照,★whole-K-nest roll DEPLOYED q5_K GEVM·hot-path [GAP-EMIT-KQUANT-GEVM-TILE-ROUNDTRIP]+[GAP-EMIT-VSETVL-TAX] 闭合·byte-exact·capability-keyed·零 perf green(C1-maturity 明记),whole-K-nest roll designed→deployed(q5_K 首格 implant)·emit_loop_schedule capability(byte-exact-neutral)·家族最深可行结构靶部署,"[裁 北极星①·whole-K-nest S6 rolled envelope q5_K deploy 34fded0d] 4 文件 additive/byte-exact-neutral: RVVOps.td 加 emit_loop_schedule OptionalAttr 到 TypedRepackGemvLoopBodyOp(mirror GEMM knob·default absent=unrolled)·RVVDialectWideningOps.cpp verifier bounded {unrolled,rolled} fail-closed I7(拒 bogus)·RVVToEmitCInternal.h +bool rolledMainTerm·RVVToEmitCBlockQuantLinear.cpp(fwd-decl + schedule resolution 在 if(decodeModel==q5_K) dispatch 分支[q2/q4/q6/q3 未触] + leaf if(rolledMainTerm){rolled ii-loop emitc.for·per-strip i16 partials resident VariableOp}else{unrolled verbatim})。机制=super-block dominant 16-elem ii-loop full-unroll→runtime emitc.for + per-element 解码即消即用 vwmacc 进单一 wide resident accumulator bank(resident-across-emitc.for)·tile 不再 materialize 过栈·TG=1 非加宽 bank。★byte-exact 硬门 GREEN: Conversion/RVV lit 243/243(was 242·+rolled fixture·其他格未改)·default(unrolled)byte-IDENTICAL before/after(shipped 零漂移)·op-stream identity(rolled vwmacc 512==unrolled 512 同 order)·q5_K host oracle 0/32·数值硬件 A/B deferred(kernel-axis 无板)。★isolation git-diff-proven: 零 diff 触 Q2K/Q3K(native-mask)/Q4K/Q6K leaf·sealed GEMM·q5_0/q5_1 REDESIGN-B·GEMM body。★objdump: hot path 全 8 ii-loops 0 vs*r.v AND 0 vsetvli(tile-roundtrip+vsetvli 税 hot 路全塌)·overall vs*r.v 209→9(−95.7%)/vsetvli 2943→80(−97.3%)/v-insn 8751→609(−93.0%)·★9 residual vs2r.v 诚实记(非全 0·全 COLD 区 prologue+block-loop accumulator seed+boundary flush·numHalves=2 dual-strip resident bank·casefile 0 是 numHalves=1·resident-bank setup 非 tile-roundtrip)。★诚实定性: kernel-axis C1 emitter-maturity·ZERO perf green(明记·1.78× density>1.10% M=1 broadcast 密度限 roll 不改+[CASE-MICRO-E2E])·roll=icache/code-volume/vsetvli lever(−93% v-insn/−97% vsetvli/−96% asm)非 density 非 perf mover·价值=C1 plan 库 emitter-maturity 深度(家族最深可行靶首格 implant)。scope: q5_K 完整·family q2/q3/q4/q6_K deferred(仍 full-unroll·风险隔离单 leaf)·residual→0 deferred(roll h-strip/whole-nest·higher risk·diminishing since hot path 已清)。",n_a(kernel-axis C1 emitter-maturity 部署·byte-exact 硬门过·gap hot-path 闭合·零 perf·非 triage),experiments/active/g7-perf-ceiling/whole-knest-s6-deploy/evidence.md + raw/(q5k_gevm BEFORE/AFTER_unrolled/rolled emitc+.s·metrics) + git 34fded0d(4 文件+rolled lit),whole-K-nest-roll-DEPLOYED-q5_K(designed→deployed·hot-path tile-roundtrip+vsetvli 闭合·−93% v-insn) + emit_loop_schedule-capability(byte-exact-neutral·verifier fail-closed I7) + [GAP-EMIT-KQUANT-GEVM-TILE-ROUNDTRIP]-hot-path-RESOLVED-q5_K + [GAP-EMIT-VSETVL-TAX]-q5_K-闭合 + 9-residual-cold-bank-seed 诚实记(numHalves=2·非 tile-roundtrip),DEPLOYED-byte-exact(q5_K rolled envelope·capability-keyed·hot-path gap 闭合·零 perf·family others+residual→0 deferred·kernel-axis C1-maturity),experiments/active/g7-perf-ceiling/whole-knest-s6-deploy/evidence.md + git 34fded0d,裁-北极星①-whole-K-nest-roll-q5_K-DEPLOYED-2026-07-14(34fded0d)
北极星①-whole-K-nest-roll-家族闭合-全5格-K-quant-GEVM-2026-07-14,A(kernel-axis C1 emitter-maturity 家族泛化·capability-keyed rolled 家族扩展·byte-exact·无板),internal-full-unroll(各格 GEVM tile-roundtrip 前版) + stock 参照,★whole-K-nest roll 家族闭合(全 5 格 K-quant GEVM q2/q3/q4/q5/q6_K 均 rolled·hot-path tile-roundtrip+vsetvli CLOSED)·C1 extensibility 家族证+C2 marginal-cost 低·byte-exact·零 perf green 明记,whole-K-nest roll designed→deployed→generalized(全家族)·emit_loop_schedule capability 家族泛化·C1 泛化+C2 边际成本,[裁 北极星①·whole-K-nest roll 家族闭合 2bbee909] q2/q3/q4/q6_K GEVM 家族扩展(+q5_K 34fded0d=全 5 格)。★2 文件(RVVOps.td 无改·纯复用 q5_K emit_loop_schedule attr=C2 marginal-cost 低): RVVToEmitCInternal.h(4 leaf +bool rolledMainTerm)·RVVToEmitCBlockQuantLinear.cpp(4 leaf if(rolledMainTerm){rolled emitc.for·per-strip i16 partials resident VariableOp}else{unrolled 逐字}+dispatch resolve 上提家族共享)·copy-then-adapt q5_K(内环 q4 ii16/q2 mm16/q3 l16/q6 p8·q6/q3 预偏移 base+int64-offset strip-load)。★byte-exact GREEN: lit 247/247(was 243·+4 rolled fixtures·零回归)·default byte-IDENTICAL 全 4(shipped 零漂移)·DYNAMIC op-stream 恒等(rolled vwmacc16=default 1024 全格·累加序逐字·bit-identical by construction)·板 numeric A/B DEFERRED。★isolation git-diff-proven: 仅 4 GEVM leaf+共享 dispatch·sealed GEMM/REDESIGN-B/GEMM 兄弟/q4_K colgroup-tiled 零 diff·q5_K byte-IDENTICAL 到 deploy·q3_K native-mask decode 保留(default=native-mask·rolled 加变体)。★objdump(VLEN128 numHalves=2·hot 全 0 vs*r.v∧0 vsetvli=tile-RT CLOSED 全 4): q2 v-insn −86%/vs*r.v 143→14·q3 −95%/153→4·q4 −89%/201→8·q6 −90%/137→2·residual 全 COLD(numHalves=2 dual-strip resident-bank seed/flush·非 hot·同 q5_K·如实标)。★家族裁决: C1 extensibility 家族证(roll capability 泛化全 5 格非单格)·C2 marginal-cost 低(复用 emit_loop_schedule+resolver+resident-bank 模式·无新机制/op/verifier·每格局部分支)·全 4 格完整无 deferred(q6_K 2-plane 6-bit/q3_K native-mask 均成功 roll)。★诚实: kernel-axis C1 emitter-maturity 家族泛化·ZERO perf green 明记(roll=icache/vsetvli 杠杆 −86~95%·非 density 非 mover·M=1 broadcast 密度限+[CASE-MICRO-E2E])·价值=C1 泛化+C2 边际成本·residual→0 deferred。,n_a(kernel-axis C1 emitter-maturity 家族泛化·byte-exact 硬门过·家族全闭合·零 perf·非 triage),experiments/active/g7-perf-ceiling/whole-knest-s6-family/evidence.md + raw/(逐格 BASELINE/default_AFTER/rolled emitc+.s·metrics) + git 2bbee909(2 文件+4 rolled lit),whole-K-nest-roll-家族闭合-全5格(q2/q3/q4/q5/q6_K GEVM·hot-path tile-roundtrip+vsetvli CLOSED·−86~95% v-insn) + C1-extensibility-家族证(roll capability 泛化非单格·designed→deployed→generalized) + C2-marginal-cost-低(复用 emit_loop_schedule·无新机制·每格局部分支) + byte-exact-247/247-default-零漂移,DEPLOYED-家族全闭合(全 5 格 K-quant GEVM rolled·capability-keyed·hot-path gap CLOSED·byte-exact·零 perf·C1 泛化+C2 边际成本·kernel-axis C1-maturity·residual→0 deferred),experiments/active/g7-perf-ceiling/whole-knest-s6-family/evidence.md + git 2bbee909,裁-北极星①-whole-K-nest-roll-家族闭合-全5格-2026-07-14(2bbee909)
G7-[GAP-EMIT-KNEST-QH-SUBBLOCK-PACK]-CLOSED-informed-decline-2026-07-14,A(结构可行性评估·C1 组合式 extensibility 完整性·G1·informed-decline·无板),internal-q5_K-qh-current(sub-block-bit-packed) + q5_0/q5_1/q3_K vlm 参照,★结构可行∧byte-exact BUT HIGHER-RISK 三重→不值得(durable)·CLOSED-as-informed-decline·完成 named structural-gap 图景·组合式 extensibility 3/4 vlm+q5_K KNEST 已充分证,最后 named 结构 gap·informed-decline(可行但不值得·廉价路已存)·完成 structural-gap 图景,"[裁 G7 qh-subblock-pack G1 3cb401ac] q5_K qh repack re-transpose 可行性(纯本地·无板·无源码改动)。① 根因: q5_K qh byte 8 bit 属 8 不同 sub-block(byte-strided 非连续)破 vlm lane=bit·3/4 qh(q5_0/q5_1/q3_K)满足 vlm·q5_K 不。② 设计: per-position 16-col×8-sub-block bit-tile 转置→per(m,sub-block)16-bit mask vlm-loadable·512B 恒等。③ G1: byte-exact PASS(packing round-trip 0/4096 纯 permutation 权重不变·popcount 2096=2096·nibble 零改·decode stock≡current≡retrans 0/4096)·qh-recon 削减 v-insn 16→12(−25%)/arith 8→4(−50%)·vlm 直装 2 op/臂(vs OLD 4/sub-block-KNEST 3)·vs stock 仍 3.76× NOT MET(M=1 结构限)。影响面=3 consumers(GEVM+GEMM leaf 共享 block_q5_Kx16 ABI 两路逐-bit 一致+offline packer)+sealed md5 ba30ba54 re-seal 板依赖·flat dequant(injectQh 读 raw qh)UNAFFECTED。④ 裁决=结构可行✅byte-exact✅ BUT HIGHER-RISK 三重。⑤ 值不值得=不值得(durable·3 点): C1 组合式 extensibility 已 3/4 vlm+q5_K sub-block-native-KNEST(q5k-knest-G1 byte-exact 证)充分证·native-mask 到 q5_K 有廉价路(sub-block native-mask KNEST decode-only swap 同 q3_K 低风险 无 packer/两路/re-seal)·re-transpose 唯一净增=uniform vlm 3→2 op=perf-零 refinement 不抵 repack 三重风险。⑥ CLOSED-as-informed-decline(非 blocker-未解·设计+byte-exact 模型就绪若未来 uniform-emitter-maturity 名义直取)。★完成 named structural-gap 图景=每 GEVM 结构 gap resolved-deployed 或 feasibility-assessed-with-verdict。诚实=C1 组合式 extensibility 完整性评估·非 perf([CASE-MICRO-E2E])·不值得/higher-risk 有效 informs。",n_a(结构可行性评估·informed-decline·可行但不值得·非 triage·非 perf·完成 structural-gap 图景),experiments/active/g7-perf-ceiling/qh-subblock-pack-retranspose-G1/evidence.md + raw/(byteexact_retranspose.c/be_retranspose·qh_recon_variants·metrics) + git 3cb401ac,[GAP-EMIT-KNEST-QH-SUBBLOCK-PACK]-CLOSED-informed-decline(结构可行∧byte-exact BUT HIGHER-RISK 三重 repack-layout/两路 ABI/sealed re-seal·perf-零 refinement 不抵风险·廉价路 sub-block-KNEST 已存) + named-structural-gap-图景-COMPLETE(每 gap resolved-deployed 或 assessed-with-verdict) + 组合式-extensibility-充分证(3/4 vlm+q5_K KNEST),CLOSED-informed-decline(可行但不值得·durable·组合式 extensibility 已充分·廉价路已存·完成 structural-gap 图景·若未来 uniform-emitter-maturity 名义可直取),experiments/active/g7-perf-ceiling/qh-subblock-pack-retranspose-G1/evidence.md + git 3cb401ac,裁-G7-qh-subblock-pack-CLOSED-informed-decline-2026-07-14(3cb401ac)
G7-q5_K@rvv-register-cliff-NOT-FIXABLE-VLEN128-intrinsic-2026-07-14,A(perf-improvable headroom 评估·register-pressure 轴·G1·NOT-FIXABLE·无板),internal-q5_K@rvv-prefill(现行) + q4_K 参照(无 qh),★NOT-FIXABLE·[GAP-Q5K-VLEN128-QH-REGCLIFF] 结构坐实 VLEN128-intrinsic·register-pressure 错杠杆·唯一 perf-improvable headroom 主张 RETRACTED·天花板 CONFIRMED 强化(perf 全轴坐实无 within-authority mover),唯一 perf-improvable headroom 兑现=不真实·q5_K@rvv 非 register-fixable 特例·同 VLEN128-throughput-bound·register-cliff 误名,[裁 G7 q5_K@rvv register-cliff G1 6b65ac0c] 纯本地 G1(无板·git diff lib/ 空)。裁决=NOT-FIXABLE by register-pressure·[GAP-Q5K-VLEN128-QH-REGCLIFF] 结构坐实 VLEN128-intrinsic·register-cliff 误名。① precision 校正: L2 spill=155 实拆 VECTOR 6/strip:SCALAR(地址 sd)42:tile-mat(vse)37·真 vector delta q5_K 6 vs q4_K 4=+2 非崖·harness 保真(clang-20 q4k VEC spill=4 吻合板 clang-18 q4_K=4)。② G1(clang-20 VLEN128 VECTOR-spill 真度量): q4k 4/q5k_old 6/q5k_knest 6/q5k_retrans 6·三 q5k 变体 spill 同→byte-exact qh-recon 减压对 spill 零效果=register-pressure 错杠杆·byte-exact 0/32768·★决定性 VLEN256 单-strip VEC spill 同=6 v-insn 同=402→spill 两板一致非 WIN/LOSS 判别键·判别=numHalves=2 tile 翻倍(VLEN128~804/VLEN256 402)+qh 不可约指令量(地板+25)摊 8-lane。③ 不可修: 即便 spill=0·qh 5th-bit decode 指令量(+43/strip·地板+25·5th bit 抽出不可约)×VLEN128 tile 翻倍仍输 block-dot·k1 VLEN256 赢 1.641×=16-lane 摊销非 register-fit。★兑现 kquant-prefill-quality '唯一 perf-improvable headroom' 评估→headroom 不真实·q5_K@rvv 同 q2_K/q6_K VLEN128-throughput-bound(gcc-death 必要非充分第三例)。天花板 CONFIRMED 强化(register-pressure 轴亦坐实·perf 全轴无 within-authority mover)。register-cliff 名精化=qh-decode 指令量在 8-lane VLEN128 摊销缺口。不增计数(cell 已绿 via k1·9/83 不变)。建议 canon [GAP-Q5K-VLEN128-QH-REGCLIFF] 从'唯一 perf-improvable headroom'改'结构坐实 VLEN128-intrinsic register-pressure-not-lever'(schema/canon 措辞·主会话裁量)。,n_a(perf headroom 评估·NOT-FIXABLE·结构坐实·非 triage·非 perf mover·天花板强化),experiments/active/g7-perf-ceiling/q5k-rvv-regcliff-fix-G1/evidence.md + raw/(hand-construct·byte-exact 硬门·VLEN128 双编译器 objdump×8·VLEN256 对照×3) + git 6b65ac0c,q5_K@rvv-register-cliff-NOT-FIXABLE(VLEN128-intrinsic·register-pressure 错杠杆·spill 两板一致非判别键·判别=tile 翻倍+qh 不可约指令量摊 8-lane) + 唯一-perf-improvable-headroom-RETRACTED(q5_K@rvv 非 register-fixable 特例·同 VLEN128-throughput-bound) + 天花板-CONFIRMED-强化(perf 全轴坐实无 within-authority mover) + register-cliff-误名(精化=qh-decode 指令量 8-lane 摊销缺口),NOT-FIXABLE-结构坐实(VLEN128-intrinsic·headroom retracted·天花板全轴 CONFIRMED·不增计数 9/83·perf-count 移动唯 用户裁 radical 新 lever),experiments/active/g7-perf-ceiling/q5k-rvv-regcliff-fix-G1/evidence.md + git 6b65ac0c,裁-G7-q5_K@rvv-register-cliff-NOT-FIXABLE-2026-07-14(6b65ac0c)
G7-q6_K@rvv-GEMM-whole-K-nest-roll-DEPLOYED-recovery-6.7x-sub-parity-2026-07-14,A(kernel-axis C1 emitter-maturity GEMM recovery·capability-keyed rolled·byte-exact·G2 board·部署对称),factory-block-dot(stock q6_K GEMM prefill·gcc-15.2 on-board 对称),LOSS(recovery 内·roll/opp 0.26x sub-parity·非 WIN),n_a(kernel-axis recovery 非 perf-covered green·density floor 不变),[裁 G7 L1' q6_K GEMM roll 实装+G2 a98cb8fe] whole-K-nest roll 部署进 GEMM 发射器(capability-keyed·[K-10] 结构级·仅 q6_K leaf·q3_K early-return frozen unrolled 同类 deferred)。dominant per-8-position p-loop→runtime emitc.for·32 i16 partials(4col×2half×4quad)驻 SSA-register VariableOp·weight 解码留 p-loop 内/column loop 外=每权重解码一次跨 4-col 共享(零 re-decode·非窄-tile·避 G6-B re-decode killer)。★byte-exact 硬门全过: lit 248/248(prev 247+新 rolled·零回归)·on-silicon byte-exact 4 shape(nr4/8/16×K2048·nr8×K4096)rolled vs unrolled memcmp=0/ndiff=0/maxabsdiff=0(真硅 bit-identical·比 G1 by-construction 强·rolled≡unrolled≡sealed oracle-verified→correct-by-transitivity)·default 零漂移 md5 f2518117 before==after·绝对隔离 240-fixture 仅 1 变(新 rolled fixture)其余 239 byte-identical。★objdump(gcc-15.2 部署对称): vsetvli 6278→21(−299×·storm 塌·hot p-loop 内 0)·spill store 2234→289(−7.7×)·spill reload 2281→324·vwmacc 2304→512·maxVreg v31==v31(32-partial cliff 在·未清零)·obj 299632B→22768B(−13×)·vsetvli 6278 逐字复现 batch1 census。★G2 cold GEMM prefill(core8 pin8-15·gcc-15.2 对称·224MiB flush·reps12·median): recovery(roll/unroll)~6.7×(best 6.87×·远超 G1 保守 2.8-3×·落乐观 super-linear vsetvli vtype-flush stall 消除档)·unroll/opp ~0.039× 逐字复现 census 0.037×(基线校准)·roll/opp 0.037×→0.26×(kernel-axis 大 recovery 但仍 sub-parity 0.26x<1.0)·e2e prefill 冒烟不跑(判据未满足·rolled 仍比 stock 慢 3.8×·无 e2e 优势可传导·WinB odds moot)。★诚实: 非 WIN·非 perf-covered green·非 e2e beat·非 sealed 8-gate·是 emitter-maturity 大 recovery([GAP-EMIT-VSETVL-TAX] for GEMM·愈合自伤 [CASE-COMPILER-ASYMMETRY] gcc-15.2 崩塌 6.7×)+on-silicon byte-exact 坐实·density floor 未动(vl=8 dual-strip element-wise vwmacc+6-bit dual-plane vs stock wide block-dot·到 parity 需攻 density [远期])。[K-10] 结构级坐实(GEMM 4-col 32-partial spill cliff·GEVM 8-partial clean-fit 不可达=独立 GEMM plan·非参数键翻转)。kernel-sym/perf-covered 计数不动。,physical(density floor·VLEN128 throughput-bound·roll 减 vsetvli/spill 但 32-partial cliff 与 dual-strip 6-bit dual-plane 密度限不可约·gcc-death 愈合非 density 攻克),experiments/active/g7-census/L1prime-q6k-gemm-roll-deploy/evidence.md + board/(driver·k_q6_rolled/unrolled.cpp·run_q6k_roll_ab.sh·raw_run.log) + git a98cb8fe(2 源+1 rolled lit),[GAP-EMIT-VSETVL-TAX]-for-GEMM-愈合(vsetvli 6278→21 −299×·spill −7.7×·recovery 6.7×·roll/opp 0.037→0.26× sub-parity) + whole-K-nest-roll-GEMM-DEPLOYED(q6_K·capability-keyed·[K-10] 结构级·zero re-decode 避 G6-B killer·byte-exact 248/248+on-silicon memcmp=0) + density-floor-不动(vl=8 dual-strip 6-bit dual-plane vs wide block-dot·到 parity 远期),DEPLOYED-recovery-sub-parity(q6_K GEMM roll capability-keyed·kernel-axis 6.7× recovery 但 roll/opp 0.26× 仍 LOSS·非 perf green·计数不动·q3_K 同类 deferred·到 parity 需攻 density 远期·perf-count 移动唯 用户裁 radical 新 lever),experiments/active/g7-census/L1prime-q6k-gemm-roll-deploy/evidence.md + git a98cb8fe,裁-G7-q6_K@rvv-GEMM-whole-K-nest-roll-实装+G2-recovery-6.7x-sub-parity-2026-07-14(a98cb8fe)
G7-B类-softmax+silu-冷启动调度攻坚-NET-WIN-双板-2026-07-14,A(kernel-axis C3′ emitter 调度成熟度·forward-op 桶·冷启动 kernel-sym·G1+G2 双板·byte-exact 0-ULP),native-RVV(ggml_compute_forward_soft_max / ggml_vec_silu_f32·EXPORTED .so·m2·同算法),WIN(softmax 双板 flip·silu@k1 flip·silu@rvv 近-parity),n_a(forward-op 桶·独立于 matmul kernel-sym-12·独立于 perf-covered·独立于 DEQ-AXIS·禁互推),[裁 G7 B类 softmax+silu 攻坚 9a0b5fa4] census 后唯一具可修 non-exit 损家族(parity-by-adoption 调度损 −16-18%·非三出口任一)真攻。★根因单点(反汇编): emitGgmlVExpfM2(silu+softmax 唯二消费者)曾无条件发射 ggml_v_expf slow-path overflow/underflow merge·删掉 ggml if(!vcpop_m_b16(c)) return fast 短路(vec.h:1348)=同算法调度当可省·rvv gcc-15 修前 ours ~43 insn 全执行 vs native fast ~26(1.46× 向量-ALU)吻合 silu 0.762×。修复(杠杆 1/3·复用既有 emitc.variable+emitc.if STRUCTURED 惯用法·同 q8_0/K-quant 条件模式): 复位 vcpop 短路·seed=fast vfmacc·if(vcpop!=0){slow merge}·byte-exact(vcpop==0 保留 seed fast 值=旧无条件 emit 对 c-false lane bitwise-equal)·单 hunk 84+/45−·未碰 rms_norm/add/mul/gelu/matmul leaf。★G1: 全 32 格 GATE=PASS·maxulp_ours_vs_opp=0(0-ULP bit-identical native ggml 双板全 shape)·lit RVV Conversion 248/248(主会话 forced-relink 独立复核 exit0)·916 套 913(3 fail=预存在 dequant-bundle self-test 正交)·修后 ours vcpop=1+bnez 真短路 fast-path op 数=native ~26。★G2 双板冷启动(N=12 median·load-gate·IQR 0.07-0.98%): softmax@rvv 0.854→1.002×(全shape 1.001-1.072×)·softmax@k1 0.822→1.006×(全shape 1.001-1.011×)·silu@k1 0.837→1.010×·silu@rvv 0.762→0.945×(近-parity·WIN@≤512·残余 5-8% large-n)。★三出口 verdict: softmax FIXED 双板·silu@k1 FIXED·silu@rvv 残余=修后 op-count=native+0-ULP → 非三出口任一·对称 gcc-vs-gcc downstream 最终调度方差(固定 SSA 序 vs ggml 手排 C 源序·gcc vfdiv 尾调度更优)·具名 [GAP-SILU-RVV-VLEN128-GCC-SCHED](同 scale identical-algo 纯编译器调度类·per-board·k1 clang-18 满 parity)·杠杆 1/3 用尽即收手(op-identical byte-identical 追 gcc 调度=无限深潜宪章禁·非 emitter 可表达)·非 lazy。★计数: forward-op 桶双板 WIN 1{rms_norm}→2{+softmax}·silu k1 WIN/rvv 近-parity。Amdahl <1% decode → 无 e2e·仅冷启动 kernel 表全表超越 + emitter 调度成熟度 C3′ 名义·不动 perf-covered/certified。,misselection(emit 调度 immaturity·vcpop 短路误删·可修·已修·非 physical 非 opponent-structural),"experiments/active/g7-census/bclass-forward-ops/evidence.md §7 + summary_kernel_sym_FIX_silu_softmax.csv + raw/{rvv,k1}_fix_{run.log,build_seal.txt} + git 9a0b5fa4(emitter 单 hunk + 2 golden + 2 census kernel)",softmax+silu-vcpop-短路复位-NET-WIN(forward-op 桶双板 WIN 1→2·softmax LOSS→WIN 双板·silu@k1 flip·byte-exact 0-ULP·lit 248/248·杠杆 1/3 复用既有 emitc.if 能力) + [GAP-SILU-RVV-VLEN128-GCC-SCHED](silu@rvv 残余 5-8%=对称 gcc downstream 调度方差·op-identical byte-identical·非 emitter 可表达·per-board·k1 满 parity) + emitter-调度成熟度-C3′(同算法翻正=模板产出质量·非路径赢非结构赢),FIXED-双板(softmax)+FIXED-k1(silu)·forward-op kernel-sym 桶双板 WIN 2·冷启动全表超越进针·silu@rvv 走 [GAP-SILU-RVV-VLEN128-GCC-SCHED] 收手·无 e2e per Amdahl·不动 perf-covered 9/83·certified 84/91,experiments/active/g7-census/bclass-forward-ops/evidence.md §7 + git 9a0b5fa4,裁-G7-B类-softmax+silu-冷启动调度攻坚-NET-WIN-双板-2026-07-14(9a0b5fa4)
G7-第二段-完整传导对账单-perf-covered-9-83-无惊喜-FLAT@k1-dual-board-成色-resolved-2026-07-14,S(系统账 e2e 分相传导对账·全量 e2e 第二段收口·增光项·无板新役=消费既有分相测量),e2e-factory(分相 llama-bench vs 出厂 ggml·dual-build-tree A/B·对称编译),对账(perf-covered 9/83 无惊喜·prefill 全传导·decode 大面积 memory-bound),n_a(e2e=增光项·kernel 冷启动=主账本·第一段已收口·本段不改主账本结论),[裁 G7 第二段 完整传导对账单] 全 12 matmul kernel-sym ≥parity + 3 IME + 2 forward WIN 的 e2e 分相状态全部就位(数据完整·FLAT@k1 矩阵 CLOSED·无缺口无 stale)。★传导物理坐实([CASE-MICRO-E2E] 无反例): prefill(compute-bound M 大)= 12/12 全传导(1.0022×-5.92× 均 ≥parity·WinB 定式); decode(memory-bound M=1 带宽绑定)= 分化(弱 baseline 格 q4_0/q4_1/q8_0/q4_1@k1 both-phase WIN 1.2-3.8× 主因弱 baseline 非质量碾压·对称/强 baseline 格 q5_0/q5_1@rvv/q5_x/q5_K@k1 wash/<parity 0.72-0.82×)·与 decode 解剖图(b4aba08a·decode≈96% quant matmul 带宽绑定)完全一致。★perf-covered = 9/83 无惊喜(decree 预期 9~11 下界·any-board·recon 权威三源一致): 绿 9={q4_0/q4_1/q5_0/q5_1/q8_0@rvv + q4_K@rvv[k1/VLEN256 sealed] + q5_K@rvv[clang-18] + q4_0/q8_0@ime}。★FLAT@k1 dual-board 成色 resolved(裁量主会话 PENDING → 判 count-neutral): q4_1/q5_0/q5_1@k1(d811b3238/c96a613ca·winner=our-kernel VLEN256 vl=16 net-new emitted repack·k1 无 stock repack) + q4_0/q8_0@k1(156ece53e·stock-repack) 矩阵 CLOSED·prefill 全 WIN(2.21-5.00×)·但 perf-covered 计数不动(any-board·这些格已绿 via rvv)→ FLAT@k1 = 成色升级(q4_1/q5_0/q5_1@k1 从 rvv-单板升 dual-board 且 k1 侧 winner=我方 kernel 非 routing 白嫖)·禁互推为 count 增量。forward-op WIN(rms_norm/softmax)= Amdahl <1% decode → e2e null(不进增光项·仅冷启动 kernel 表 + C3′ 名义)。★诚实边界: 本段确认「可接线 ≥parity 格全过分相 e2e」·未声称「全表 e2e 超越」(decode memory-bound 大面积不传导是物理非缺陷)·成色质变(成排赢强手调)仍限 q8_0@ime + Win-K1-VLEN 各一格。,n_a(系统账对账·非 triage·e2e=增光项·perf-covered recon 权威不手填),docs/reports/2026-07-14-第二段-完整传导对账单.md + schema/perf-covered-category.v1.json(recon 9/83 三源一致) + FLAT@k1 casefiles(d811b3238/c96a613ca/156ece53e),第二段-完整传导对账单-DONE(prefill 全传导 WinB·decode memory-bound 大面积不传导·[CASE-MICRO-E2E] 无反例) + perf-covered-9-83-无惊喜(any-board·recon 权威·decree 预期兑现) + FLAT@k1-dual-board-成色-resolved(q4_1/q5_0/q5_1@k1 winner=our-kernel·count-neutral·成色升级非 count·裁量 resolved) + e2e-增光项定性兑现(不改主账本),"第二段收口(数据完整·传导物理坐实·perf-covered 9/83·FLAT@k1 成色 resolved·e2e=增光项)→ 第三段 decode 组合战 + M∈{4,8} batch regime",docs/reports/2026-07-14-第二段-完整传导对账单.md,裁-G7-第二段-完整传导对账单-perf-covered-9-83-无惊喜-2026-07-14
G7-第三段-M-sweep-batch-regime-batch杠杆=冷权重摊销机制-唯q5_K@rvv干净穿越-2026-07-14,A(kernel-axis M-sweep regime 特征化·第三段开局·batch lever 机制诊断·双板·byte-exact),"factory-block-dot(rvv gcc-15.2 + k1 clang-18 as-shipped·M∈{1,4,8,16,32} 扫)",潜力(kernel-axis·唯 q5_K@rvv M≥4 穿越 parity·batched-e2e 待验),n_a(kernel-axis micro·独立于 perf-covered 9/83·M=4/8 kernel win≠e2e·禁互推),"[裁 G7 第三段 M-sweep 21de0f15] batch regime 特征化(第三段=decode 组合战+M∈{4,8} radical lever 开局)。★crossover 机制诊断(板测定·决定性): compute-bound crossover 真实但机制=冷权重加载被 M 行摊薄(第 1 行冷读 DRAM·2..M 行 L2/L3 暖读)·非 kernel 算法变化。批处理杠杆只在(a)M=1 memory-bound ∧(b)两方内存/计算 regime 不同 点火。rvv block-dot 重权重格(K-quant+q8_0)M=1 memory-bound→GMAC/s +100~276%·M≈8-16 触 roofline; rvv 轻 4-bit flat M=1 已 compute-bound(权重 18-24B 太小)全平; k1 全格 M=1 已 compute-bound(1.6GHz decode 瓶颈)全平 M=1 终判; repack-GEMM 两板 ours 算法级复用权重 M=4 已 compute-bound·q4_K@k1 vs hand-brick 平 0.622。★§3 假设裁决=确认一例干净传导 q5_K@rvv(GEVM/block-dot): cold 0.896(M1 LOSS)→1.115(M4 WIN)→1.192(M8)→1.294(M32)·M2-M4 穿越 parity。★决定性机制铁证: 同格 HOT ratio M=1 就是 1.37(权重暖=compute-bound=ours 赢)·COLD 单调收敛回此 compute-bound 渐近线=批处理把冷/内存受限变热/计算受限·赢一直在计算侧只被 M=1 冷权重加载掩盖。★证伪通用杠杆: k1 批处理无变化·hand-brick 差距固定 compute-quality·输的 rvv K-quant 只收窄不穿越。e2e-transduce 潜力名单: ① q5_K@rvv(最强·M=1 washout→M≥4 win·batched-e2e 首选) ② q5_K@k1(已 1.08 平赢·非批触发) ③ q4_1/q8_0/q4_0@rvv(平 parity 无批增益); 不值得 q4_K@k1(0.622 平)/q5_0/q5_1(0.26 平)/rvv repack-GEMM K-quant(<1 不穿越)。★关键 caveat: rvv crossover 由 driver-loop(r-外/c-内)摊薄冷权重驱动·真 batched mul_mat 是否复现取决于其 tiling→潜力信号非 e2e 裁决(下一役 batched-e2e 验·风险=llama M>1 用 gemm 非我方 vec_dot→绕过我方核)。q5_K 已绿 via any-board→即便传导 count-neutral·但 M>1 regime 结果(decree M=8 新 regime 绿 期望)。",n_a(kernel-axis regime 特征化·非 triage·batch lever=冷权重摊销机制诊断·非 perf mover),experiments/active/g7-census/m-sweep-batch-regime/evidence.md + summary_msweep.csv(145 行) + board/(4 run 脚本+4 raw log) + git 21de0f15,batch-lever=冷权重摊销机制(非算法·row1 冷 DRAM/2..M 暖 L2L3·M=1 memory-bound ∧ 双方 regime 异 才点火) + q5_K@rvv-唯一干净穿越(M1 0.896→M4 1.115 WIN·HOT M=1 1.37 证赢在计算侧被冷权重掩盖) + 证伪通用杠杆(k1 平/hand-brick 固定 gap/输格只收窄不穿越) + batched-e2e-待验(driver-loop artifact vs 真 mul_mat tiling·风险 llama M>1 用 gemm 绕过 vec_dot),第三段开局-DONE(batch regime 特征化)→ batched-e2e 验 q5_K@rvv(唯一候选·count-neutral 但 M>1 regime 结果·feasibility-assess first)·不动 perf-covered 9/83,experiments/active/g7-census/m-sweep-batch-regime/evidence.md + git 21de0f15,裁-G7-第三段-M-sweep-batch-regime-2026-07-14(21de0f15)
G7-第三段收官-q5_K@rvv-batched-e2e-传导WIN-首个batch-regime穿越e2e正例-count-neutral-2026-07-14,S(系统账 batched-e2e·M>1 regime 结果·decode 穿越 parity·prefill WIN·count-neutral·byte-exact),e2e-factory(llama-batched-bench dual-build-tree A/B·gcc-15.2 对称·仅 quants.c q5_K 核差异),WIN(decode M1 0.906 LOSS→M4 1.090→M8 1.164 WIN·prefill 1.24×·count-neutral),n_a(q5_K 已绿 any-board·本役 M>1 regime 结果非 count mover·perf-covered 9/83 不动·禁互推),[裁 G7 第三段收官 q5_K@rvv batched-e2e 6abbf591] 定论 M-sweep 穿越是否传导真 batched e2e。★第 1 步 feasibility(结构性 null 排除·源码三证 deployed A-tree f3e1828): ① llamafile_sgemm 无 q5_K 分支→落穿标准路径 ② q5_K RISC-V 从不 repack(get_optimal_repack_type Q5_K 只 has_neon 无 has_riscv_v·区别 Q4_K/Q2_K/IQ4_NL 有 riscv_v 16x1)→rvv nullptr→标准 mul_mat_one_chunk ③ 标准路径=block-dot vec_dot 16×16 tiling(weight-row 在 tile 内被 M token-col 复用=M-sweep 冷权重摊销真 e2e 对应物)→M>1 不绕过我方 vec_dot·WEFT banner 67× 坐实。★第 2 步 A/B(N=10 interleaved·gcc-15.2 对称·仅 quants.c q5_K 核变量): DECODE speed_tg M=1 0.906 LOSS→M=4 1.090 WIN→M=8 1.164 WIN(IQR≤0.047)·PREFILL 全 1.23-1.24× WIN·与 kernel-axis M-sweep 逐点吻合 ~1-2%(0.896/1.115/1.192 vs 0.906/1.090/1.164)。★verdict=传导 WIN: 结构 null 排除+washout 排除(decode 穿越 parity 非 flat·prefill 硬赢)·机制坐实 ggml 16×16 tiled one_chunk 供冷权重摊销→M=1 冷 DRAM memory-bound(计算优势被掩)→M≥4 权重跨 batch 复用转 compute-bound(wider-LMUL 显现)·'M=8 新 regime' 机制 e2e 验证通过·首个 batch-regime 穿越 e2e 正例。★诚实: COUNT-NEUTRAL(q5_K 已绿·M>1 regime 结果·perf-covered/certified/kernel-sym 均未动)。模型代理 caveat: 8B DeepSeek-Q5_K_M 太慢(1.7/0.78 tok/s)→requantize tinyllama-q5_K_M(783MB·87% q5_K·sha256 a676aa7f·每权重 7.56MB>cache→穿越 regime 保留·8B 更 memory-bound→方向保守)。bit-exact weft==stock vl=8·MIRAGE 排除·banner 证核在跑。卫生复原 md5 双证·禁 git 遵守。canon 建议(必问·留协调者): [CASE-MICRO-E2E-BATCHED-EXCEPTION]。,n_a(系统账 batched-e2e regime 验证·非 triage·count-neutral·decode 穿越机制坐实),"experiments/active/g7-census/q5k-rvv-batched-e2e/evidence.md + MANIFEST.md + board/{harness,raw/N10 log} + git 6abbf591 · 前置 M-sweep git 21de0f15",batch-regime-穿越-e2e-传导-WIN(首个正例·decode M1 0.906→M4 1.090→M8 1.164·prefill 1.24×·与 M-sweep 吻合 1-2%) + 结构性-null-排除(q5_K RISC-V 不 repack→标准 mul_mat_one_chunk 16×16 tiling=冷权重摊销真 e2e 对应·M>1 不绕过我方 vec_dot) + [CASE-MICRO-E2E-BATCHED-EXCEPTION]-候选(micro↛e2e 限 M=1 memory-bound·M≥4 batched tiling 恢复 compute-bound 则穿越·canon 必问) + COUNT-NEUTRAL(q5_K 已绿·regime 结果非 count mover),第三段收官-传导 WIN(count-neutral·M>1 regime 机制 e2e 坐实·首个 batch-regime 穿越正例)→ 终编成令三段全收口·perf-covered 9/83 不动·canon [CASE-MICRO-E2E-BATCHED] 候选待用户裁,experiments/active/g7-census/q5k-rvv-batched-e2e/evidence.md + git 6abbf591,裁-G7-第三段收官-q5_K@rvv-batched-e2e-传导WIN-2026-07-14(6abbf591)
G8-键控核查-硬门拦截伪键控-第一次实战执法-正面案例-2026-07-14,方法学正面案例(键控原则执法·独立核查 vs byte-exact·非 win/loss),n_a(内部键控合法性核查·非 vs-opponent),正面案例(独立核查在二→三硬门前拦截伪键控),键控原则第一次实战执法·byte-exact 不能替代决策合法性,[裁 G8 阶段二收尾令 六·2026-07-14] 独立核查在二→三硬门前拦截伪键控·入卷正面案例。事实: §四.3 独立核查 Workflow(w2un65944·7 agents·AI 代码级审查)判二→三=未过·揪出 byte-exact lit 漏掉的两处键控-原则缺陷: ①ROLL(82ad8ebf) resolveRepackMainTermRolled=return unrolledMainTermVwmacc>192=对可达 K-quant 超块族恒真=degenerate return true·部署默认对全族(GEMM+GEVM 双 VLEN)未测翻 unrolled→rolled=measured-gate 违反(恒真谓词) ②wide-vmadot(513bcb7b) epilogueBound=字面量 false/false/true=if(isQ4K) decline·伪装成 computed bottleneck(马甲硬编码)。★核心教训入宪: **byte-exact 绿 ≠ 键控决策合法性**——主会话 forced-relink lit 只验数值恒等·未验 measured-gate 纪律/谓词真伪·独立核查(fresh-eyes 读决策点代码)补上。复验制确立: 施工方自报'已修复'不作数·独立核查 agent 验证方 CLEAN。回修: ROLL→measured-gate 默认 unrolled(f814e344)·wide-vmadot→registry measured-negative(删 bool)。这是键控原则第一次实战执法·证独立核查在硬门前的拦截价值(比进阶段三才发现强)。,n_a(方法学正面案例·键控原则执法·非 triage),docs/reports/2026-07-14-G8-阶段二-键控核查报告.md §五 + Workflow w2un65944 + git 9aea47e4,键控核查-硬门拦截伪键控(恒真谓词 ROLL>192 + 马甲硬编码 wide-vmadot epilogueBound·byte-exact≠决策合法性) + 复验制(施工方自证无效·独立核查 CLEAN) + byte-exact-不替代决策合法性(入宪·键控原则第一次实战执法),登记正面案例·键控原则执法(独立核查=硬门前拦截伪键控·byte-exact 不替代决策合法性·复验制确立),docs/reports/2026-07-14-G8-阶段二-键控核查报告.md §五,裁-G8-键控核查-硬门拦截伪键控-正面案例-2026-07-14(9aea47e4)
G8-IME格-gcc-13-编译器例外-追认-CASE-COMPILER-ASYMMETRY-2026-07-14,编译器不对称案例登记([CASE-COMPILER-ASYMMETRY]·IME carve-out 追认),n_a(编译器口径例外·非 vs-opponent perf),追认(IME 格 gcc-13 例外·不进 0.8 分母·单列附注),IME carve-out 正式追认·例外仅限 IME 禁扩张,[裁 G8 阶段二收尾令 一·2026-07-14] IME 格使用 GCC-13 正式追认(入 [CASE-COMPILER-ASYMMETRY])。事实: xsmtvdotii1p0(IME march)被 clang-18 拒(unsupported version 1.0·clang-env casefile board-identity-table 实证)·仅 gcc-13 接受→IME 格(q4_0/q8_0/q4_K@ime)不能 clang-18 对称。裁定四条: ①入编译器不对称案例登记(本行) ②IME 格不进本轮 0.8 硬门分母(与双板豁免同理·逐格披露) ③IME 的 gcc 结果不混入 clang-18 主表·单列附注 ④★此例外仅限 IME·禁扩张为任何其他逐格例外——后续若再现工具链不兼容·逐案回门·不得援引本例自决。0.8 硬门分母=matmul kernel-sym + forward-op(全 clang-18 对称)·IME 格 out-of-分母 gcc-13 carve-out 合法。preflight D2 已记。,n_a(编译器口径例外·追认·非 triage),experiments/active/g8-stage1-clang-env/preflight-assertions.md(D2) + board-identity-table.md + git 7406015b,IME-格-gcc-13-编译器例外([CASE-COMPILER-ASYMMETRY]·clang-18 拒 xsmtvdotii1p0·IME 不能 clang-18 对称) + IME-不进-0.8-分母(与双板豁免同理·逐格披露·gcc 结果单列附注不混主表) + 例外仅限-IME-禁扩张(后续工具链不兼容逐案回门·不得援引自决),追认(IME gcc-13 编译器例外·不进 0.8 分母·gcc 单列附注·仅限 IME 禁扩张·后续逐案回门),experiments/active/g8-stage1-clang-env/preflight-assertions.md + git 7406015b,裁-G8-IME格-gcc-13-编译器例外-追认-2026-07-14(7406015b)
G8-阶段三-§六-双板-0.8-baseline-clang18域-K-quant-GEMM-翻正-gcc-death-张力-2026-07-14,S(0.8 硬门 kernel-sym cold baseline·双板·clang-18 对称域 MAIN·gcc 部署附注),如§五真派发核(clang-18 重编·rvv block-dot cross-op / k1 hand-brick same-op),baseline(rvv 16/28 PASS·k1 13/28+5 PENDING·双板成对~12·真硬赢~0),clang-18 MAIN vs gcc-death 部署张力·真-硬碰硬赢强手调=0,[裁 G8 阶段三 §六 双板 cold 重测 fb367b5c/0bd7e92a] 0.8 硬门 kernel-sym cold baseline 双板落定(clang-18 对称域 MAIN·N≥10·冷态·byte-exact 全过·回填 T3_A/T3_B)。rvv 16/28 PASS · k1 13/28 PASS + 5 K-quant GEMM PENDING(同 same-op hand-brick 需 ours repack 重导出+harness·follow-up)。★★头条载重发现+张力: clang-18 域下 rvv K-quant GEMM cross-op(vs block-dot·rvv 零 repack hand-brick)从 gcc-batch1 全 LOSS 翻正(S6-tiled q2/q4/q5_K @prefill WIN 1.1-1.57×·判别键=我方核 S6-tiled·q3/q6_K PLAIN 仍深 LOSS)·根因=clang-18 治 gcc un-pipelined codegen 崩塌(gcc 慢 clang 2-3.4×)。★但两重优惠须诚实标: ① cross-op 弱对手(block-dot 非同-op hand-brick·k1 才是真 hand-brick 同-op·PENDING) ② clang-18 域(rvv 出货=gcc·gcc-death 下仍 LOSS)。★★主会张力(用户 clang-18 统一裁决所生·须知会): clang-18 MAIN 与 memory「q4_K rvv gcc-death」+ canon「rvv shipped=gcc」冲突·0.8 主表(clang-18 对称=公平 kernel-sym)不预测 e2e(gcc 部署)现实·[CASE-COMPILER-ASYMMETRY] 加剧。按决令走 clang-18 MAIN·gcc-death=部署轴附注(batch1 LOSS 保留)·【不主张 gcc 部署下同赢】。★★★成色诚实定格(与 G7 census 一致): 真-硬碰硬赢强手调 ≈ 0(rvv K-quant GEMM 翻正=cross-op 弱+clang-18 域·k1 真 hand-brick PENDING·FLAT=parity-by-adoption tautological·q5_K/nvfp4=对手 immaturity)·真机制 WIN 集中 forward-op(rms_norm 1-pass/add·mul wide-m8/softmax·silu vcpop-fix=键控杠杆兑现·双板 8/9)·matmul 轴天花板=weight-recon floor + 强 _vl256/gather 手调(结构性)。双板成对 PASS≈12(FLAT 3+q5_K vecdot 1+forward 8·K-quant GEMM 5 PENDING·iq/fp4 0 双板)。,n_a(0.8 baseline·非 triage·clang-18 MAIN gcc-death 附注·真硬赢~0 结构性),"experiments/active/g8-stage3-cold-remeasure/{rvv,k1}/evidence.md + T3_A/T3_B 回填 + git fb367b5c/0bd7e92a",§六-双板-0.8-baseline(rvv 16/28·k1 13/28+5 PENDING·双板成对~12·byte-exact 全过) + clang-18-域-K-quant-GEMM-翻正(cross-op 弱+clang-18 域优惠·S6-tiled 判别键·gcc-death 治愈) + clang-18-MAIN-vs-gcc-death-张力(用户裁决所生·主表不预测 e2e·须知会) + 真-硬碰硬赢强手调-≈0(matmul 结构天花板·forward-op 键控杠杆真赢),baseline 落定·clang-18 MAIN(gcc-death 附注·张力 flag 用户)·真硬赢~0·输格进 §六.3 攻坚(优先靶单)·K-quant GEMM 5 PENDING follow-up·DEQ-AXIS 18 clang-18 重测 follow-up,"experiments/active/g8-stage3-cold-remeasure/{rvv,k1}/evidence.md",裁-G8-§六-双板-0.8-baseline-clang18-gcc-death-张力-2026-07-14(fb367b5c)
G8-§六.3-攻坚1-K-quant-GEMM-q3_K-q6_K-S6-strip-outer-双双翻正-reversal-verified-2026-07-15,A(kernel-sym cold 0.8 硬门·双翻正·prior-sealed-NULL 反转·独立复验 CLEAN),factory-block-dot(rvv K-quant GEMM cross-op vs vl128 block-dot·clang-18 对称域 MAIN),WIN(q6_K 0.96-1.14 clean-unrolled·q3_K 1.40 rolled-conditioned·PLAIN 0.16→翻正·rvv 0.8 16→18/28),反转-2026-07-08-sealed-NULL(旧 decode-strip S6 lever≠本役 accumulator strip-outer·两 lever 正交·0708 T3_A NULL 行 183/175 保留=其 lever 历史事实·不覆盖),"[裁 G8 §六.3 攻坚#1·38abf20eb·2026-07-15] K-quant GEMM q3_K/q6_K S6-strip-outer 双双翻正过 0.8。★解剖(objdump·决令§六.3.a): 判别键=累加器寄存器悬崖溢出(非 6-bit dual-plane weight-recon 内禀墙)·q6_K PLAIN spill 2212→S6 97·q3_K 2244→rolled 110·MAC(vwmacc)恒等 2304/2176·铁证 vwmacc.vx→csrr→vs1r 即刻 spill。★施工: emitRepackKQuantGemmBody{Q6K,Q3K} weight-strip for-h 提到 block loop 外(strip-outer)·累加器[c][h]→[c]·live-set ~64→36 vreg·纯发射重排 fold 序不变→byte-exact。★G1: DYNAMIC S6==PLAIN 27/27 shapes·lit K-quant GEMM 20/20(主会 forced-rebuild 复验)。★G2 cold(clang-18 对称·vs §六 sealed real-dispatched block-dot·core8·N≥12): q6_K S6-unrolled nr16 0.96/nr64 1.14 WIN·q3_K S6-rolled nr16 1.40 WIN。★★prediction 证伪(决令一.③): '6-bit dual-plane recon 内禀墙'/[XFER-1] q6_K/q3_K weight-bound NULL = 旧 decode-strip S6 lever(0708 clang-17)结论·本役 accumulator strip-outer 不同 lever·正交·翻正。★独立复验(收尾令二复验制·a733e7d5·sonnet): from-source rebuild(非信 artifact)·parent-commit 重导 PLAIN·四项全 CLEAN: ①strawman 检验 PASS(PLAIN 复现 §五 sealed 0.165/0.167·非弱化 baseline) ②对手真实性 PASS(vmacc.vx/vwredsum.vs 真 hand-tuned vl128 block-dot·非 stub) ③byte-exact PASS(27/27×3 核·lit 31/31) ④q3_K rolled 诚实性 PASS(unrolled 默认 0.73-0.79<0.8 确认·WIN 只在 rolled)·q6_K 复现更高 1.06-1.10。min-term 3-反转教训不重演。★★诚实 caveat 硬标: ① clang-18 域(决令 MAIN)·rvv shipped=gcc·gcc-death 部署未测(strip-outer 消 spill 编译器无关·预计亦改善·待复测)[CASE-COMPILER-ASYMMETRY] ② q3_K PASS ROLLED-STAMP-CONDITIONED·默认 unrolled=0.73-0.79<0.8·[ROLL] measured-gate proxy q3_K/q6_K 同键→无法独立 auto-select·当期板供 measured 证据·auto-select 需 gate 细化 decode-cost(禁 format-name 硬编码·结构级 follow-up)。",n_a(kernel-axis 0.8 硬门 kernel-sym·非 triage·双翻正·独立复验 CLEAN),experiments/active/g8-stage3-attack/kquant-gemm-s6-q3q6-rvv/raw/objdump_metrics.txt + cold_ab_summary.txt + evidence.md,S6-strip-outer-accum-cliff-fix(weight-strip for-h 外提·累加器[c][h]→[c] live-set 64→36·spill collapse q6_K 2212→97/q3_K 2244→110·MAC-identical·byte-exact 27/27·orthogonal-to-0708-decode-strip-lever) + prediction-falsified(6-bit-recon-wall≠intrinsic·实为 accumulator-register-cliff·决令一.③) + [ROLL]-decode-cost-keying-follow-up(q3_K→rolled/q6_K→unrolled 同 proxy·auto-select 需细化·禁 format-name·结构级) + reversal-verify-protocol(from-source-rebuild 独立复现拦 prior-sealed-NULL 反转风险·收尾令二复验制),翻正登记(决令一.③ 与预判相反照常登记)·rvv 0.8 16→18/28(q3_K rolled-conditioned·auto-select pending [ROLL] follow-up)·canonical T3_A 33/36 flip PASS·headline 更新·k1 P1 在飞(a320e227)·next rvv 攻坚 board 释放后起,experiments/active/g8-stage3-attack/kquant-gemm-s6-q3q6-rvv/evidence.md + verify-agent-a733e7d5-CLEAN + git 38abf20eb,裁-G8-§六.3-攻坚1-q3q6-S6-strip-outer-双翻正-reversal-verified-2026-07-15(38abf20eb)
G8-§六.3-rvv-M=1-vec_dot-具名-X-sweep-6格-4Exit-C+2次路-2026-07-15,C(具名-X 认输体例·M=1 GEVM vec_dot·决令二·非新 win·loss-with-named-gap),factory-block-dot(K-quant vl128 hand-tuned)/native-vec(q5x qh5bit)·clang-18 对称,loss-named-X(4 K-quant Exit-C·2 q5x 次路-pending-verify·无懒认输·needs-fresh-attack=0),具名-X 认输 ≠ 懒认输: 六格 prior 证据全真攻坚(多 commit byte-exact 板/silicon)·决令一遵守(证据取该格 G2 实测非预判),[裁 G8 §六.3 具名-X 编纂 acfb3aff·2026-07-15] rvv M=1 vec_dot 6 输格逐格核验+决令二体例四件齐。★A 组 K-quant super-block vec_dot(q2/q3/q4/q6_K·M=1 GEVM·cold 0.18-0.34×): 具名-X 认输·残余 X=M=1-weight-recon-amortization-floor(weight-recon 每输出恒定·nr=1 无 [c] 累加器数组→GEMM 轴 S6-strip-outer 摊销 M=1 不适用)。认输锚=实测 G2 对照(同一 recon 代码·GEMM nr≥16 PASS[L32 1.112/L33 1.399/L34 1.114/L36 0.960]·GEVM nr=1 per-output NOT-MET[q2 1.62×/q3 4.77×/q4 IPC 崩/q6 4.92×])·非 T-CENSUS weight-recon-floor 预判措辞(决令一)。等价构造实际尝试(逐格): native-mask 削重建 DEPLOYED(df7dae7d q3_K byte-exact v-insn−19.5%)·P1 GEVM Emission Plan(806a7cc1 byte-exact 三证)·P2 板 IPC NEGATIVE 干净证伪(67d49316 colgroup TG=2 spill 53×)·whole-K roll(2bbee909)·GEMM 轴翻正(38abf20eb q3/q6_K S6)。真 beat 归 GEMM 轴(Exit-C·四格 GEMM 行皆 PASS 0.8)。★B 组 FLAT vec_dot(q5_0/q5_1·cold 0.45×): 次路·此 block-dot vec_dot = 非部署 secondary 路·qh 5-bit 平面重建发射发散[GAP-Q5x-QH-BLOCKDOT-EMIT]·部署 decode 路 = REDESIGN-B repack-GEVM 削重建 leaf(40c21de0·kernel 2.2-2.5× vs stock·prefill e2e 1.21× 绿·decode e2e 0.929×<parity 如实标)。★★开门张力(禁赛道躲门·须一次板测定夺): 0.8 gate 应测部署核(REDESIGN-B)非非部署 block-dot(0.451)·若部署 REDESIGN-B kernel-sym M=1 cold clang-18 ≥0.8 vs 真对手→q5_0/q5_1 应 PASS(rvv 18→20/28)·§六 baseline 测了非部署 block-dot=可能测错核·未测前保守留 FAIL(不盲升不盲留)。★needs-fresh-attack=0(六格 prior 非薄 census)。,n_a(具名-X 认输体例编纂·非 triage·M=1 GEVM vec_dot·loss-with-named-gap),"experiments/active/g8-stage3-attack/named-x-rvv-vecdot/report.md + g8-stage3-opponent-reparse/rvv/objdump_metrics_rvv.txt + 各格 casefile(l1-t3-q{2,3,5,6}k/kquant-l1-q6q2q3/kquant-gemm-s6-q3q6-rvv)",M=1-weight-recon-amortization-floor(K-quant super-block vec_dot·per-output 恒定 recon·nr=1 无摊销·GEMM 轴 S6-strip-outer 在 M=1 NA·真 beat 归 GEMM 轴 Exit-C) + [GAP-KQUANT-VECDOT-VS-NATIVE-RVV](对手 _vl128 full-unroll 专化·辅) + [GAP-Q5x-QH-BLOCKDOT-EMIT](q5_0/q5_1 block-dot vec_dot qh 发射发散=非部署次路·部署路 REDESIGN-B 已解) + q5x-deployed-kernel-sym-verify-pending(禁赛道躲门·部署核 M=1 cold ≥0.8? →18/20/28 待测),具名-X 认输登记(4 K-quant Exit-C·T3_A L27/28/29/31 verdict NAMED-X-EXIT-C·GEMM 行交叉引 PASS) + 次路登记(2 q5x·T3_A L24/25 SECONDARY·deployed REDESIGN-B 指针) + tally 不变 18/28(具名-X 不flip PASS/FAIL) + q5x 部署核 kernel-sym-verify 入队(可能 18→20),experiments/active/g8-stage3-attack/named-x-rvv-vecdot/report.md(编纂 agent acfb3aff·全格四件齐·指针可核),裁-G8-§六.3-rvv-vec_dot-具名-X-sweep-6格-2026-07-15
G8-§六.3-P1-k1-K-quant-GEMM-5家族-2clean+1prov+2pending-8x8-deferred-2026-07-15,A(k1 kernel-sym cold 0.8·K-quant GEMM·real hand-brick 对手·q4_K anchor 复现·部分 WIN),factory-repack(k1 real 16x1/8x8 RVV hand-brick·per-board strong) + factory-block-dot(q3_K 无 repack),WIN-partial(q4_K 1.187× byte-verified CLEAN·q3_K 2.92× vs block-dot CLEAN·q2_K 1.36× PROVISIONAL·q5_K/q6_K PENDING-8x8-deferred),archive-0.622x-LOSS-flip(那是 vl=8 核·本役 vl=16·判别键=VLEN 利用度·与 memory 双核分立一致·非算法变化),[裁 G8 §六.3 P1·a320e227·2026-07-15] k1(VLEN256) K-quant GEMM 5-家族 cold A/B 普查·真派发对手符号级探针。★q4_K = clean WIN 1.187×(nr16)/1.161×(nr64) vs REAL ggml_gemm_q4_K_16x1_q8_K hand-brick(@0xabe58·rvv238/mac80)·**byte-verified nbad=0/8192**·**Win-K1-VLEN anchor 复现~1.197×**·翻转 archive vl=8 核 0.622× LOSS(判别键=VLEN 利用度 vl8→vl16)。★q3_K = clean PASS 2.92× vs block-dot·q3_K **唯一无 hand-brick**(ggml_gemm_q3_K=1-insn stub·不在 repack registry·block-dot=真派发对手)。★q2_K = PASS-PROVISIONAL 1.36× vs REAL ggml_gemm_q2_K_16x1 hand-brick·**timing-valid 但 byte-layout 异 nbad=8114**·correctness 未 fresh 验(靠既有 verifier)·opp 16x1-vs-8x8 派发 ambiguity·须 fresh INT ref。★★q5_K/q6_K = **PENDING(非 PASS·对手纪律订正)**: agent 测 vs block-dot(4.45×/1.77×)但**真派发对手=ggml_gemm_q5_K_8x8(rvv646)/q6_K_8x8(rvv201) RVV hand-brick·在 dispatcher repack registry**·8x8 native layout 无法无损构造 ours-equivalent(两布局试皆 cache-thrash 0.09-0.13 GMAC/s 伪影)→measured-vs-blockdot INVALID for gate(禁挑弱对手)·具名 X=需 ggml 自家 repack 产 8-way weight interleave + q8_Kx8 + fp16 scale 精确位置(超 census scope)。★大板异坐实: k1 有真 same-op hand-brick(q2/q4/q5/q6_K)·rvv 零 K-quant repack·k1 GEMM 过 0.8 比 rvv 难。★板卫生: core0 pin·co-tenant paired ratio 抵消·k1 无 cache PMU·stock .so md5 871169a0·ours clang-18.1.8 Bianbu zvl256b cleanfp。,n_a(k1 kernel-sym 0.8·K-quant GEMM·部分 WIN + 对手纪律订正·非 triage),"experiments/active/g8-stage3-attack/kquant-gemm-k1/{evidence.md,summary_k1_kquant_gemm.csv,raw/opponent_identity_k1,raw/run_full.log}",k1-q4_K-vl16-Win-K1-VLEN-anchor-reproduced-1.187x-byte-verified(flip archive 0.622x vl8·判别键 VLEN 利用度) + 大板异-confirmed(k1 real hand-brick 16x1/8x8 present·rvv zero K-quant repack) + [GAP-K1-8x8-HANDBRICK-NATIVE-LAYOUT](q5_K/q6_K 8x8 opponent 无法无损构造 ours-equiv·需 ggml repack 8-way interleave·real攻坚 pending) + q2_K-byte-layout-diverge(nbad8114·correctness-not-fresh) + 对手纪律订正(q5_K/q6_K measured-vs-blockdot INVALID·real=8x8 hand-brick·PENDING 非 PASS),k1 0.8 tally 13→16/28(q4_K/q3_K clean + q2_K provisional·q5_K/q6_K PENDING)·2 PENDING follow-up=q5_K/q6_K vs 8x8 hand-brick benchmark(需 ggml repack 8-way harness·k1 board·下一 k1 攻坚线)+q2_K fresh INT ref correctness verify 入队·T3_B L33-37 回填(q5/q6 订正 PENDING),experiments/active/g8-stage3-attack/kquant-gemm-k1/evidence.md,裁-G8-§六.3-P1-k1-K-quant-GEMM-2clean+1prov+2pending-2026-07-15
G8-§六.3-rvv-iq1_s-iq1_m-gather-真攻坚-2具名-X-emit-maturity-2026-07-15,C(具名-X 认输·emit-maturity·真构造 gather-widening byte-exact 但未足·决令二),factory(iq1_s/iq1_m vl128 hand-tuned all-vector gather),loss-named-X(iq1_s 0.27→0.44·iq1_m 0.15→0.18·gather-widening 真 lever byte-exact 未翻正·2 emit-maturity X 隔离证明),emit-maturity-X-非硬件墙(对手同板已证可快·X 可检验可构造·gather-widening 真但不足一步),[裁 G8 §六.3 iq-gather 攻坚·acfdf18b·2026-07-15] rvv iq1_s/iq1_m vec_dot 真解剖+真构造(gather-widening byte-exact)+真测·两格未翻正·各出真具名-X(体例四件齐·均源本格解剖+构造+G1/G2·非预判)。★解剖: iq1_s 对手 vl128 tot225/gather4(e64 m4 64w/gather)/vset41=grid-index 全向量寄存器合成(vle16 qh→vsrl/vand/vwmulu scale-delta+vmerge sign+vrgather/vid 播散+vzext/vor 拼 11-bit)·scale 延后向量化。我方 baseline gather8(m2)/vset79=ternary_grid_index 标量链→栈 tmp[4]→vle16 回读→窄 gather。iq1_m 对手 gather2/vset17·我方 gather16(m1)/vset158+32× 8-elem tiny vwredsum+15 spill=0.15× 根因。★构造(gather-widening 纯发射重排 byte-exact·改 RVVToEmitCTernaryBinary.cpp·patch 存 casefile emitter-diff): iq1_s 成对子块→ONE i64m4 gather(64w)+ONE i16m8 vwmul+vget 两半窄归约·iq1_m 整子块 ONE i64m2 gather+vget 两半。★G1 byte-exact 0mism/0ULP M=1&M=8 两格·G2 cold(clang-18 对称 M=1 K=2048 core8): iq1_s vset79→45 gather8→4 cold 0.27→0.44(~1.6×)·iq1_m vset158→134 gather16→8 cold 0.15→0.18(+13%)。★★具名-X 隔离证明(决令二残余 X·可检验): iq1_s 残余=标量 grid-index 合成(index-serial-dep+stack 往返)·杠杆后 ours vset45/gather4 已追平对手41/4 仍慢 2.2×→残余证明性非 gather 宽度非 vset churn 而是标量 index(对手全向量零栈)·follow-up=vector grid-index primitive FIXABLE。iq1_m 残余=32× 8-elem tiny-reduction 病灶(sum2/delta)+标量 index·grid gather 减半仅+13% 实证瓶颈在 micro-reduction 非 grid gather·follow-up=per-group 符号和向量化批处理。两 X 均非硬件墙(对手同板证可快)。★发射器改动已 revert(tree 干净·避免共享文件留改+lit 红)·patch preserved 供采纳(成本=再生 4 iq1 lit fixture)。,missing_pattern(emit maturity·vector grid-index primitive 未建[iq1_s]·tiny-reduction 未向量化[iq1_m]),"experiments/active/g8-stage3-attack/iq-gather-rvv/{evidence.md,emitter-diff/,kernels/{baseline,wide},raw/}",[GAP-IQ1-SCALAR-GRID-INDEX](iq1_s 残余=标量 index 合成·gather-widening 追平 gather/vset 后仍 2.2×·vector grid-index primitive FIXABLE 非 hw 墙) + [GAP-IQ1M-TINY-REDUCTION](iq1_m 32× 8-elem micro-reduction 病灶·grid gather 非瓶颈·per-group sign-sum vectorize) + gather-widening-lever(byte-exact·iq1_s vset79→45/gather8→4/0.27→0.44·iq1_m 0.15→0.18·patch preserved),2 具名-X 登记(T3_A L37/38 NAMED-X-EMIT-MATURITY·未翻正)·gather-widening patch preserved(采纳成本 4 iq1 lit fixture regen·低优先 niche 1-bit)·follow-up=vector grid-index primitive(iq1_s 潜在翻正)+tiny-reduction vectorize(iq1_m)·tally 18/28 不变,experiments/active/g8-stage3-attack/iq-gather-rvv/evidence.md,裁-G8-§六.3-iq-gather-真攻坚-2具名-X-emit-maturity-2026-07-15
G8-§六.3-P1fu-k1-8x8-premise-falsified+q2_K-WIN-retracted-双反转-2026-07-15,A(k1 kernel-sym·双反转·8x8-premise falsified→q5_K/q6_K PASS·q2_K correctness bug→WIN retract),factory-block-dot(q3_K/q5_K/q6_K deployed·k1 无 riscv K-quant repack for these) + factory-repack(q4_K 16x1),mixed(q5_K PASS 4.45×/q6_K PASS 1.77× vs DEPLOYED block-dot·q2_K WIN RETRACTED correctness-bug·q4_K control byte-correct confirmed),双反转(① 我 integrator PENDING 订正 over-conservative→8x8 not dispatched→q5_K/q6_K PASS ② q2_K provisional→correctness bug→FAIL·两步均深查纠正),"[裁 G8 §六.3 P1-followup·a099e230·2026-07-15] k1 q5_K/q6_K vs 8x8 真攻坚 + q2_K correctness fresh ZERO-MODEL·双反转(非确认)。★方法突破: stock .so(md5 871169a0)导出 ggml 自家 repack 例程 ggml::cpu::repack::repack<block_qX_K,I,N>→驱动它产真 native 8x8 buffer(非手构·前序 P1 手构 0.09 GMAC/s 误诊 cache-thrash)·每对手输出对拍独立 scalar dequant-dot ZERO-MODEL 参考(nbad=0)。★Task1 q5_K/q6_K 8x8-premise FALSIFIED: 8x8 harness 喂对(nbad=0/8192)→0.09/0.13 GMAC/s 是真吞吐(前序 artifact 诊断错)·**但 8x8 从不在 k1 派发**: ggml_gemm_q5_K_8x8 riscv 上=generic fallback(vluxei64×15/vmacc.vx×14/**vwmacc=0**=auto-vec 非 hand-brick)·且 ggml_repack_get_optimal_repack_type(repack.cpp:4644-4665)**无 riscv_v branch for q5_K/q6_K→nullptr→不 repack→block-dot 部署**(q4_K/q2_K 有 riscv_v→16x1 branch·对比)。→q5_K/q6_K 真部署对手=block-dot·ours PASS 4.45×(q5_K)/1.77×(q6_K)·29×/17× vs 非部署 generic 8x8 仅 dead-code 脚注。★★我 integrator 前次 PENDING 订正(基于 symbol-list 见 8x8 in repack registry)over-conservative→本役 source-level dispatch check 权威纠正→q5_K/q6_K PASS(非 PENDING)。★Task2 q2_K correctness: q4_K positive control(同 16x1 harness·ours+ggml-16x1 both nbad=0 vs 独立 ref)→harness 验证·并独立复确 ours q4_K byte-correct+1.17× win。q2_K: 正确 q8_K_4x1 activation(INTER_SIZE=1)下 ggml_gemm_q2_K_16x1 match ref(nbad=0)·**但 ours q2_K max_rel 2.0 nbad≈all-wrong** 于 q4_K control 通过的同一 canonical layout→**ours q2_K 算错(real kernel bug 或 q2_K-specific feeding-mismatch)**·census '1.36× timing WIN' **RETRACTED**(fast-but-wrong≠win)·caveat: feeding-mismatch 未绝对排除但 q4_K control 强指向 ours bug。",physical(q5_K/q6_K 无 riscv repack dispatch→block-dot 部署) + missing_fact→q2_K-correctness(ours q2_K GEMM 算错·real defect 待查),"experiments/active/g8-stage3-attack/kquant-gemm-k1-8x8/{evidence.md,summary_8x8.csv,harness_8x8.cpp,raw/dispatch_and_opponent_nature.txt}",[GAP-K1-Q5Q6-NO-RISCV-REPACK-DISPATCH](get_optimal_repack_type 无 riscv_v branch q5_K/q6_K→nullptr→block-dot deployed·8x8 symbol=arm/x86 riscv-generic-fallback vwmacc0·从不 dispatched·checkable-source) + [BUG-K1-Q2K-GEMM-WRONG](ours q2_K GEMM max_rel 2.0 all-wrong vs ZERO-MODEL ref·q4_K control passed 同 harness·likely real bug·correctness-investigation-queued) + method-8x8-harness(驱动 ggml 自家 repack 例程产 native buffer·q4_K positive control validates·反 hand-build 误诊),k1 16→17/28(q3/q4/q5/q6_K PASS·q2_K FAIL-WIN-retracted-correctness·0 PENDING)·★q2_K correctness investigation 入队(ZERO-MODEL·real bug vs feeding-mismatch·若真 bug 则 deployed q2_K GEMM 缺陷 contradicts prior byte-exact 需查)·8x8-premise 反转坐实(我 PENDING over-conservative·source dispatch 权威),experiments/active/g8-stage3-attack/kquant-gemm-k1-8x8/evidence.md,裁-G8-§六.3-P1fu-k1-8x8-falsified+q2_K-retracted-双反转-2026-07-15
G8-§六.3-q5_0-q5_1-deployed-kernel-verify-§六VOID-PASS-marginal-2026-07-15,A(kernel-sym cold·kernel-identity 纠正·§六 wrong-kernel VOID·PASS-marginal-provisional),native-vec(ggml_vec_dot_q5_0_q8_0/q5_1_q8_1·qh5bit VLEN-adaptive),PASS-MARGINAL(q5_0 0.896/q5_1 0.880 canonical median≥0.8·near-parity 非 win·shape-sensitive·§六 0.451 VOID),§六-0.451-VOID(测了非部署 block-dot 核·真部署=REDESIGN-B GEVM leaf)+REDESIGN-B-2.2-2.5x-NON-reproduce-clang18(本 session 第3次证伪),[裁 G8 §六.3 q5x deployed-kernel verify·ab302652·2026-07-15] 禁赛道躲门 兑现: §六 baseline 把 q5_0/q5_1 decode 测成 block-dot(0.451/0.446 FAIL)=**测错核**·真部署 decode 核 = REDESIGN-B GEVM leaf(40c21de0)。★核身份 CONFIRMED: 编译器 front door(--weft-rvv-lower-quant-contraction m_regime=decode)auto-select repack-GEVM path(emitRepackQ4LaneWiseIntegerCore·同 q4_0/q4_1 前门)·regen 核确认 native-mask sig(vlm_v_b16/vmnand/vsub q5_0·vadd q5_1·零 old per-lane-expand)·§六 的 q5_0.kernel.c 字面名 ..._block_dot(非部署 typed_flat_block_dot_loop_body 路·16 old-chain ops)·G5-M2 casefile(2026-07-12)8-gate 已验 repack-GEVM 是 decode 部署路。→**§六 0.451/0.446 FAIL VOID**。★byte-exact CONFIRMED(q5_0 0/N·q5_1 strict-int 0/N·float-order noise 1e-6 isolated)。★★perf marginal/noisy(clang-18 canonical redo): canonical shape K=2048/N=512 10 cold trials q5_0 median 0.896(10/10≥0.8)/q5_1 0.880(7/10≥0.8 min 0.655)·larger shape K=4096/N=4096 q5_0 掉 0.655(1/3)/q5_1 0.883(2/3)。★★★REDESIGN-B 原 claim 2.2-2.5× **NON-REPRODUCE** under clang-18-canonical cold(clusters parity 0.65-1.01 never 2×)=本 session 第3次证伪(8x8-premise/q2_K-WIN/本 REDESIGN-B)。裁定 = kernel-identity 纠正 decisive(§六 VOID)·0.8 gate 机械应用 canonical shape median≥0.8→PASS-MARGINAL(rvv 18→20)·但重旗标 near-parity/非win/noisy/shape-sensitive/REDESIGN-B claim 崩·PROVISIONAL 须决定性重测。成色诚实: 这不是强 win·是 competent-parity 勉强过门。,n_a(kernel-identity 纠正 + marginal PASS·非 triage·§六 wrong-kernel VOID),"experiments/active/g8-stage3-attack/q5x-deployed-verify/{evidence.md,raw/driver.cpp,trial CSVs}",q5x-deployed-kernel=REDESIGN-B-GEVM-CONFIRMED(front-door decode auto-select·§六 block-dot VOID wrong-kernel) + [FALSIFY-REDESIGN-B-2.2-2.5x-CLANG18](REDESIGN-B kernel-axis claim clusters parity 0.65-1.01 clang-18 cold·非 2x·session 3rd falsification) + [GAP-Q5x-SHAPE-SENSITIVITY](q5_0 0.896@K2048→0.655@K4096·gate-shape-dependence·广义所有格 gate shape 该 decode-realistic?),rvv 18→20/28(q5_0/q5_1 PASS-marginal-provisional·§六 FAIL VOID corrected·禁赛道躲门 兑现)·T3_A L24/25 订正·★queue 决定性大样本+decode-realistic-shape 重测(可能 downgrade)+广义 shape-gating 复审·成色: rvv 20 含 2 marginal·真硬赢强手调仍=1(q4_K@k1),experiments/active/g8-stage3-attack/q5x-deployed-verify/evidence.md,裁-G8-§六.3-q5x-deployed-verify-§六VOID-PASS-marginal-2026-07-15
G8-§六.3-q2_K-correctness-RESOLVED-feeding-mismatch-WIN-reinstated-2026-07-15,A(k1 kernel-sym·q2_K correctness ZERO-MODEL resolved·hard hand-brick WIN 重新起复),factory-repack(k1 real ggml_gemm_q2_K_16x1 RVV hand-brick·rvv196/vwmacc16),WIN(q2_K 1.36× vs REAL 16x1 hand-brick·byte-verified correct on deployed STRAIGHT layout·成色 deploy-patch-repack),4th-flip-reconciles-all(P1 PASS→8x8 retract[fed WRONG ggml-stock-permuted layout]→correctness 定夺 re-instate[ours CORRECT on deployed])·feeding-mismatch NOT bug,"[裁 G8 §六.3 q2_K correctness ZERO-MODEL·aa8f59ab·2026-07-15] [BUG-K1-Q2K-GEMM-WRONG] 定夺=**FEEDING-MISMATCH NOT bug**·前序 8x8 '真 bug WIN 撤销' 翻案。★ZERO-MODEL 实测(独立 canonical scalar ref·3 shape): ours 实编译核 on **STRAIGHT(部署布局) nbad=0/2048,0/128,0/4096**(max_rel 1e-4 IEEE reassoc)=核算对·ours on **GGML-STOCK(置换布局) max_rel 2.0 all-wrong**=精确复现前序(证前序喂 ggml-stock repack)·STOCK-on-STOCK nbad=0(验独立 ref 正确+置换布局是 stock 产物)。★根因: ours 读 scales **顺序** scales[s*16+c]·ggml stock **Sequential-Parallel 置换** {0,2,4,6,1,3,5,7,8,10,12,14,9,11,13,15}=唯一差异(256B scales 区)·why q4_K stock-drop-in PASS 但 q2_K 需 deploy-patch(q2_K stock 独有 scale 置换)。★部署自洽: deploy_patch_q2_K_emitted.py 同补丁 ggml make_block_q2_Kx16(置换→ours straight)+GEMM body→ours-make+ours-kernel 自洽正确·**部署无缺陷**。★prior certs(oracle host/silicon verify/05f96739 KNEST)全测 STRAIGHT=部署布局→**VINDICATED 非空心·输入路径同源覆盖本 GEMM 路径**·8x8 all-wrong 不 contradict(测部署不用的 stock-未补丁 feed)·本役 host 复跑 oracle GREEN。★timing 公平(stride-1344 buffer·work-volume content-independent)→1.364×/1.353× **WIN 重新起复**(成色 caveat: q2_K=deploy-patch-repack byte-verified·q4_K=stock-drop-in byte-verified·不同成色)。无 bug 无源码改。★真硬碰硬赢强手调 1→2(q4_K 1.187× + q2_K 1.36× 均 byte-verified vs real 16x1 RVV hand-brick)。",n_a(q2_K correctness resolved·WIN 重新起复·非 triage·feeding-mismatch NOT bug),"experiments/active/g8-stage3-attack/q2k-correctness/{evidence.md,q2k_adjudicate.cpp,raw/run_adjudicate.log}","q2_K-CORRECT-deployed(ZERO-MODEL ours-STRAIGHT nbad0 3shapes·[BUG-K1-Q2K-GEMM-WRONG] RESOLVED=feeding-mismatch·8x8 fed ggml-stock-permuted) + [GAP-Q2K-SCALE-PERMUTATION](ours sequential vs ggml stock Seq-Parallel {0,2,4,6...}·why q4_K drop-in q2_K 需 deploy-patch·enhancement=让 emitter 复刻 stock permutation 消 patch 依赖=结构级非 correctness) + prior-certs-VINDICATED(924dc31f/05f96739 tested STRAIGHT=deployed 非空心) + 真硬赢强手调-1→2(q4_K+q2_K byte-verified vs real 16x1)",k1 17→18/28(q2_K WIN 重新起复)·[BUG] resolved 无源码改·真硬赢强手调 2(成色升·q4_K+q2_K)·q2_K 成色=deploy-patch-repack(消 patch 依赖=让 emitter 复刻 stock scale permutation=结构级 enhancement·主会裁·非 correctness 修复)·min-term 教训: 4-flip 但本役 reconcile 全部前观测(非 shaky),experiments/active/g8-stage3-attack/q2k-correctness/evidence.md,裁-G8-§六.3-q2_K-correctness-feeding-mismatch-WIN-reinstated-2026-07-15
G8-§六.3-nvfp4-真攻坚-具名-X-reroll-trap-3rd-format-2026-07-15,C(具名-X 认输·emit-maturity·byte-exact 构造 null·决令二·bounded),naive(nvfp4 generic-alias arch-fallback·riscv-零-nvfp4·genuine-weak-architecture-gap),loss-named-X(nvfp4 cold null 1.001-1.011×·byte-exact re-roll 构造尝试·reproduces [GAP-P1] re-roll trap 3rd format),opp-GENUINE-WEAK-非strawman(ggml riscv 零 nvfp4·arm 有 NEON·真 architecture-coverage-gap·非挑弱) + re-roll-trap-canon-[GAP-P1]-第3个-format-confirmation,"[裁 G8 §六.3 nvfp4 攻坚·a0cdfb6c·2026-07-15] rvv nvfp4 vec_dot bounded 真攻坚·具名-X 认输(未翻正)。★对手成色 GENUINE-WEAK 非 cherry-pick: ggml_vec_dot_nvfp4_q8_0=generic alias(arch-fallback.h)·on-board 证 arch/riscv/quants.c **零** nvfp4(无 RISC-V 手调)·arch/arm 有 NEON=真 architecture-coverage gap·objdump tot214/rvv23/mac2 near-scalar。★解剖真瓶颈(反汇编非猜): ours tot371/rvv68/mac12 比对手更向量化却输·因 ~30%(44/371: 11 vs1r+11 vl1r+22 csrr vlenb 地址算术)=纯 RVV 寄存器 spill/reload·含 16-entry codebook 表被 push 栈重载。根因: QK_NVFP4=64 super-block 仅 4×16 sub-block·每个需 codebook(m1)+widen-mul(m2)+reduce(m2) 同时 live 跨 e8m1/e16m2/e32m4 SEW/LMUL 转换·超 allocator。★等价构造(nvfp4_attack.kernel.c): re-roll 4-way unroll 成 loop + hoist 冗余 fp16→fp32 scale decode·byte-exact 证在前。G1 byte-exact GREEN(0 mismatch vs BASE+OPP oracle·3 shape K2048 M∈{1,8} nc∈{64,512})。G2 cold A/B(clang-18 对称 core8·224MiB flush N12): attack/base 1.0015-1.0112× **NULL**(noise-floor)。★post-hoc re-disasm: spill 指令数 before/after **完全相同**(11/11/22)·LLVM -O3 把 rolled loop re-unroll 回近同机器码=**reproduces [GAP-P1] re-roll trap**·nvfp4 第3个 per-format board 确认(宪章规则2)。★残余具名 X=[GAP-NVFP4-VLEN128-SUBBLOCK-GRANULARITY-SPILL]·falsifiable(未来须实质 cut 22-insn vlenb-spill+11+11 spill·真降 e8m1/e16m2/e32m4 转换 simultaneous live vreg-group)。",physical(subblock-granularity spill·re-roll trap·LLVM -O3 re-unrolls·[GAP-P1]),"experiments/active/g8-stage3-attack/nvfp4-rvv/{evidence.md,nvfp4_attack.kernel.c,raw/ours_attack_full.dis.txt}",[GAP-NVFP4-VLEN128-SUBBLOCK-GRANULARITY-SPILL](QK64 4x16 subblock codebook+widenmul+reduce live across e8m1/e16m2/e32m4 exceeds allocator·falsifiable) + [GAP-P1]-re-roll-trap-nvfp4-3rd-format(LLVM -O3 re-unrolls·spill identical 11/11/22·board-confirmed),nvfp4 具名-X 登记(T3_A L40 NAMED-X-EMIT-MATURITY·FAIL·opp genuine-weak 标)·rvv sweep 完成(每 matmul 格 attacked→PASS/具名-X/marginal/suspended)·[GAP-P1] re-roll trap 第3 format 坐实,experiments/active/g8-stage3-attack/nvfp4-rvv/evidence.md,裁-G8-§六.3-nvfp4-具名-X-reroll-trap-2026-07-15
G8-§六.3-gelu-数值档不对等-判定挂起-双板-decree二-2026-07-15,n_a(gelu 单列·数值档不对等·判定挂起·不计 PASS 不计认输·decree二),scalar-f16-LUT(ggml_table_gelu_f16_BSS_LUT·查表·牺牲精度),JUDGMENT-SUSPENDED(数值档不对等·opp f16-LUT vs ours tanhf +2500× 精度·非公平速度 AB·待用户裁),gelu-单列-decree二(不走具名-X·不计 PASS 不计认输·0.8 判定挂起待用户裁: 同数值档重比 or 精度-速度双列),[裁 G8 §六.3 gelu·decree二·2026-07-15] gelu 双板(rvv T3_A L45·k1 T3_B L46)= **数值档不对等 JUDGMENT-SUSPENDED**·不计 PASS 不计认输。对手=ggml_table_gelu_f16_BSS_LUT(f16 查表·牺牲精度换速度)·ours=tanhf scalar(精度高 ~2500×)。二者数值档不对等→非公平速度 AB(对手用低精度 LUT·ours 高精度 tanhf)。decree二 gelu 单列条款: 不走具名-X·登记'对手数值档不对等'案例·0.8 判定挂起待用户裁(同数值档重比 or 精度-速度双列)。从 FAIL 移出=suspended 特殊类·rvv/k1 各 1 格 out of pass/fail 分母。,n_a(gelu 数值档不对等·判定挂起·非 triage·非 PASS/FAIL),"experiments/active/g8-stage3-opponent-reparse/{rvv,k1}/objdump_metrics.txt",gelu-数值档不对等-JUDGMENT-SUSPENDED(opp f16-LUT vs ours tanhf +2500× 精度·非公平速度 AB·decree二 gelu 单列·不计 PASS/认输·判定挂起待用户裁) + 分母调整(gelu 双板各 1 格 suspended·out of pass/fail 分母),gelu 双板 JUDGMENT-SUSPENDED 登记(T3_A L45/T3_B L46·从 FAIL 移出)·rvv 20P/7F/1SUSP·k1 18P/9F/1SUSP·待用户裁数值档,experiments/active/result-tables/T3_A_board_A_rvv1.0_vlen128.csv + T3_B,裁-G8-§六.3-gelu-数值档不对等-判定挂起-2026-07-15
G8-§六.3-k1-GEVM-sweep-q5-repack-win-declined-by-blanket-key+iq-named-X-2026-07-15,A(k1 kernel-sym·q5 repack-leaf byte-exact WIN 被 blanket-key declined=条件翻正·iq named-X),native-vec(q5_0/q5_1 native-vec·iq1_s/iq1_m gather·iq4_nl native-vec-mid _vl256),mixed(q5_0/q5_1 kernel-sym PASS-CONDITIONAL repack-leaf 1.190x/1.306x byte-exact WIN·deployment 被 blanket-q4_0-key declined·iq1_s/iq1_m/iq4_nl named-X),k1 VLEN256 结构与 rvv 相反(selector minVLEN==128||Prefill·rvv 收 repack §六 测错核/k1 decline §六 测对核 block-dot)·per-board 别外推,[裁 G8 §六.3 k1 GEVM sweep·ac5ea76f·2026-07-15] k1 VLEN256 M=1 GEVM 三组·决定性结构发现(与 rvv 相反)。★path-selector RVVContractionPathSelection:84 vlenOrPrefillFavorsRepack=minVLEN==128||Prefill: rvv VLEN128 decode→选 repack(部署 REDESIGN-B·§六 测错核)·k1 VLEN256 decode→**DECLINES repack**(reason block-dot-decline-q4_0-vlen256-decode-k1-loss)→部署 block-dot·**k1 §六 测对核**(3 法验·harness 复现 §六 q5_0 0.381 vs 0.383·iq4_nl 0.693 vs 0.694)。★结果(cold byte-exact vs stock-opp+oracle): q5_0 部署 block-dot 0.381 FAIL·**repack-mf2 leaf 1.190× WIN byte-exact**·q5_1 部署 0.396 FAIL·**repack 1.306× WIN**·iq1_s 部署 0.394·rvv gather-widen lever NOT-port VLEN256(i64m4 越界 byte-FAIL)·iq1_m 部署 0.383·lever port 但+6%→0.405(byte-exact·真瓶颈 tiny-reduction)·iq4_nl 部署 0.693·repack-leaf 0.248 更差(byte-exact)=repack-decline-JUSTIFIED。★★q5(赢) vs iq4_nl(输) 决定性对照: 同 blanket q4_0-key gate·q5 误伤(declined a win)·iq4_nl 命中(correctly declined)→证 gate 应 **per-format 而非 blanket**·一个 capability-key 即达·赢面已 byte-exact 证。★裁定: q5_0/q5_1 kernel-sym PASS-CONDITIONAL(emitter 能产 1.19×/1.31× byte-exact·部署 default block-dot FAIL·deployment pending per-format selector 修·kernel/system 账分离)·k1 18→20。★march 披露: decree march(zba/zbb)略 favors ours(iq1_m 0.247→0.383)·ours 仍 LOSS→判决 robust。★per-board 别外推 rvv。,misselection→q5(blanket q4_0-key mis-fire declines q5 repack win) + physical→iq1_s/iq1_m gather + iq4_nl repack-decline-justified,"experiments/active/g8-stage3-attack/k1-gevm-sweep/{evidence.md,kernels,objdumps,opponent-disasms}",[KEYING-DEFECT-BLANKET-Q4_0-VLEN256-DECODE-DECLINE](RVVContractionPathSelection:84 blanket·q5 VLEN256 repack WINS 1.19×/1.31× byte-exact 被误伤·iq4_nl 命中·证 gate 应 per-format·q5-vs-iq4_nl 决定性对照·capability-keyed 项目核心 novelty) + q5-VLEN256-repack-amortize-win(宽向量 amortize·rvv VLEN128 near-parity·per-board 不外推) + [GAP-IQ1S-LEVER-NOT-PORT-VLEN256](rvv gather-widen i64m4 越界) + iq4_nl-repack-decline-JUSTIFIED(codebook-gather-bound),k1 18→20/28(q5_0/q5_1 kernel-sym PASS-conditional·deployment pending per-format selector fix)·iq1_s/iq1_m/iq4_nl named-X·★dispatch per-format selector measured-gate 修(capability-keyed·byte-exact 赢面已证·deploy→clean 翻正)·per-format fix=项目核心 novelty,experiments/active/g8-stage3-attack/k1-gevm-sweep/evidence.md,裁-G8-§六.3-k1-GEVM-sweep-q5-repack-win-blanket-key-2026-07-15
G8-§六.3-q5-selector-fix-per-format-measured-gate-deployed-翻正-pending-verify-2026-07-15,A(k1 kernel-sym→deployed·q5 per-format selector fix·deployed repack 翻正·capability-keyed C1 novelty·pending verify),native-vec(q5_0/q5_1 real native-vec qh5bit VLEN-adaptive),WIN-DEPLOYED-pending-verify(q5_0 1.760×/q5_1 2.241× cold byte-exact 0/512·deployed repack-GEVM·selector per-format fix d109d6ed2),条件翻正→deployed(selector fix deploy 了 kernel-sym win·成色 vs native-vec competent 非 hand-brick·2nd tier),[裁 G8 §六.3 q5 selector-fix·aacafe2b·d109d6ed2·2026-07-15] per-format measured-gate 修使 q5_0/q5_1@k1 VLEN256 decode 部署 repack-GEVM leaf=deployed 翻正。★修法(合法 per-format measured-gate·非 hardcode/恒真/马甲): ① board-seeded registry kRepackVlen256DecodeMeasurements[](同 IME wide-vmadot kIMEWideFormatMeasurements 机制·keyed on committed scale_model WHAT 非 optional quant label): q5_0/q5_1=Beneficial(1.190/1.306 seed)·q4_0/iq4_nl=Negative(0.74/0.248)·provenance ac5ea76f·无行=保守 decline ② 新 capability-fact vlen256DecodeRepackBeneficial(optional bool)·readOpponentFacts 查 registry 填 ③ 纯 selector fact-3 per-format·零 format-name 逻辑(grep 证)。★G1: weft-opt 4-way fork(q5→repack·q4_0/iq4_nl→decline fail-closed·q5@VLEN128→旧串 rvv 零漂移)·lit RVV Conversion+Target 487/487(3 Scripts abi-e2e fail=预存 Python self-test 无关)·board byte-exact vs 独立 oracle q5_0 0/512·q5_1 0/512。★G2 board deployed(deployed==proven·k1 core2·32MiB flush·stock .so 871169a0 只读): 部署核=half_lanes16 whole-strip repack-GEVM·q5_0 cold **median 1.760×**(K4096 2.073)·q5_1 **2.241×**(2.393)·vs 真 native-vec·deployed block-dot 对照仍 0.38-0.41 FAIL(证对手真派发)。★deployed 强于 sweep isolated 1.19/1.31=deployed==proven 正向超出(部署 half_lanes16 vs sweep 手喂 half_lanes8 次优·sweep 已明注下界)非矛盾。★★PENDING independent verify a6fdf1a3(§四.3 复验制·byte-exact≠keying legit·施工方自证无效)·确认 keying 合法+deployed 复现+无 regression 后 finalize clean-deployed·成色 vs native-vec(competent 2nd tier·非 hand-brick)。,n_a(selector per-format fix·deployed 翻正·capability-keyed·pending independent verify),"experiments/active/g8-stage3-attack/k1-q5-selector-fix/{evidence.md,kernels,raw/run.log} + git d109d6ed2",q5-per-format-selector-measured-gate-FIX(d109d6ed2·registry kRepackVlen256DecodeMeasurements keyed on scale_model·mirrors IME wide-vmadot·zero-format-name-selector·untested→conservative-decline·[KEYING-DEFECT-BLANKET-Q4_0] RESOLVED) + q5-deployed-repack-1.76/2.24×(half_lanes16 whole-strip>sweep 1.19/1.31 half_lanes8 lower-bound·deployed==proven 正向超出·byte-exact 0/512) + capability-keyed-per-format-selection-DEPLOYED(项目核心 C1 novelty 兑现·1 capability-key deploy 2 wins),q5_0/q5_1 kernel-sym-conditional→PASS-DEPLOYED(selector fix d109d6ed2·board 1.76/2.24× byte-exact)·k1 20/28(q5 now deployed 非 conditional)·★PENDING independent keying+deployment verify a6fdf1a3·成色: 真硬赢 hand-brick 仍 2(q4_K/q2_K)+q5 deployed 2 wins vs competent native-vec(2nd tier)·capability-keyed novelty 兑现,experiments/active/g8-stage3-attack/k1-q5-selector-fix/evidence.md + git d109d6ed2,裁-G8-§六.3-q5-selector-fix-deployed-翻正-pending-verify-2026-07-15
G8-§六.3-q5-selector-fix-INDEP-VERIFY-CLEAN-finalize-2026-07-15,A(独立复验 CLEAN·q5 deployed 翻正 finalized·capability-keyed C1 novelty 独立坐实),native-vec(q5_0/q5_1 real native-vec·nm-verified stock 真派发),WIN-DEPLOYED-VERIFIED(q5_0 1.7535×/q5_1 2.2081× indep-repro·byte-exact 0/512·keying-legit·no-regression),复验制兑现(施工方自证无效·独立 a6fdf1a3 四项 CLEAN·§四.3 byte-exact≠keying legit),[裁 G8 §六.3 q5 selector-fix 独立复验·a6fdf1a3·2026-07-15] 四项全过·promotable YES·q5 finalize clean-deployed。① keying_legit YES: 纯 selector 零 format-name 逻辑(vlenOrPrefillFavorsRepack 唯读 facts.vlen256DecodeRepackBeneficial·grep 到 2 处 q5=doc 注释/reason 串非 live 分支)·registry keyed on op.getScaleModel()(ODS 里 scale_model=必填 StrAttr·quant 才是 optional human label)·selection 在 isRepack 判断前求值(construction 才按 scale_model 分派·不回灌 selection·此'selection 盲/construction 按 WHAT 分派'是该文件既定纪律非本次新开口)·未测→保守 decline·非马甲(q4_0/iq4_nl 仍 decline·比所仿 IME wide-vmadot 裸 weightFormat 串更严=key 在结构化 WHAT attr)。② lit 487/487(独立 forced-rebuild·3 Scripts abi-e2e fail=checkout 父 5fb003a56 逐字节相同报错确认预存·纯 Python self-test)。③ 4-way fork(weft-opt 直验·q5→repack half_lanes16·q4_0→decline·iq4_nl→fail-closed 无回归·q4_0@VLEN128→旧串零漂移)。④ board deployed CONFIRMED(独立 ssh k1 fresh build+run 未信 raw log·前门 artifact 独立 regen 与 casefile 字节级 diff 空=真源码产出·12 trials q5_0 median 1.7535×[range 1.7199-1.7763]/q5_1 2.2081×[1.7875-2.2312]·byte-exact 0/512+独立 oracle 0 mismatch·nm -D 证对手真派发 native-vec·block-dot 对照 0.38-0.40×·q4_0/iq4_nl decline 字节未变=数学保证无回归)。唯一发现=driver L98/103 注释语义颠倒(拷贝上役未更新·compute 逻辑对·纯 doc 卫生·已修)。,n_a(独立复验 CLEAN·q5 finalize·非 triage·复验制兑现),experiments/active/g8-stage3-attack/k1-q5-selector-fix/evidence.md + git d109d6ed2,q5-selector-fix-INDEP-VERIFY-CLEAN(keying-legit-非马甲[registry keyed on required scale_model StrAttr·selection-blind/construction-by-WHAT 既定纪律·比 IME wide-vmadot 更严]·lit-487/487[3 abi-e2e 预存确认]·4way-fork·board-indep-repro-q5_0-1.7535/q5_1-2.2081·frontdoor-artifact-byte-identical-to-source·opponent-nm-verified·no-regression) + capability-keyed-C1-DEPLOYED-VERIFIED(项目核心 novelty 兑现·1 capability-key deploy 2 wins·独立坐实),q5_0/q5_1 PASS-DEPLOYED-VERIFIED(独立复验 CLEAN·finalize)·k1 20/28·driver 注释卫生已修·成色 q5×2 deployed vs competent native-vec 独立坐实(2nd tier)·★matmul sweep 双板全收口(每格 attacked→翻正/deployed/具名-X/marginal/suspended·无懒认输·无未 attack),experiments/active/g8-stage3-attack/k1-q5-selector-fix/evidence.md + git d109d6ed2,裁-G8-§六.3-q5-INDEP-VERIFY-CLEAN-2026-07-15
G8-§六.3-DEQ-AXIS-re-parse-auto-promote-rvv-15-in-gate-k1-0-2026-07-15,A(DEQ-AXIS auto-promote·decree禁躲门·rvv 15 真向量对手升门 9PASS/6具名-X·k1 0-candidate),factory-autovec(rvv gcc-15.2 to_float 真向量 15/18) / factory-scalar(k1 18/18·rvv 3),mixed(rvv 9 PASS[3 genuine-vec-vs-vec + 6 WEAK-ours-scalar-vs-opp-autovec] / 6 具名-X·k1 0-candidate 全 scalar 合法),per-board 大异(rvv gcc-15.2 autovec 15 真向量→升门·k1 全 scalar 0 候选)·domain=gcc-15.2-deploy-lane≠clang18-matmul,[裁 G8 §六.3 DEQ-AXIS re-parse·a96f8c91·2026-07-15] 对手符号级重解析 auto-promote(decree: 真向量对手→升 0.8 硬门·禁以赛道归属躲门)。★per-board 大异(载重): **rvv(VLEN128) stock libggml-base.so(md5 1b4580c4·gcc-15.2 deploy to_float)auto-vectorized→15/18 TRUE-VEC**(仅 3 SCALAR: iq2_s/iq2_xs/nvfp4)·**k1(VLEN256) 18/18 SCALAR**(rvv=0 每格·decree-named cpu.so 871169a0 确认·dequant 符号在 sibling base.so 00267134)。★auto-promote: rvv 15 候选 cold A/B(复用 G7 census·gcc-15.2 对称·byte-exact 0/0)vs 0.8 门→**9 PASS/6 具名-X**(PASS: q2_K 0.82/q3_K 1.25/q6_K 1.66/iq1_s 0.98/iq2_xxs 3.88/iq3_xxs 1.47/iq4_nl 2.06/mxfp4 1.67/tq1_0 1.13·具名-X<0.8: q4_K 0.32/q5_K 0.61/iq1_m 0.35/iq3_s 0.25/iq4_xs 0.71/tq2_0 0.49)·**k1 0 候选**(全 scalar·auto-promote-IF 条件不满足=合法零候选·非 fabricated·18 全留 DEQ-AXIS)。★★成色硬旗(critical): rvv 9 PASS **仅 3 genuine-vec-vs-vec**(q2_K/q3_K/tq1_0·ours 亦 vectorized)·**其余 6=ours-SCALAR beating opp-AUTOVEC**(对手付 gather-tax/thin-autovec·弱 win class·emit-headroom·须标 ours-scalar/opp-immaturity 非 vector-superiority)。★domain: dequant in-denom=gcc-15.2 deploy lane(真 to_float 编译器)≠clang18 vec_dot/GEMM lane·per-lane deploy-matched symmetric(非 [CASE-COMPILER-ASYMMETRY] 违反)·须 display 分列 tag domain=gcc-15.2-deploy。★cross-val: whole-symbol re-parse 匹配 G7 census 18/18 per board。★rvv 0.8 gate 28→43(29 PASS/13 FAIL/1 SUSP)·k1 28 不变。,n_a(DEQ auto-promote·decree pre-registered 唯对手成色机判·非 triage),"experiments/active/g8-stage3-attack/deq-axis-reparse/{evidence.md,raw/deq_metrics_rvv.txt,raw/deq_metrics_k1.txt}",DEQ-AXIS-auto-promote-rvv-15(decree禁躲门·gcc-15.2 to_float autovec 真向量对手·byte-exact·cross-val G7 census) + rvv-gate-28→43(9 PASS/6 具名-X·内 6 PASS=WEAK-ours-scalar-vs-opp-autovec-immaturity 非 vector-superiority·仅 3 genuine-vec q2_K/q3_K/tq1_0) + DEQ-domain-gcc-15.2-deploy-lane(≠clang18-matmul·per-lane deploy-matched·须 display 分列) + k1-DEQ-0-candidate(全 scalar·legal·auto-promote-if 条件不满足),rvv 0.8 gate 28→43(29 PASS/13 FAIL/1 SUSP·+15 dequant·recon UNMARKED=0)·k1 28 不变·★display/weighting 须用户裁(per-lane[matmul-clang18 20/28 + dequant-gcc15.2 9/15 内 6 weak] vs blended 29/43·+ 6 weak-成色 dequant PASS 权重)=headline-def canon·预注册留空待裁,experiments/active/g8-stage3-attack/deq-axis-reparse/evidence.md,裁-G8-§六.3-DEQ-auto-promote-rvv15-k1-0-2026-07-15
G8-§六.3-iq1_s-vector-index-primitive-refined-具名-X-prior-hypothesis-falsified-2026-07-15,C(refined 具名-X·emit-maturity·vector-index built byte-exact 未翻正·2 honest-corrections·决令二),factory(iq1_s vl128 hand-tuned all-vector·opp vmv.x.s=2),loss-refined-named-X(iq1_s vector-index built byte-exact·cold 0.47 未翻正·true residual isolated·prior scalar-index hypothesis FALSIFIED·prior 0.27 artifact corrected),2-honest-corrections(prior scalar-index hypothesis FALSIFIED by vector-index build·prior 0.27 baseline=co-tenant artifact 真0.455),[裁 G8 §六.3 iq1_s vector-index·aa926779·2026-07-15] iq1_s vec_dot vector-grid-index primitive 真攻坚·未翻正(cold 0.47<0.8)→refined 具名-X·2 诚实纠偏。★做了什么: emitIQ1SSuperBlockGridBody 建 vector grid-index 合成原语(消 uint16 tmp[4] 栈+4× 标量 index 链+vle16 回读·全向量 vle8/vzext/vmv.v.x/vid/vmul/vsrl.vv/vand/vsll/vor·复用 q5 已证原语)·核 793→600 行·vset 79→68·栈往返清零·G1 byte-exact ZERO-MODEL M=1&M=8 0-mism。★G2(2×2 factorial+opp·静默板 clang-18): opp vset41/vluxei4/vmv.x.s2/HOT1.0·baseline vset79/8/10/0.453·wide vset45/4/10/0.432·**vecidx vset68/8/18/0.441 cold0.470**。★★2.2× residual invariant: index 向量化 AND gather 加宽 各推自己杠杆到 opp 平·都不翻·vecidx 反把 vmv.x.s 10→18。★★★prior-scalar-index-hypothesis-FALSIFIED: iq-gather casefile 记'残余=标量 grid-index'·本役实建向量 index→未翻·vmv.x.s 反增→**真残余在归约 scale-scheme·与 index 正交**。★真残余 X(可检验)=per-sub-block vmv.x.s(向量→标量抽取)+标量 ls*lsum/sumi+= 串行链(ours 10-18 vs opp 2 objdump)·判别键: wide 已平 gather/vwmul/vset opp(4/4/45)·vmv.x.s 仍 10·gather-parity 残余=extract-chain 非 index·两核 vwredsum=8 同数→残余非归约本身而是归约后抽标量+标量域施 ls·opp 反例 8 part-sum vse32.v→vmul.vv(×ls向量)→单 vredsum 只碰标量 2 次。★★prior-0.27-baseline-CORRECTION: prior baseline cold 0.27=co-tenant 内存压力 artifact·静默板 baseline 0.455==wide 0.456(无冷罚可消)·prior 'wide 0.27→0.44 improvement' 是压力伪信号。★真-fixable follow-up(结构级·非本役 scope): per-sub-block 收尾改向量域延后 scale 归约(8 part-sum 累进 vreg→1 vmul.vv 施 8 ls→单 vredsum 复刻 opp 2-vmv.x.s)。emit-maturity-X 非硬件墙·发射器 revert tree 干净(regen byte-identical)·patch 保全。,missing_pattern(emit maturity·vector-domain deferred scale reduction 未建·真-fixable structural·非 hw 墙),"experiments/active/g8-stage3-attack/iq1s-vector-index-rvv/{evidence.md,emitter-diff,kernels/iq1_s.vecidx.kernel.c,raw/}",[GAP-IQ1S-EXTRACT-CHAIN-SCALE-SCHEME](真残余=per-sub-block vmv.x.s extract chain+scalar ls serial·ours 10-18 vs opp 2·非 index 非 gather-width·prior scalar-index hypothesis FALSIFIED by vector-index build·真-fixable=vector-domain deferred scale reduction 8partsum→1vmul.vv→单vredsum 复刻opp) + prior-0.27-baseline-co-tenant-artifact-CORRECTION(真baseline 0.455=wide0.456·gather-widening improvement false-signal) + iq1_m-reduction-bottleneck-诊断-CORROBORATED(iq1_m 早标 micro-reduction 非 gather·本役实证同指向),iq1_s refined 具名-X(vector-index built byte-exact·未翻正 0.47·true residual isolated objdump双证·prior 2 假设/artifact 纠偏)·iq1_m 诊断 corroborated + artifact caveat·真-fixable=vector-domain deferred scale reduction(structural 非本役)·emitter reverted·tally 29/13/1 不变·★autonomous 队列 exhausted(余 q5x shape-gating + DEQ display 须用户裁),experiments/active/g8-stage3-attack/iq1s-vector-index-rvv/evidence.md,裁-G8-§六.3-iq1_s-vector-index-refined-具名-X-2026-07-15
G8-§六.3-q5@k1-e2e-transduction-WIN-独立验证-TRANSDUCE-GREEN-2026-07-15,S(系统账 e2e transduction WIN·独立验证·q5@k1 headline C1-deployed win 传导 2×·成色 beat-weak-baseline),e2e-factory(stock q5_0/q5_1 native-RVV block-dot·compute-bound/weak 5th-bit-scatter·nm-verified 真派发非稻草人),WIN-VERIFIED(q5_0 decode 1.97×/q5_1 2.07×/prefill q5_0 2.21×/q5_1 2.34×·byte-exact·deployed==proven·独立复验 CLEAN),★SURPRISING vs [CASE-MICRO-E2E] washout default·discriminator=opponent-bound-type(q5 stock compute-bound→transduces·q4_0 memory-bound→washes),[裁 G8 §六.3 q5@k1 e2e transduction·Workflow w91jl99ia·2026-07-15] decree-四 e2e 有限放行 companion 对账: headline C1-deployed q5@k1 win(selector-fix d109d6ed2·REDESIGN-B repack-GEVM·kernel-axis cold 1.76/2.24×)transduce 到真 llama e2e 吗? ★VERDICT TRANSDUCE-GREEN(非 washout·3-agent Workflow: feasibility FEASIBLE→E2E-AB→独立 Verify CONFIRMED)。dual-build-tree A/B(build-A=weft REDESIGN-B 核 df88afa3/43569a46·build-B=stock 14b6add6·仅 q5 decode 核差异·clang-18 对称=deploy-matched 无 [CASE-COMPILER-ASYMMETRY])。★数字: q5_0 decode tg 1.970×(n6 1.967-1.974)/q5_1 2.073×(n6)·prefill q5_0 2.212×(n4)/q5_1 2.344×·abs q5_0 decode stock 3.287→weft 6.480 t/s·100%-q5 tinyllama 真 llama-bench 非 projection。★★SURPRISING(vs [CASE-MICRO-E2E] decode-washout default): kernel-axis cold 1.76× 非但未 wash 反 e2e decode 放大到 1.97×。★机制(C3′ discriminator·honest): stock q5_0/q5_1 block-dot decode 在 X60 是 **compute-bound**(5th-bit qh per-bit scatter 无好 native-RVV SIMD 路·stock tg 仅 3.29/3.09 t/s 远低 ~13 memory-BW ceiling)·我方 repack-GEVM 把 qh 变 vlm mask-load + 全宽 VLEN256 vwmacc 消 compute 瓶颈→传导。**判别键=对手基线 bound-type(compute vs memory)非 format-name**: q4_0(stock 好 SIMD→decode memory-bound→G5-M2 washed 0.8165×) vs q5_0/q5_1(stock 弱→decode compute-bound→transduces)。★部署五验全 PASS(banner engage/byte-exact token-identical/真路由 objdump REDESIGN-B vlm.v指纹/反向控制 leaf-OFF decode 6.48→1.515 塌/对手真实)。★独立 Verify(a72f7b33·§四.3 复验制·fresh rebuild 未信 builder raw): OFF+ON builds BIT-IDENTICAL to builder .so(md5 match)·objdump 证 core=REDESIGN-B(vlm.v=2+vwmacc=2·非 G7-L3 bit-scatter)·byte-exact token-identical·ratio 复现 magnitude(q5_0 decode 1.904 vs 1.970 ~3.4% gap=verify 高 load loadavg5.7 weft-side·prefill 2.19 vs 2.212 matched)·caveat verify n3/n2 非 N≥10(load-limited)。★★成色 CAVEAT(honest): **beat-weak-baseline**·net-new path win(stock ZERO q5 repack·我建整 scaffold block_q5_0x16+interleaver+correctness-carrier+leaf)·~半 speedup 来自 stock q5 decode 弱/未优化(compute-bound native-RVV)=填 stock 留的 vectorization gap·非 beat-hand-tuned·对手真实(nm)故 legitimate 但 grade beat-weak-baseline。2 nits: (a) banner label 'G7-L3'≠compiled core REDESIGN-B(objdump 指纹已证·label≠core) (b) prefill 用 G7-L3 emitted GEMM(selector-fix d109d6ed2 decode-only)·仅 decode 用 REDESIGN-B GEVM。,n_a(系统账 e2e transduction WIN·decree-四 companion·独立验证·非 triage),"experiments/active/g8-stage3-attack/q5k1-e2e/{evidence.md,feasibility.md,raw/{q50,q51}_{decode,prefill},raw/verify} + Workflow w91jl99ia",q5@k1-e2e-TRANSDUCE-GREEN(headline C1-deployed win 传导 2× e2e decode+prefill·byte-exact·独立验证 bit-identical rebuild·deployed==proven ROCK-SOLID) + [DISCRIMINATOR-OPPONENT-BOUND-TYPE](kernel win transduces IFF opponent compute-bound·washes IFF memory-bound·q5 stock 5th-bit-scatter compute-bound→传导·q4_0 good-SIMD memory-bound→G5-M2 washout·C3′ mechanism 判别键) + 成色-beat-weak-baseline(stock q5 decode 弱/net-new-path·real opponent·非 beat-hand-tuned) + 2-nits(banner-label-G7-L3≠REDESIGN-B-core·prefill-G7-L3-GEMM),e2e transduction WIN 独立验证 CONFIRMED(perf_covered_unfreeze_candidate=True)·★perf-covered k1-engine 扩展(schema 现 rvv+ime 无 k1·加 q5_0/q5_1@k1 green=denominator 83→85)=headline-def canon **须用户裁**·未自决扩(与 q5x shape-gating·DEQ display 并列 3 canon 须裁)·记 T8/casefile/memory·成色 beat-weak-baseline,experiments/active/g8-stage3-attack/q5k1-e2e/evidence.md + verify a72f7b33 CLEAN(deployed_proven/ratio_reproduced/transduction 全 confirmed),裁-G8-§六.3-q5@k1-e2e-transduction-WIN-独立验证-2026-07-15
q5-k1-C1-selector-decode-transduction-FLAGSHIP,B1(system-account-e2e·flagship),factory-block-dot(stock q5 block-dot·k1 compute-bound·5th-bit qh 无好 native-RVV SIMD·3.29 t/s),win,★C1 headline novelty 兑现旗舰案例·与 q5@rvv prefill-green 构成双板绿×双轴(prefill rvv + decode k1)·收口令〇.2,C1 per-format measured-gate selector 修复(blanket-q4_0-key→measured-gate·zero format-name·mirrors IME wide-vmadot)→kernel repack-GEVM 1.760×(q5_0)/2.241×(q5_1)→e2e decode 1.97×/2.07× + prefill 2.21-2.34×·全链 byte-exact·deployed==proven bit-identical,win-not-gap,commit d109d6ed2(selector-fix)+a6fdf1a3(独立复验 CLEAN)+w91jl99ia(e2e transduction 3-agent 独立 Verify all-4-gates),[DISCRIMINATOR-OPPONENT-BOUND-TYPE](kernel算力赢 transduces IFF 对手 compute-bound·washes IFF memory-bound)+C1-per-format-measured-gate(能力键控 deploy 2 wins from 1 key),sealed-flagship-c1-deployed,a6fdf1a3(from-source-rebuild CLEAN·keying-legit 非马甲)+w91jl99ia(e2e 2× 独立验证),g8-master-rebuild-v2-single-denom
